turbine_temp_c,oil_pressure_psi,vibration_hz,fuel_flow_rate,exhaust_gas_temp_c,fan_speed_rpm,compressor_ratio,n1_speed_pct,label
907.09,46.85,114.63,2112.32,609.74,3162.39,28.12,87.03,0
882.05,53.83,109.73,2259.65,616.85,3223.17,28.81,84.91,0
825.59,47.51,131.77,2593.96,639.06,3080.81,27.48,86.88,0
864.09,59.16,125.25,2394.43,590.5,3148.15,27.24,87.95,0
833.7,47.05,129.33,2238.38,579.89,3143.67,28.12,85.89,0
870.14,62.76,116.63,2168.34,607.41,3140.85,29.84,89.97,0
883.84,45.11,111.78,2331.49,616.82,3119.82,26.74,88.27,0
853.14,55.82,130.3,2232.82,585.57,3184.45,28.55,89.71,0
829.81,57.05,137.37,2112.41,626.38,3202.45,27.05,90.11,0
839.15,60.81,122.33,2315.9,607.02,3310.89,27.37,89.88,0
883.18,53.34,112.48,2095.02,576.56,3374.23,25.16,84.0,0
867.66,47.7,121.83,2223.31,617.5,3189.35,27.89,87.66,0
844.26,57.23,110.93,2475.38,636.87,3292.77,29.02,90.62,0
906.31,49.71,111.83,2223.14,623.16,3118.64,29.39,85.93,0
905.09,52.93,111.58,2119.7,657.48,3212.09,29.07,85.84,0
834.16,56.79,112.52,2382.6,590.38,3150.02,27.97,87.23,0
828.34,56.07,120.58,2207.35,575.5,3197.12,29.45,86.75,0
853.45,47.18,113.47,2060.84,638.08,3296.32,28.72,84.91,0
841.89,51.92,143.75,1927.93,602.45,3323.64,30.98,90.88,0
928.79,58.3,129.25,2333.08,607.63,3128.32,27.9,90.89,0
895.49,58.79,113.16,2220.03,588.9,3245.7,25.85,93.73,0
880.78,58.1,125.82,2179.92,631.95,3306.64,26.02,86.79,0
855.44,48.96,112.05,2396.14,624.14,3196.09,27.38,92.2,0
864.72,58.17,122.55,2120.46,575.66,3274.12,28.67,92.5,0
853.44,53.97,118.83,2208.35,635.99,3227.61,28.31,90.87,0
836.24,55.63,138.38,2154.07,648.51,3315.01,28.37,83.5,0
851.55,53.09,122.09,2010.44,647.51,3288.71,28.48,88.46,0
935.36,56.24,105.1,1896.07,660.0,3278.57,27.31,83.93,0
828.58,63.2,120.86,1876.09,646.43,3250.94,27.74,87.0,0
823.69,53.65,112.56,2106.81,631.98,3095.25,27.48,86.25,0
801.55,56.22,100.34,2184.74,652.67,3138.55,26.93,92.76,0
819.58,54.45,100.11,2466.72,609.14,3272.16,29.14,87.69,0
1077.44,57.83,109.59,2476.16,833.22,3497.23,31.2,94.0,1
845.36,55.37,124.39,2439.89,637.88,3074.36,26.09,84.94,0
830.65,52.29,108.96,2277.07,653.37,3205.72,26.66,91.58,0
826.62,56.95,110.47,2163.56,636.29,3194.53,27.04,90.69,0
782.22,49.79,122.36,2395.89,644.82,3098.29,28.18,82.34,0
821.13,49.13,125.76,2503.46,597.07,3118.23,30.0,87.63,0
881.18,54.57,100.83,2189.0,618.75,3003.29,27.06,91.32,0
901.02,62.51,96.85,2204.88,617.54,3260.24,28.65,94.5,0
849.64,53.32,114.23,2096.08,644.84,3185.61,27.89,85.59,0
891.06,55.25,113.66,2477.34,638.45,3051.31,29.55,90.27,0
764.15,58.82,113.37,1892.88,566.77,3228.93,29.54,92.63,0
808.96,47.4,126.16,2306.69,631.28,3180.94,26.75,86.4,0
857.25,50.26,115.28,2116.13,595.33,3168.98,28.52,86.96,0
865.97,53.82,125.25,2188.01,593.05,3204.79,29.51,86.46,0
886.43,57.63,105.76,2206.8,625.36,3308.03,28.21,87.78,0
868.09,57.74,134.21,2122.79,613.78,3206.31,26.91,85.37,0
875.85,52.66,119.24,2002.51,653.68,3227.66,28.5,89.98,0
874.18,46.37,121.78,2350.34,637.12,3105.1,28.38,84.94,0
861.05,53.39,135.9,2030.57,623.45,3195.28,27.43,87.89,0
826.76,63.16,126.91,2260.62,618.12,2988.9,27.43,89.36,0
822.88,48.39,104.98,2268.17,617.38,3187.95,27.88,91.25,0
873.55,58.63,108.71,2415.07,649.83,3173.1,29.45,86.35,0
847.15,58.04,177.43,2430.36,626.57,3411.9,31.04,95.22,1
889.84,58.13,117.59,2238.96,617.32,3341.45,29.67,86.91,0
857.34,33.04,155.16,2214.4,601.77,3213.32,25.72,81.74,1
837.65,57.4,92.77,2099.48,633.89,3198.27,28.22,90.86,0
810.32,53.61,108.56,2010.41,626.36,3178.21,29.08,85.58,0
857.59,57.46,103.05,2252.45,613.43,3173.88,28.19,92.66,0
849.16,49.26,120.3,2179.73,593.47,3227.02,27.58,89.11,0
895.14,50.26,133.32,2179.53,609.56,3048.22,26.9,91.07,0
841.19,55.5,127.53,2280.23,609.4,3206.8,27.97,89.3,0
901.18,70.51,119.66,2025.86,620.39,3181.64,27.84,94.32,0
868.73,54.79,161.51,2126.1,646.22,3241.84,28.65,93.39,0
829.93,62.6,114.72,2154.73,590.95,3336.09,27.9,87.65,0
851.19,61.32,112.42,2184.83,621.25,3323.87,26.82,86.65,0
849.06,53.7,112.06,2272.5,601.52,3321.47,29.03,91.29,0
860.1,45.32,103.46,2259.89,586.82,3268.65,30.17,87.73,0
837.79,47.93,109.62,2440.33,652.05,3302.06,30.75,88.26,0
883.68,59.87,111.19,2601.48,645.92,3041.41,26.93,92.42,0
834.32,60.08,126.53,2384.69,627.72,3237.7,28.89,88.89,0
814.46,59.41,113.18,2082.33,644.53,3139.83,29.72,87.03,0
905.11,46.63,120.73,2221.73,622.12,3232.31,27.7,90.31,0
827.04,58.67,112.91,2432.45,609.9,3215.24,29.94,93.53,0
874.35,53.36,123.71,2525.03,570.31,3245.15,27.29,84.17,0
823.95,53.78,130.21,2077.61,665.67,3093.97,29.33,84.84,0
886.99,54.05,122.07,1941.28,646.81,3238.73,26.77,91.95,0
889.66,61.18,120.57,2311.04,689.4,3183.33,30.85,88.32,0
868.06,52.93,126.22,2251.07,612.36,3216.15,29.64,89.71,0
839.36,55.2,109.39,2181.8,577.47,3212.07,28.8,94.28,0
817.74,48.81,116.36,2019.99,612.21,3272.26,31.44,89.24,0
934.29,53.99,123.49,2137.04,650.01,3282.06,28.52,86.29,0
898.51,57.79,120.07,2085.87,621.65,3356.11,27.17,93.11,0
860.05,64.96,105.17,2048.75,640.93,3065.29,27.69,91.07,0
839.36,48.94,116.4,2168.47,659.89,3193.06,29.14,92.26,0
828.92,62.29,102.17,2034.92,648.5,3259.24,29.36,86.29,0
830.33,63.95,116.92,2234.12,597.17,3240.14,28.22,92.56,0
866.0,55.94,117.81,2405.29,553.07,3225.14,26.48,87.84,0
898.48,60.9,124.51,2255.15,601.79,3188.08,27.42,86.23,0
829.91,45.78,115.65,1902.44,641.07,3258.57,27.77,83.71,0
824.03,60.06,116.36,2099.73,629.42,3290.72,28.4,85.63,0
844.01,61.17,129.53,2429.28,591.72,3336.49,29.27,89.68,0
841.1,43.21,121.86,2062.07,652.62,3237.0,29.52,88.22,0
848.09,45.72,128.16,2136.5,626.9,3274.35,27.78,86.86,0
845.1,55.04,109.42,2055.59,619.1,3053.86,25.95,89.48,0
824.18,57.04,111.4,2090.74,597.08,3132.52,29.15,88.82,0
808.09,50.8,123.52,2025.1,646.07,3323.43,29.38,88.12,0
838.05,51.98,162.25,2021.57,705.67,3442.02,25.41,89.7,1
851.68,49.63,121.76,1985.33,595.47,3070.8,27.85,87.53,0
849.5,50.41,94.66,2014.4,591.87,3112.7,29.14,88.86,0
819.93,53.01,117.03,2490.78,623.99,3211.76,26.74,84.62,0
838.84,59.23,130.49,2601.97,579.63,3180.6,28.78,84.39,0
803.73,52.79,142.88,2276.13,609.82,3209.34,30.11,85.75,0
825.86,54.28,131.58,2276.37,599.23,3064.55,27.67,89.44,0
817.87,54.41,139.74,1928.4,671.86,3160.64,29.37,84.05,0
844.75,52.7,111.08,2158.2,637.79,3025.34,26.9,86.2,0
887.11,58.54,113.4,2032.11,594.77,3150.54,28.4,88.25,0
806.1,54.22,124.32,2212.79,577.31,3050.37,28.6,84.47,0
868.15,51.41,104.67,2240.88,644.76,3150.21,26.38,89.04,0
819.14,53.23,138.48,2183.49,670.06,3204.85,30.03,90.82,0
831.51,52.75,117.84,2175.19,594.8,3132.99,27.95,88.42,0
782.89,58.28,126.08,2233.12,607.24,3318.49,30.3,91.88,0
871.12,56.96,121.85,2166.67,614.31,3210.8,30.35,88.52,0
878.76,58.48,104.39,2177.65,641.88,3164.1,30.15,87.37,0
901.86,57.53,126.3,2406.92,645.95,3332.51,29.41,88.43,0
893.22,52.08,114.1,2352.84,616.46,3171.61,27.34,85.74,0
838.66,58.71,134.55,2085.66,666.46,3194.18,29.6,89.8,0
838.92,51.55,125.29,2036.43,597.6,3135.81,29.76,89.16,0
852.69,54.55,109.29,1952.89,592.98,3090.67,28.46,90.39,0
810.39,52.34,115.0,2040.42,608.29,3208.1,27.75,86.91,0
859.58,50.62,96.66,2493.68,610.88,3103.29,27.16,88.27,0
851.95,58.15,108.14,1975.06,602.24,3226.42,29.01,83.9,0
832.11,49.27,121.74,2478.98,637.43,3176.05,29.9,90.24,0
841.45,60.98,140.4,2058.94,618.72,3084.09,30.65,89.47,0
842.42,55.58,131.23,2254.22,654.12,3169.82,29.31,88.04,0
831.96,47.73,123.08,1964.03,603.07,3111.77,28.61,86.48,0
842.14,57.24,134.17,2057.45,635.47,3188.7,28.38,85.02,0
834.0,62.41,129.35,2145.26,629.14,3202.15,28.27,84.64,0
889.87,55.9,118.11,2225.8,593.14,3338.31,28.25,86.84,0
842.4,44.36,114.42,2119.64,606.81,3178.97,26.53,90.27,0
791.96,54.17,130.46,2231.46,609.23,3204.0,29.77,89.21,0
925.96,53.55,105.24,2242.11,660.73,3272.71,25.23,88.09,0
794.42,58.64,128.86,2165.39,607.23,3329.52,25.19,81.15,0
847.86,58.56,126.76,2367.18,597.79,3179.85,29.12,84.28,0
866.15,60.02,127.04,2254.54,606.89,3145.59,29.68,87.95,0
822.61,60.62,108.78,2358.17,647.27,3224.7,27.74,86.12,0
877.49,61.03,111.99,2183.61,654.74,3309.7,29.74,87.47,0
879.48,55.35,136.79,1919.48,611.45,3129.3,28.23,88.87,0
795.76,49.96,138.39,2180.51,637.26,3216.88,29.2,90.28,0
846.71,58.92,113.73,2438.78,572.24,3292.78,28.96,91.13,0
810.36,53.04,116.0,1940.97,661.0,3150.79,28.28,90.08,0
856.73,57.12,103.96,2342.88,624.18,3377.17,30.15,90.65,0
858.34,51.87,118.66,2077.15,576.47,3192.68,28.84,86.39,0
858.32,47.25,127.91,2245.65,615.13,3327.23,28.35,88.18,0
827.44,63.11,120.41,2033.87,581.98,3152.89,28.29,88.77,0
829.66,57.19,125.06,2308.53,607.98,3161.51,26.31,86.3,0
858.29,52.26,118.72,2188.09,645.51,3094.63,28.93,86.5,0
823.08,54.31,105.95,2440.18,597.17,3245.05,28.14,86.58,0
847.46,54.28,131.52,2101.58,613.05,3238.84,27.89,82.21,0
820.85,52.2,110.17,2379.27,614.43,3200.27,27.48,83.49,0
918.32,51.77,125.44,2134.61,591.66,3293.04,29.45,88.48,0
865.73,62.96,113.06,1683.31,605.61,3108.92,28.14,85.64,0
821.64,53.13,144.83,1988.64,607.12,3208.59,29.6,83.61,0
803.03,60.07,118.25,2281.31,608.09,3273.91,28.1,89.83,0
829.87,62.03,117.96,2171.44,654.94,3223.14,30.57,88.96,0
784.41,65.24,109.69,2000.14,630.53,3268.18,29.09,88.35,0
848.41,59.44,97.81,2264.71,600.54,3241.42,27.86,80.96,0
848.42,52.75,101.24,2055.28,593.13,3097.85,28.23,85.79,0
817.2,55.62,108.53,2220.52,594.0,3252.51,27.63,89.54,0
888.6,61.05,115.89,2333.85,602.96,3346.5,29.11,92.3,0
837.63,58.18,113.29,2150.81,618.89,3265.51,29.95,84.67,0
829.32,59.78,133.05,2197.64,642.57,3172.25,27.63,91.02,0
819.53,49.0,118.22,2489.28,603.8,3265.89,29.45,85.53,0
802.96,57.87,127.29,2344.72,604.38,3302.57,25.82,92.53,0
868.33,59.01,127.64,2379.12,569.79,3285.68,27.34,89.75,0
853.21,49.44,108.92,2039.68,653.03,3198.47,29.65,90.61,0
853.86,59.94,123.02,2251.67,614.94,3144.04,27.65,89.02,0
862.92,62.16,126.89,2122.7,610.63,3242.47,29.44,89.23,0
849.79,57.75,141.59,2159.27,656.24,3125.83,27.8,82.4,0
860.03,59.01,118.18,2206.78,586.22,3285.13,27.7,89.82,0
847.36,54.62,127.87,2215.88,612.34,3272.27,28.71,91.38,0
830.0,61.63,102.87,2239.69,620.84,3129.63,28.48,83.74,0
858.57,49.52,130.07,2175.17,620.64,3242.76,29.84,91.32,0
820.54,54.41,117.04,2154.24,604.32,3010.62,29.24,82.83,0
799.53,50.66,104.31,2434.72,633.78,3155.66,28.75,88.16,0
805.43,56.02,101.07,2176.55,594.2,3193.67,29.17,86.82,0
876.16,49.79,130.97,2294.21,643.11,3285.36,28.88,82.1,0
897.25,52.28,99.24,2257.58,636.34,3199.38,28.6,87.54,0
830.32,57.31,127.77,2233.0,606.49,3202.82,30.54,90.65,0
840.72,58.8,113.17,2062.83,637.57,3370.18,28.65,89.65,0
882.27,48.87,105.61,2316.14,594.8,3244.23,29.24,84.65,0
776.47,55.04,118.85,1881.16,629.31,3257.21,29.41,86.05,0
840.61,59.98,134.26,2167.88,658.57,3342.66,28.75,85.27,0
786.7,49.61,110.77,2398.74,632.41,3132.76,30.96,87.1,0
864.16,58.5,113.42,2153.93,666.74,3227.73,28.58,83.09,0
866.41,53.15,104.56,1963.51,582.95,3141.13,26.34,87.22,0
881.35,57.6,131.68,2469.65,666.48,3126.01,29.49,88.8,0
889.62,51.22,107.22,2030.95,610.98,3112.13,29.21,95.04,0
847.18,50.17,108.56,2147.29,627.56,3206.3,27.6,86.59,0
866.62,60.89,128.61,2320.01,574.71,3212.96,27.07,92.62,0
918.99,50.44,129.25,2357.6,638.42,3257.67,28.36,84.61,0
871.43,58.55,125.73,2202.49,600.83,3261.74,28.85,82.55,0
821.34,51.78,113.27,2398.35,618.25,3232.75,31.07,86.91,0
810.33,49.68,104.61,2309.81,648.23,3236.89,28.08,87.41,0
803.79,56.07,124.58,2366.29,645.55,3110.08,28.52,90.22,0
867.73,56.19,117.07,2135.57,644.1,3214.54,29.46,88.91,0
859.72,52.58,135.47,2264.54,573.51,3189.15,28.42,90.8,0
905.12,56.57,120.74,2229.97,606.45,3208.25,29.06,88.47,0
868.55,46.09,125.3,2165.88,565.89,3242.95,27.63,91.48,0
839.95,51.33,132.78,2230.76,635.05,3241.55,30.74,85.11,0
902.79,58.68,123.58,2351.88,578.15,3156.52,28.6,86.13,0
826.02,57.17,106.06,1937.96,659.07,3308.58,28.07,84.45,0
778.66,57.43,128.16,2365.73,606.27,3194.05,29.72,92.05,0
866.36,52.9,137.6,2146.76,618.77,3126.03,28.43,87.42,0
850.16,57.02,120.67,2124.48,618.81,3117.87,30.35,85.07,0
895.06,39.69,125.37,2337.75,627.13,3192.91,30.01,86.71,0
834.8,51.79,96.79,2221.27,625.61,3135.56,29.53,90.55,0
848.93,50.12,119.13,2040.98,609.21,3231.49,26.93,91.35,0
803.11,53.98,131.62,2419.35,634.58,3164.09,27.08,90.86,0
816.32,55.16,120.79,2257.1,647.73,3128.65,27.92,86.28,0
851.98,61.36,116.29,2122.46,662.7,2964.52,28.71,88.57,0
811.73,54.49,128.23,2225.9,614.97,3124.61,28.52,92.09,0
854.5,56.23,111.7,2114.91,635.02,3261.62,31.62,87.11,0
868.03,61.87,121.32,2220.39,608.9,3175.85,28.7,93.42,0
859.85,56.26,125.88,2111.94,600.47,3278.1,28.67,83.26,0
872.33,48.56,110.91,2112.17,624.28,3268.51,27.91,91.39,0
849.19,44.3,131.44,2036.85,608.13,3351.14,27.82,85.6,0
868.03,51.32,111.01,2346.56,623.41,2988.52,30.29,86.54,0
841.63,50.65,227.19,2423.41,650.28,3253.85,28.74,88.99,1
870.06,49.85,111.95,2079.15,569.22,3277.7,28.6,84.44,0
860.36,62.04,206.21,2299.14,632.2,3312.69,28.11,90.1,1
850.19,60.63,145.74,2181.83,564.76,3223.8,29.95,87.91,0
873.6,42.87,109.69,2431.13,635.32,3300.79,29.9,89.56,0
874.71,51.16,118.17,2562.32,640.39,3192.68,27.83,89.8,0
803.52,48.09,137.94,2256.39,610.28,3223.94,28.58,89.53,0
814.7,50.12,130.72,2219.95,592.43,3328.86,31.22,80.45,0
826.71,52.25,132.72,2018.56,567.43,3134.39,29.03,91.14,0
834.78,47.17,106.24,2278.59,601.38,3144.11,28.09,93.07,0
848.81,62.85,120.27,2173.59,634.66,3295.5,28.15,85.89,0
866.76,52.48,128.67,2273.36,590.78,3133.36,28.4,84.08,0
866.22,55.05,116.15,2049.67,622.96,3192.99,28.2,86.59,0
885.69,50.94,125.81,2066.9,628.8,3059.21,28.54,87.55,0
853.81,49.16,118.79,2070.77,596.45,3107.35,27.77,86.15,0
860.34,59.94,123.87,2318.84,638.9,3226.06,27.78,87.75,0
852.39,64.18,117.53,2125.18,599.58,3242.05,28.29,84.57,0
832.51,59.82,123.41,2236.67,639.37,3135.28,28.7,91.01,0
842.36,53.68,119.47,2134.42,678.89,3159.73,28.12,85.76,0
861.78,60.28,107.02,2022.35,597.08,3138.4,27.65,88.41,0
821.78,54.85,121.89,2070.34,614.58,3331.09,28.5,83.5,0
838.61,63.44,118.09,2290.91,624.7,3042.28,26.61,87.96,0
812.67,53.44,128.95,2333.64,671.41,3101.59,27.0,88.82,0
858.88,56.75,119.97,2349.56,611.83,3210.21,28.6,85.75,0
863.57,54.74,99.81,2044.14,633.83,3128.08,27.17,94.95,0
844.34,53.53,137.1,2255.03,604.12,3236.05,30.85,91.42,0
818.93,59.96,118.2,2172.52,625.66,3030.43,30.26,88.93,0
847.05,52.53,123.71,1888.92,642.5,3168.11,27.12,87.69,0
850.13,54.01,117.49,2375.44,613.33,3255.12,29.09,87.61,0
847.43,63.53,118.97,1890.0,599.37,3303.41,27.25,87.35,0
792.53,45.93,104.75,2392.19,656.72,3243.83,28.34,90.78,0
860.21,60.37,113.8,2267.21,590.63,3320.77,27.89,83.34,0
850.96,47.89,122.12,2285.8,654.55,3236.92,28.43,85.32,0
864.39,63.78,117.58,2160.71,642.24,3221.61,28.59,88.87,0
825.67,47.87,131.65,2168.82,601.47,3312.31,27.32,96.33,0
808.28,52.59,116.98,2062.45,619.25,3266.28,27.1,87.15,0
843.88,54.19,117.3,2367.01,617.68,3231.97,27.53,84.93,0
920.79,59.85,120.28,2191.7,573.16,3250.51,28.48,85.41,0
828.22,54.05,120.43,2042.49,603.61,3224.62,27.55,88.67,0
854.37,52.97,125.8,2503.13,619.78,3293.9,29.02,91.7,0
848.15,60.16,113.71,2299.2,638.17,3271.75,28.76,93.53,0
899.21,63.05,120.27,1919.0,611.23,3168.29,27.25,87.41,0
814.45,53.99,123.64,1876.34,618.91,3263.63,28.96,88.01,0
837.0,54.99,108.61,2378.25,597.15,3174.02,28.75,88.94,0
836.46,56.87,126.42,2024.26,628.83,3267.47,27.18,86.27,0
819.24,51.5,121.18,2258.32,601.77,3381.65,27.98,89.39,0
836.17,56.05,115.37,2036.38,611.02,3076.48,31.12,89.19,0
1058.47,43.96,133.55,2360.44,719.72,3467.59,34.43,103.3,1
864.56,56.49,118.2,2481.36,627.97,3276.91,28.91,91.96,0
831.34,61.39,106.11,2197.96,618.62,3170.48,26.87,86.21,0
854.58,39.45,122.0,2246.64,577.47,3242.06,29.07,84.5,0
832.12,55.33,107.22,2493.23,618.53,3143.36,25.83,86.32,0
888.1,55.95,106.84,2260.08,638.96,3234.87,28.65,89.77,0
791.89,48.16,120.03,2428.77,600.19,3240.85,26.82,91.68,0
850.29,54.84,114.89,2374.75,653.29,3182.88,28.62,95.49,0
876.37,58.11,134.86,1985.83,636.11,3283.44,27.25,86.38,0
860.89,49.47,108.83,2265.87,627.3,3298.72,27.79,86.36,0
812.24,61.72,111.09,2087.14,615.75,3207.68,30.6,89.25,0
842.63,50.97,120.8,2408.93,578.7,3349.6,27.71,84.22,0
782.45,57.85,144.1,2205.26,612.74,3141.0,28.7,86.33,0
879.83,54.56,126.39,2128.44,625.78,3222.48,27.85,81.48,0
881.37,54.81,125.16,2288.41,612.61,3172.29,28.7,90.93,0
838.67,61.0,101.06,2171.81,639.29,3183.61,27.06,91.19,0
827.13,54.67,116.44,2271.92,595.35,3170.88,27.73,90.16,0
798.88,57.78,140.3,2575.59,668.14,3047.31,30.84,89.02,0
818.13,59.07,118.35,2359.35,591.9,3241.91,27.63,88.28,0
877.0,49.32,121.08,2222.3,589.64,3212.94,29.99,89.13,0
818.09,62.43,114.62,2279.78,619.32,3222.61,30.02,86.45,0
861.67,59.51,113.5,2163.62,598.54,3108.42,29.29,88.32,0
848.83,63.93,114.49,2134.93,625.74,3113.83,30.12,83.24,0
886.08,56.78,108.02,2099.99,575.69,3143.22,29.54,87.26,0
862.61,61.97,127.28,2180.06,601.92,3223.65,29.92,85.63,0
903.47,61.07,115.88,2116.46,645.57,3248.98,30.62,86.56,0
911.58,52.58,114.33,1824.48,607.15,3384.21,29.13,94.59,0
809.14,51.06,107.24,2232.57,586.47,3082.61,29.04,90.44,0
860.17,57.31,102.96,2234.81,617.39,2996.1,28.03,83.24,0
848.12,57.4,122.54,2203.98,584.75,3188.76,28.13,88.55,0
875.25,49.0,121.81,2276.83,619.7,3213.56,28.15,87.36,0
889.29,52.33,113.32,2060.74,619.02,3160.63,29.63,89.31,0
908.64,49.09,117.54,2158.15,649.14,3125.49,29.72,85.08,0
827.62,57.4,124.42,2239.65,620.67,3278.35,28.07,86.17,0
877.81,53.42,128.21,2156.89,647.51,3302.85,27.4,93.6,0
798.18,52.84,118.82,2229.78,649.28,3314.48,28.1,89.54,0
825.17,58.53,110.02,2092.58,627.93,3122.59,29.17,87.94,0
879.22,56.85,135.4,2097.84,650.99,3161.09,27.04,88.45,0
796.69,49.36,110.77,2349.87,611.96,3229.03,28.12,91.88,0
855.28,29.75,118.36,1996.29,611.29,2972.96,25.89,88.19,1
853.29,57.8,108.19,2215.04,643.0,3339.05,29.24,88.02,0
853.56,55.79,93.45,2229.61,593.07,3322.05,30.85,86.53,0
868.94,51.61,116.75,2527.08,619.16,3209.41,27.63,85.8,0
859.06,60.74,130.1,2122.53,641.67,3237.69,29.13,86.64,0
903.32,51.57,129.8,2276.71,588.06,3191.26,30.83,89.43,0
873.54,52.38,122.3,2358.55,592.46,3145.4,30.19,84.37,0
819.03,62.2,118.19,2161.07,628.23,3201.92,27.3,88.38,0
886.18,43.8,97.9,2387.79,620.82,3247.57,30.38,87.79,0
861.89,53.72,120.41,2401.84,627.01,3145.98,27.15,86.34,0
844.28,61.52,115.37,1996.26,583.65,3157.18,30.93,87.69,0
910.11,51.36,116.91,2439.62,647.58,3364.06,27.48,89.62,0
824.48,54.14,130.92,2194.56,661.13,3183.46,28.67,85.33,0
882.75,57.11,99.16,2427.74,637.69,3121.5,30.36,90.13,0
827.14,55.17,114.96,2377.97,559.7,3149.44,27.34,91.6,0
842.44,46.37,113.14,1951.26,653.49,3191.11,28.31,81.29,0
858.65,53.63,117.47,1819.52,621.88,3139.03,31.21,93.15,0
840.79,54.91,125.89,2214.66,583.26,3127.22,29.06,87.9,0
887.77,20.67,147.24,2264.47,637.96,3347.51,28.06,84.21,1
872.92,43.07,106.05,2348.21,636.23,3254.9,29.58,83.72,0
857.03,47.41,111.27,2156.15,628.36,3215.31,28.8,86.89,0
866.53,62.73,132.24,2279.38,635.4,3287.05,27.08,86.84,0
851.16,50.86,120.77,2277.88,600.22,3219.27,29.01,87.14,0
869.05,50.52,115.42,2202.04,629.71,3166.71,26.44,85.33,0
814.35,65.71,119.09,2258.08,612.23,3208.62,30.29,85.86,0
853.05,44.04,116.37,2075.7,614.24,3268.44,27.55,86.1,0
819.3,49.47,123.98,2108.76,615.91,3077.93,30.34,84.26,0
819.62,58.81,125.86,2112.71,647.61,3316.68,28.31,88.4,0
837.75,65.42,113.59,2155.96,610.23,3220.47,28.76,82.95,0
857.51,61.35,109.34,2126.05,603.97,3241.07,26.98,92.66,0
848.83,50.88,121.72,2220.5,665.03,3091.52,28.61,86.62,0
834.36,69.98,131.45,2251.48,620.97,3308.63,28.82,92.78,0
854.05,53.43,107.23,2312.74,670.78,3214.15,27.36,84.99,0
838.16,52.79,129.97,2386.11,562.16,3171.75,31.0,90.68,0
839.47,59.42,124.6,2237.91,638.8,3187.83,28.49,98.43,0
847.2,44.91,125.4,2261.26,620.75,3078.03,28.93,85.7,0
805.88,56.57,109.79,2131.27,621.59,2997.68,28.46,84.24,0
826.95,60.61,132.24,2278.33,594.7,3177.03,28.01,88.92,0
860.2,58.39,117.56,2523.29,604.67,3174.38,27.98,90.42,0
865.07,33.38,140.19,2065.04,647.41,3023.75,25.57,81.53,1
809.23,53.9,112.73,1889.99,600.65,3202.5,30.13,90.45,0
852.92,57.83,125.67,1978.27,600.39,3162.43,29.61,88.33,0
844.48,54.99,121.06,2210.14,616.33,3128.12,27.22,92.02,0
891.02,57.22,112.99,2173.24,604.6,3116.67,27.34,88.4,0
901.18,47.99,129.67,1971.83,642.59,3287.79,25.18,92.53,0
820.06,53.48,112.27,2428.25,527.5,3141.83,27.07,88.15,0
821.23,54.2,120.72,1882.97,646.21,3198.41,29.49,87.75,0
844.3,51.05,119.71,2415.81,588.32,3092.09,27.7,91.67,0
832.24,63.09,99.49,2423.05,619.84,3370.53,28.45,85.57,0
798.88,53.66,112.51,2179.1,572.5,3214.43,29.64,89.58,0
829.84,52.61,115.4,2056.47,630.13,3199.41,29.38,86.85,0
842.16,61.06,113.88,2176.67,630.4,3282.39,29.37,87.03,0
864.89,49.59,119.68,2398.78,628.65,3093.9,30.3,91.55,0
856.73,54.25,111.0,2076.74,592.57,3208.12,28.26,90.87,0
778.17,46.74,143.52,2166.62,626.82,3297.48,26.48,87.21,0
813.16,56.24,128.71,2391.26,590.9,3053.9,27.46,86.82,0
856.6,55.34,113.53,2229.36,663.82,3200.1,29.71,87.34,0
862.22,45.25,124.65,2150.43,572.85,3252.38,28.91,85.12,0
863.38,49.1,141.73,2156.43,628.54,3149.46,26.44,81.77,0
871.36,56.02,141.12,2051.55,603.68,3042.55,26.9,87.11,0
879.09,52.01,109.18,2348.45,636.24,3412.88,27.8,90.43,0
861.86,57.12,111.71,2214.66,595.26,3129.04,28.67,79.11,0
867.95,58.16,117.89,2353.3,607.34,3294.95,28.02,87.22,0
892.71,57.36,121.5,2254.66,640.69,3133.3,29.64,90.1,0
1009.06,46.53,113.17,2690.09,777.09,3384.98,32.05,97.02,1
861.26,47.01,121.7,2495.45,612.81,3189.73,30.71,85.61,0
814.71,52.18,125.53,2136.61,618.39,3155.66,27.24,91.81,0
845.88,52.4,133.84,2048.98,631.81,3419.87,27.16,89.83,0
882.68,46.35,118.04,2058.58,642.44,3074.78,26.67,88.97,0
874.28,57.82,107.92,2103.03,637.74,3175.55,28.32,84.72,0
830.72,52.5,133.97,2345.19,619.11,3063.7,25.59,88.26,0
856.26,59.25,118.41,2232.17,635.75,3066.27,27.22,89.7,0
856.04,59.68,121.89,2277.17,618.83,3105.51,26.39,93.81,0
801.13,63.79,129.39,2299.02,638.65,3376.67,28.76,87.32,0
856.66,53.95,108.93,2366.66,629.76,3264.2,30.48,84.96,0
862.33,55.08,110.57,2329.13,625.4,3269.95,29.41,87.4,0
847.29,57.39,127.48,2001.3,590.8,3292.78,27.34,87.84,0
796.4,55.51,119.24,2220.8,645.81,3241.1,28.99,81.56,0
839.9,59.06,108.34,2020.84,654.43,3213.38,29.2,87.29,0
801.99,52.46,98.96,1948.19,619.91,3258.92,28.31,88.14,0
842.3,53.65,115.87,2325.89,602.54,3252.57,29.64,85.53,0
875.99,50.78,123.28,2413.73,637.34,3194.77,28.88,90.31,0
931.32,54.83,119.17,2061.81,622.94,3061.9,28.58,88.78,0
879.69,57.9,126.36,2260.64,605.34,3347.79,27.81,85.12,0
822.37,57.44,111.97,2404.64,635.54,3287.65,28.64,85.3,0
897.2,53.81,116.83,2106.16,605.72,3249.75,28.55,91.57,0
890.51,56.0,111.81,2249.18,606.22,3206.65,27.38,90.46,0
841.54,68.28,124.95,2343.23,603.49,3334.15,28.49,88.15,0
886.96,54.28,118.85,1925.62,597.05,3246.64,30.15,88.73,0
858.68,60.81,122.83,2274.95,644.13,3243.43,29.79,88.24,0
851.38,51.56,128.53,2328.67,633.79,3181.86,27.2,88.52,0
847.61,53.54,102.13,2497.93,635.84,3391.33,28.91,89.79,0
907.49,58.4,129.58,2328.49,647.99,3213.74,28.08,85.19,0
839.28,56.28,124.91,2438.46,674.63,3181.25,30.55,93.26,0
860.7,59.08,116.99,2366.6,619.69,3296.88,28.73,87.6,0
903.14,57.01,114.08,2108.62,575.37,3179.92,27.53,86.12,0
820.13,64.86,118.99,2680.04,640.49,3166.68,30.68,91.22,0
890.87,54.09,113.35,2248.71,600.2,3156.52,28.63,86.3,0
816.04,49.46,122.12,2348.52,614.09,3269.02,28.11,89.63,0
840.39,49.51,118.44,2340.34,625.29,3376.21,29.59,88.7,0
874.73,54.48,112.34,1939.67,590.34,3113.48,28.13,83.14,0
859.61,49.19,118.29,2274.34,577.19,3195.9,29.1,85.84,0
797.3,52.76,110.8,2665.1,613.44,3203.7,27.85,94.22,0
904.93,51.24,119.14,2156.3,582.61,3161.86,27.46,86.62,0
835.16,54.2,131.99,2239.95,592.68,3210.15,28.54,85.06,0
803.47,60.84,114.02,2176.72,644.78,3273.07,30.06,87.56,0
851.21,47.67,136.04,2489.1,605.29,3217.69,31.28,87.71,0
844.71,53.5,110.96,2007.35,611.37,3259.63,29.8,83.01,0
868.97,48.22,119.64,2370.73,606.86,3458.08,29.76,90.05,0
811.57,57.55,115.93,2269.46,654.68,3137.98,28.82,91.84,0
830.52,45.44,110.75,2246.96,629.11,3238.65,29.3,87.72,0
865.59,56.89,102.8,2190.9,678.48,3171.08,26.81,83.28,0
779.67,58.89,111.57,2291.07,609.14,3139.64,26.88,91.37,0
889.21,57.71,137.14,2115.36,585.17,3247.81,27.3,92.62,0
828.64,54.4,125.93,2330.77,637.64,3203.39,28.43,90.04,0
892.66,50.53,135.56,2217.25,599.03,3129.58,29.23,94.56,0
822.07,57.19,113.96,2239.68,645.58,3183.42,28.81,84.91,0
843.85,59.68,113.23,2400.73,630.42,3099.69,28.35,88.77,0
831.43,58.59,101.29,2237.17,580.32,3328.75,27.17,85.69,0
820.51,51.37,125.08,2395.32,682.79,3391.76,27.7,88.81,0
912.75,53.68,117.75,1892.31,662.84,3204.47,26.99,89.53,0
986.72,49.11,152.6,2805.38,764.2,3426.6,29.93,96.41,1
881.85,58.75,130.1,2211.28,666.45,3297.22,27.25,91.17,0
858.3,53.35,117.21,2124.26,620.43,3217.51,28.03,88.47,0
884.14,58.82,128.42,2377.92,658.92,3336.97,28.71,83.19,0
872.65,49.47,125.33,2174.73,576.35,3334.1,28.5,91.77,0
895.33,53.27,133.04,2034.85,647.48,2922.85,29.7,87.44,0
838.6,45.97,106.83,2241.05,591.83,3165.89,30.19,88.91,0
810.65,61.13,126.63,2293.38,613.26,3049.49,26.91,85.64,0
858.03,48.53,116.85,2308.95,588.03,3165.74,28.18,87.89,0
842.01,64.57,120.09,2493.57,646.32,3257.85,28.74,87.06,0
869.51,54.48,113.92,2083.4,672.68,3333.98,28.37,89.2,0
871.42,53.51,109.48,2316.42,642.82,3331.88,29.72,88.46,0
1006.99,40.33,123.64,2868.88,769.54,3362.08,29.16,88.31,1
836.68,56.89,121.39,2354.96,629.93,3147.54,26.71,86.47,0
851.28,55.01,112.39,2462.6,628.94,3275.56,27.71,84.03,0
841.97,45.88,129.09,2084.24,571.93,3202.11,26.64,87.08,0
854.8,58.99,131.91,2093.2,583.84,3086.02,29.95,87.38,0
893.35,54.38,121.53,2066.02,588.46,3260.24,25.76,78.69,0
813.62,63.79,127.36,2114.95,628.06,3231.93,27.9,85.6,0
833.59,52.99,133.4,2085.61,613.74,3340.37,29.61,87.94,0
1035.25,46.83,133.42,3082.97,808.29,3559.24,30.57,94.4,1
825.61,54.79,130.83,2145.39,598.04,3146.42,27.01,82.32,0
832.66,49.83,104.99,2012.87,626.78,3255.52,29.65,89.25,0
855.18,61.6,122.34,2430.35,587.61,3178.06,28.31,85.67,0
836.68,47.23,122.45,2412.22,612.86,3306.24,30.42,88.47,0
851.57,55.06,109.65,2240.51,607.02,3299.57,29.61,92.16,0
855.93,55.51,109.98,2109.09,580.18,3202.08,28.06,88.57,0
847.9,61.45,132.57,2552.89,595.37,3164.49,27.74,81.53,0
856.56,55.11,118.14,2190.41,656.74,3191.03,30.05,88.31,0
806.76,65.69,111.26,2190.39,615.66,3191.48,27.51,84.67,0
836.55,57.73,120.28,2190.58,604.68,3327.24,29.74,88.46,0
883.23,45.97,142.71,2245.6,595.52,3159.56,29.93,91.73,0
807.35,55.62,103.69,2338.09,619.82,3097.79,27.36,87.97,0
855.13,59.13,98.65,2302.15,630.32,3147.54,27.82,85.84,0
819.27,57.59,121.45,2409.85,612.56,3062.23,30.21,91.54,0
851.08,56.08,104.09,2268.17,598.78,3117.37,29.02,89.48,0
873.18,52.05,122.43,2271.18,560.84,3223.41,29.24,90.66,0
858.97,49.36,118.11,2238.99,626.73,3129.25,30.39,93.39,0
865.79,51.33,113.22,2260.3,596.88,3156.51,29.98,82.93,0
851.04,59.62,130.37,2491.82,611.67,3204.35,27.92,89.9,0
784.88,47.31,111.34,2060.97,624.96,3220.5,28.48,86.56,0
819.76,56.54,122.31,2516.78,627.75,3286.96,27.09,84.84,0
902.58,58.08,126.33,2379.59,646.32,3239.87,26.3,84.04,0
858.49,58.68,120.17,2407.89,642.64,3307.86,29.11,91.25,0
809.39,59.19,121.23,2388.18,627.66,3240.7,31.14,85.96,0
842.82,49.24,91.4,2237.25,617.35,3190.49,31.69,83.1,0
838.13,63.2,134.0,2139.34,614.62,3165.27,29.98,80.38,0
802.22,58.11,102.49,2010.3,611.54,3090.66,28.48,90.81,0
808.81,52.59,131.25,2476.11,653.67,3124.43,28.19,86.61,0
808.95,54.14,121.5,2459.58,601.63,3197.06,27.44,91.25,0
833.99,55.88,148.29,2239.82,628.16,3283.62,28.54,92.38,0
863.27,52.11,112.84,2297.94,627.57,3325.63,28.22,90.19,0
839.93,58.9,138.51,2241.36,596.55,3323.75,28.21,91.09,0
821.72,51.07,106.21,2294.23,607.73,3241.91,29.56,92.91,0
854.71,53.82,122.48,2251.97,683.99,3272.77,28.57,90.49,0
769.81,57.79,116.12,2182.68,613.37,3275.15,29.69,93.01,0
858.04,56.06,120.43,1994.93,612.84,3306.38,28.2,83.54,0
836.01,60.43,116.31,2085.48,642.14,3166.01,30.58,87.82,0
876.86,53.5,112.45,2360.54,634.81,3259.28,32.52,87.95,0
841.47,59.95,121.69,2255.29,648.26,3178.64,26.51,87.83,0
897.05,58.07,118.84,2086.48,617.39,3211.26,26.74,88.72,0
832.79,52.45,119.99,2136.21,632.18,3172.49,26.9,90.3,0
861.38,60.96,101.22,1931.08,609.81,3219.39,31.7,90.32,0
879.86,55.69,116.74,2242.7,598.43,3181.71,28.03,87.99,0
856.66,51.1,114.71,2526.22,568.97,3154.01,30.24,89.45,0
822.66,50.21,109.82,2433.55,617.3,3141.36,29.87,89.63,0
830.41,59.45,107.89,2144.64,585.67,3124.6,28.0,92.3,0
834.99,54.78,125.51,2399.66,621.36,3215.98,28.2,88.32,0
883.0,64.02,105.31,2052.4,651.35,3198.67,26.97,85.55,0
871.78,60.67,113.52,2319.56,650.92,3255.57,28.68,85.02,0
1111.97,64.63,162.41,2674.81,737.01,3719.31,29.18,96.37,1
882.98,54.14,108.04,2458.75,681.65,3341.26,26.7,88.85,0
914.97,56.15,204.38,2314.23,609.28,3505.07,27.04,87.08,1
879.88,56.38,107.24,2202.53,663.52,3093.52,28.54,90.56,0
810.0,56.05,128.56,2199.27,629.73,3322.4,28.81,85.93,0
872.73,61.56,116.73,2294.85,608.9,3229.29,30.78,92.81,0
804.56,55.89,124.0,1913.63,630.98,3219.23,28.05,87.09,0
1071.75,59.64,144.6,2860.59,780.01,3402.61,32.37,94.9,1
873.67,60.44,108.1,2364.28,610.58,2968.94,27.86,88.39,0
885.14,62.35,105.85,2105.82,640.95,3319.05,29.63,88.32,0
859.63,58.85,118.15,2051.61,587.85,3235.02,28.41,94.25,0
786.76,54.2,132.49,2183.7,598.03,3194.57,27.49,86.92,0
867.48,52.16,115.87,2169.97,606.78,3190.7,28.46,86.94,0
861.74,50.16,119.93,2540.53,604.1,3153.93,27.7,85.32,0
886.65,55.51,119.9,2145.64,648.09,3307.49,30.38,83.59,0
831.29,52.59,114.94,2123.97,574.35,3246.4,31.44,88.99,0
842.44,63.62,110.36,2315.56,611.62,3206.36,27.72,80.44,0
758.57,49.93,107.91,2280.89,572.32,3193.05,27.79,90.49,0
831.18,54.85,118.66,2151.34,668.55,3116.5,29.41,85.86,0
811.39,53.34,97.29,2161.46,587.05,3157.19,25.79,89.62,0
848.5,46.31,114.26,2433.78,617.08,3208.0,29.3,84.87,0
865.5,60.86,127.02,2226.63,602.86,3228.46,29.74,87.4,0
870.0,54.33,122.14,2526.98,652.02,3222.7,29.57,87.32,0
888.61,50.47,138.8,2073.05,666.82,3263.16,28.07,84.75,0
875.64,64.48,118.98,2363.0,654.29,3311.49,28.56,91.04,0
830.37,58.5,129.93,2417.69,629.88,3074.61,27.54,93.62,0
879.98,67.06,106.0,2374.98,621.85,3168.72,28.98,87.48,0
828.18,62.49,104.03,2304.15,634.14,3221.21,28.76,87.55,0
812.57,58.71,119.02,1941.77,600.17,3327.56,30.18,88.06,0
838.8,63.86,117.84,2081.39,657.64,3091.17,29.06,90.35,0
794.16,62.02,125.54,2299.72,618.55,3199.78,29.2,89.46,0
833.19,23.56,171.32,2054.25,641.46,3016.61,30.8,83.31,1
785.32,54.95,142.18,2294.68,604.86,3209.91,27.09,85.21,0
893.62,67.45,111.99,2013.01,569.52,3254.57,28.53,86.66,0
869.32,56.34,138.03,2052.6,582.34,3303.83,28.41,87.83,0
773.82,57.19,105.68,2132.0,662.69,3071.6,27.41,88.04,0
858.21,55.39,118.56,2092.53,619.22,3197.93,28.19,91.04,0
850.98,56.77,105.18,2066.57,577.89,3126.69,28.77,88.0,0
828.11,52.41,125.76,2020.15,596.94,3076.64,27.51,88.9,0
830.97,50.72,145.53,2135.6,603.88,3122.83,27.51,83.84,0
866.47,64.1,124.32,2375.48,600.12,3274.91,27.98,89.26,0
863.59,48.66,117.41,2167.82,623.94,3263.27,28.56,87.84,0
822.54,55.32,124.74,2446.92,602.18,3218.4,28.54,90.38,0
848.65,59.97,115.7,1967.15,646.76,3219.36,30.13,88.73,0
850.34,52.81,137.56,2322.61,606.66,3401.72,28.36,88.13,0
921.48,65.58,124.25,2127.01,625.68,3259.0,26.93,82.78,0
846.99,49.56,124.46,2270.35,629.89,3220.39,28.01,89.87,0
938.6,28.51,168.76,2340.06,688.66,3238.42,28.43,88.29,1
839.33,51.46,119.03,2087.87,600.49,3187.91,26.99,90.87,0
834.15,51.69,124.59,2143.94,640.01,3206.83,27.63,89.33,0
839.12,59.71,107.91,1927.69,649.21,3279.02,25.73,92.14,0
843.91,51.17,121.97,2171.76,645.2,3256.2,27.46,89.35,0
879.99,48.11,113.42,2269.62,578.06,3107.28,29.41,85.36,0
853.31,52.24,114.35,2255.64,609.74,3262.7,30.79,85.82,0
900.81,51.72,110.99,1982.06,606.3,3243.92,29.43,89.12,0
822.98,55.15,112.92,2037.23,635.05,3208.87,29.14,93.07,0
841.61,58.6,125.86,2073.79,600.11,3237.36,30.91,85.23,0
840.17,52.08,105.88,2085.77,626.78,3228.51,29.36,87.56,0
860.19,59.38,137.53,2097.03,619.59,3187.6,29.03,86.72,0
824.41,60.49,135.7,2231.28,614.9,3114.41,29.16,88.27,0
815.2,50.75,120.93,2030.48,642.03,3171.58,28.03,89.35,0
780.24,54.03,129.94,2445.66,588.61,3189.08,28.01,87.71,0
834.38,60.38,135.95,1938.48,648.83,3213.22,28.31,86.47,0
898.42,57.14,196.62,2299.26,635.16,3409.72,27.95,85.95,1
845.62,59.4,107.36,2242.15,611.94,3123.63,28.58,93.75,0
869.3,58.58,106.08,2196.39,638.0,3209.57,27.98,87.16,0
862.34,57.47,107.52,2480.64,649.55,3196.17,27.46,91.4,0
855.32,57.47,128.48,2183.87,599.59,3227.92,29.66,85.25,0
833.69,61.2,121.01,2205.18,608.96,3008.32,26.37,89.13,0
850.55,57.45,114.92,2060.71,692.95,3146.51,26.77,91.43,0
870.96,58.01,125.04,2276.88,627.05,3159.54,27.92,88.35,0
842.6,48.44,122.47,2414.88,647.95,3219.28,29.76,89.57,0
812.0,50.69,110.07,2265.06,647.59,3242.11,29.28,87.1,0
876.86,56.05,121.25,2445.99,619.09,3261.37,28.33,84.77,0
855.47,54.11,118.48,2043.85,631.37,3111.43,27.84,88.3,0
786.12,60.62,117.38,2191.16,644.45,3115.27,29.73,86.82,0
810.32,53.2,117.36,2139.73,642.46,3257.59,28.36,91.53,0
879.44,62.2,137.25,1900.5,644.45,3173.55,28.29,92.61,0
937.42,51.97,101.48,2096.68,591.0,3236.12,27.85,89.83,0
873.0,52.0,119.37,2135.77,645.07,3146.62,28.99,88.84,0
811.69,55.15,132.33,2303.66,617.2,3109.78,30.12,82.86,0
865.26,54.46,121.47,2355.38,580.71,3112.94,27.67,88.56,0
897.48,48.15,116.97,2062.73,645.38,3314.98,26.58,87.72,0
874.17,57.82,110.26,2488.04,628.86,3251.92,27.83,89.31,0
848.67,55.76,139.74,2231.6,655.14,3231.38,28.63,88.95,0
863.66,59.18,129.97,2264.3,623.88,3254.59,29.7,83.45,0
787.81,52.56,137.4,2301.15,627.57,3129.14,29.24,88.54,0
795.69,53.82,127.63,2240.81,581.46,3314.05,28.77,88.83,0
1059.89,59.01,115.55,2693.64,805.9,3315.49,32.7,92.32,1
832.55,49.01,122.76,2241.96,610.88,3302.41,30.06,85.38,0
843.49,52.72,113.44,1975.6,664.89,3274.82,28.53,86.74,0
845.77,50.52,119.91,2412.19,622.36,3340.02,29.9,87.76,0
842.63,57.56,130.42,2388.42,615.87,3232.84,29.2,91.55,0
880.84,55.97,122.32,2353.69,620.95,3269.31,30.05,89.97,0
831.38,56.65,98.43,2381.76,653.26,3109.54,26.32,85.07,0
836.14,64.74,109.46,2189.8,604.35,3132.92,28.75,86.45,0
861.34,53.36,128.98,2036.53,627.33,3213.0,29.07,91.48,0
801.81,55.08,116.37,2385.65,649.53,3019.66,27.3,85.74,0
845.24,50.28,120.96,2407.01,601.03,3248.32,28.0,87.16,0
892.85,58.9,129.65,2027.78,584.77,3177.44,29.1,79.41,0
843.37,53.42,99.36,1781.94,609.44,3127.59,28.63,85.74,0
814.44,52.9,108.45,2317.41,632.2,3273.22,28.77,87.12,0
836.73,49.32,101.26,2427.51,602.12,3122.06,29.93,91.76,0
824.63,44.37,125.98,2070.76,580.99,3371.39,30.63,90.61,0
853.78,53.19,121.17,2250.71,594.34,3202.34,27.63,94.05,0
832.97,61.43,108.91,1991.67,617.25,3220.21,28.49,86.71,0
799.96,50.09,107.06,2322.51,602.29,3186.13,27.8,86.11,0
834.12,54.76,121.73,2461.02,638.95,3177.12,28.2,92.13,0
836.56,52.84,121.86,2146.0,588.03,3195.98,29.27,87.44,0
849.16,59.96,135.08,1922.61,617.92,3131.13,27.1,89.69,0
873.16,56.11,120.18,2385.39,601.26,3144.82,28.42,88.44,0
858.62,47.28,122.84,1911.49,585.62,3128.11,28.4,91.72,0
863.45,56.58,126.45,2180.73,627.01,3134.28,27.71,85.6,0
846.49,55.14,115.53,2062.4,594.62,3100.58,30.3,88.37,0
906.51,52.88,224.6,2375.34,656.83,3356.97,28.92,87.2,1
838.08,57.76,125.47,2289.53,594.35,3151.88,31.47,83.89,0
879.06,54.88,120.95,2309.58,593.79,3379.22,28.85,83.87,0
869.45,54.79,121.63,2395.98,621.38,3150.72,29.35,84.62,0
870.05,54.24,112.9,2184.53,623.46,3215.36,28.5,83.83,0
856.8,54.59,94.89,2467.12,649.54,3157.32,28.24,94.52,0
847.34,55.73,109.92,2174.25,624.65,3357.51,26.84,94.32,0
814.58,58.71,128.05,2280.08,610.56,3201.91,28.13,83.73,0
826.06,52.09,128.47,2199.91,596.59,3285.03,25.89,82.25,0
906.31,45.23,131.97,2178.2,575.72,3324.19,29.01,88.07,0
788.36,58.71,106.28,2315.55,628.24,3190.24,28.86,87.68,0
809.5,58.11,129.5,2384.31,634.14,3174.1,31.11,87.11,0
822.84,64.45,119.52,2449.55,640.81,2964.21,28.83,87.89,0
882.59,54.59,135.86,2312.83,623.2,3286.85,28.96,89.3,0
825.86,26.86,149.86,2218.88,625.36,3162.14,27.6,86.91,1
844.61,56.47,100.35,2132.72,576.39,3220.81,27.89,88.28,0
815.89,56.93,121.41,2337.4,634.07,3142.67,25.94,94.96,0
820.17,54.8,118.52,2062.82,650.74,3244.54,28.86,86.17,0
861.39,52.74,123.04,2234.84,626.66,3190.3,28.44,84.59,0
842.9,54.7,110.0,2364.16,645.13,3232.45,28.73,94.2,0
892.76,56.62,124.32,2353.73,611.01,3119.81,29.74,88.08,0
856.32,63.23,106.65,2261.53,595.07,3336.3,27.48,90.69,0
836.76,58.53,103.9,2159.53,641.17,3275.86,26.72,91.73,0
820.72,53.83,122.61,2301.39,624.24,3260.4,28.12,85.25,0
740.55,55.8,115.49,2182.08,593.81,3315.32,29.66,90.71,0
864.11,55.0,107.49,2193.89,643.74,3197.71,25.41,88.26,0
816.82,49.51,108.69,2113.37,627.71,3215.34,25.88,86.45,0
863.5,51.25,122.77,2333.27,598.5,3233.95,28.5,91.68,0
863.76,53.17,118.25,2047.17,597.3,3203.45,30.03,90.76,0
843.65,40.07,126.67,2261.92,600.11,3189.97,28.46,93.85,0
848.15,49.02,133.8,2220.59,602.13,3147.94,26.9,91.5,0
845.67,49.27,115.14,2176.74,637.94,3131.19,28.41,91.22,0
825.57,63.21,119.68,1909.57,600.54,3249.84,28.63,89.67,0
871.29,57.87,119.77,1946.83,630.13,3164.85,28.22,87.85,0
873.17,54.01,111.04,2477.98,636.09,3058.67,29.05,82.56,0
818.56,46.68,127.25,1998.91,622.29,3226.26,26.56,92.26,0
824.65,51.17,119.89,2065.51,603.03,3126.3,28.82,92.03,0
877.95,61.52,111.23,2142.53,591.37,3259.27,30.57,88.51,0
863.13,53.28,127.6,2167.34,612.64,3234.42,24.77,87.08,0
848.51,53.26,124.29,2251.48,640.23,3378.1,30.31,87.25,0
859.16,51.3,124.97,2390.01,635.71,3232.34,29.2,88.18,0
883.13,53.49,102.05,2370.79,611.34,3317.81,27.6,91.59,0
866.56,49.99,137.45,2077.24,665.99,3119.73,27.04,92.24,0
806.59,59.34,106.33,2217.04,635.67,3201.29,30.12,89.52,0
828.12,43.87,128.99,2010.46,598.44,3186.91,27.83,86.31,0
830.48,50.03,137.65,2163.05,652.07,3233.96,30.39,89.52,0
899.93,52.37,124.03,2069.99,603.54,3275.08,29.54,89.3,0
874.75,59.23,126.77,2189.77,593.52,3254.39,27.74,90.65,0
863.7,53.23,112.62,2291.9,608.47,3093.93,28.89,86.6,0
761.33,58.82,113.68,2343.14,609.84,3102.01,28.98,86.13,0
798.0,53.66,137.21,1988.19,615.49,3085.89,28.09,90.69,0
894.2,53.17,110.13,2384.8,575.03,3112.15,28.31,92.55,0
837.69,53.38,119.11,2464.27,603.96,3177.42,29.05,87.62,0
799.76,57.13,109.17,2120.67,639.53,3087.63,29.61,94.36,0
851.98,59.45,97.67,2231.0,651.45,3325.59,27.64,84.14,0
867.38,53.93,117.95,2136.46,598.68,3124.45,29.99,86.61,0
844.9,47.31,238.59,2298.41,653.85,3347.28,27.27,83.12,1
845.98,54.67,115.15,2237.59,612.03,3153.64,29.7,88.7,0
790.08,55.23,111.84,1874.64,629.71,3141.35,29.11,89.95,0
826.22,45.71,111.86,2080.36,605.7,3253.72,28.5,93.53,0
831.15,56.19,123.81,2011.05,581.42,3112.43,30.67,90.82,0
866.59,47.7,120.76,2001.63,661.56,3206.23,29.88,90.03,0
822.2,53.01,114.12,2208.8,633.4,3220.91,29.48,96.71,0
1042.11,56.09,145.72,2508.2,742.03,3502.09,27.83,98.52,1
900.51,57.92,118.81,2261.24,582.19,3143.99,28.59,89.63,0
871.89,46.13,114.87,2141.33,653.38,3111.52,29.16,85.53,0
824.95,48.49,99.66,1969.37,605.88,3095.81,29.78,91.08,0
807.86,55.82,122.17,2330.66,613.73,3309.78,27.43,90.7,0
849.33,55.73,128.32,2153.24,654.47,3214.34,25.97,88.17,0
835.69,54.04,115.47,1827.7,643.19,3199.61,29.4,85.5,0
901.97,54.67,106.95,2326.53,638.15,3120.55,30.96,89.82,0
858.7,52.38,140.5,2083.43,608.49,3231.74,29.66,83.31,0
857.03,43.41,123.12,2021.67,624.67,3307.01,29.24,92.1,0
820.45,60.01,128.28,2490.71,603.88,3118.09,29.77,92.1,0
853.94,54.15,114.96,2314.46,594.69,3196.56,28.8,87.32,0
838.86,55.98,123.77,2320.23,608.71,3185.4,29.72,87.79,0
866.37,50.11,115.07,2293.35,618.48,3305.88,28.15,88.77,0
842.24,48.19,127.9,2147.33,614.88,3290.12,26.22,87.09,0
878.07,60.39,126.93,2276.19,625.68,3249.69,30.22,87.91,0
815.5,63.07,118.27,2017.47,622.08,3068.88,28.42,83.63,0
862.86,51.75,112.27,2173.14,602.54,3149.96,29.63,83.98,0
848.54,57.88,117.14,2515.69,605.19,3115.82,26.92,91.32,0
805.53,51.12,109.62,2281.36,633.44,3174.96,27.81,86.41,0
903.93,71.21,103.65,2044.92,622.51,3179.13,29.02,93.91,0
832.4,51.69,120.58,2334.72,585.55,3172.47,26.27,94.42,0
854.85,55.97,119.4,2169.81,610.18,3167.53,28.99,89.0,0
818.41,48.36,120.42,2159.46,595.2,3176.26,28.58,90.56,0
867.41,54.02,111.8,2183.46,643.68,3243.2,28.7,88.05,0
845.3,64.26,131.33,2443.97,588.04,3242.67,26.83,90.77,0
869.55,50.67,121.43,1991.77,655.47,3310.89,30.28,82.37,0
819.46,56.69,105.12,2044.14,632.42,3273.81,26.33,84.46,0
884.06,57.34,110.41,2191.0,642.37,3347.71,28.11,86.58,0
841.79,46.47,111.43,2620.1,643.66,3201.32,29.95,90.71,0
909.17,56.2,99.92,2119.79,629.46,3270.72,29.42,86.45,0
849.0,59.5,116.76,2174.03,628.01,3161.82,27.04,84.53,0
850.53,21.97,161.58,2536.79,649.94,3027.69,28.55,83.4,1
810.21,52.2,113.39,2093.0,626.75,3370.78,29.35,81.53,0
872.59,50.31,108.41,2195.3,623.52,3161.09,30.44,88.67,0
814.12,53.52,116.06,1914.25,657.38,3206.43,27.54,88.22,0
828.61,60.41,103.78,2510.88,618.89,3059.5,28.91,85.82,0
849.94,60.45,132.81,2299.07,640.83,3308.65,29.45,84.43,0
797.88,55.28,127.49,2279.89,643.25,3131.76,27.72,88.36,0
815.53,44.08,127.21,2178.24,581.73,3188.74,29.39,88.82,0
819.06,59.15,133.43,2244.9,635.75,3222.8,27.41,94.18,0
871.53,52.96,115.74,2289.31,595.82,3284.67,26.96,80.78,0
806.29,55.17,108.72,2251.39,642.27,3118.47,29.57,90.9,0
860.22,50.08,129.25,2363.9,605.12,3294.03,27.38,89.44,0
794.31,49.56,114.39,2093.79,586.32,3246.88,29.1,83.88,0
869.88,60.8,115.59,2366.96,650.09,3022.89,30.58,90.28,0
815.52,52.22,119.33,2064.76,598.59,3198.51,26.51,87.49,0
848.99,49.31,120.39,2089.85,665.47,3153.54,27.58,87.68,0
856.92,49.89,121.92,2432.75,630.22,3311.02,27.72,89.31,0
875.32,49.26,117.61,2139.92,596.19,3018.34,26.69,92.33,0
790.9,58.64,123.3,2354.05,614.38,3262.84,26.07,85.65,0
812.22,43.22,107.76,2191.29,608.69,3220.12,28.94,89.23,0
889.18,63.07,103.32,2379.96,606.71,3229.13,25.98,87.01,0
860.94,60.55,126.33,2106.78,669.99,3221.82,29.54,86.88,0
846.07,63.66,115.86,2348.52,637.68,3224.32,29.24,89.56,0
846.9,57.9,119.97,2050.55,611.29,3249.84,27.77,86.53,0
840.85,55.61,127.49,2251.5,583.65,3130.79,28.31,87.32,0
851.75,47.07,120.87,2074.43,646.89,3225.13,28.2,93.48,0
869.12,47.64,136.1,1936.81,617.26,3122.03,29.87,89.83,0
872.18,52.71,117.67,2055.52,653.28,2981.92,30.81,91.11,0
808.96,54.02,117.31,2346.67,633.61,3298.29,26.63,86.05,0
896.97,57.22,120.47,2276.7,612.67,3118.84,29.49,86.52,0
875.26,60.66,129.2,2262.77,636.76,3215.76,27.29,88.21,0
857.88,55.16,118.28,2482.33,654.84,3089.67,27.32,91.6,0
827.69,50.5,127.59,2323.03,632.08,3195.23,26.33,84.57,0
835.17,65.19,120.9,2316.87,628.23,3153.27,28.44,92.66,0
846.35,59.1,125.52,2163.68,608.96,3144.99,28.56,88.44,0
828.35,56.0,119.26,2348.55,589.16,3199.02,28.21,90.36,0
855.31,52.63,124.13,2244.48,670.81,3097.5,29.1,86.66,0
839.04,64.95,127.9,2229.26,639.95,3174.74,28.51,89.77,0
839.88,45.32,116.29,2305.99,619.82,3195.6,28.17,89.41,0
849.41,61.14,103.62,2235.28,644.58,3139.17,29.78,92.64,0
833.55,50.48,110.67,2308.33,593.37,3302.86,28.48,88.05,0
857.13,64.95,128.31,1831.02,619.18,3267.31,28.37,93.58,0
835.23,52.06,123.66,2204.71,628.45,3253.41,29.4,87.23,0
825.33,53.34,133.36,1954.88,667.73,3257.52,28.21,87.99,0
798.53,56.19,139.85,2243.08,590.76,3299.32,27.89,87.31,0
843.28,41.27,115.91,2120.19,622.91,3299.27,29.41,87.97,0
796.49,54.48,107.8,2116.59,658.54,3122.05,27.23,82.77,0
875.89,53.98,114.55,2168.44,638.06,3218.77,28.29,88.66,0
838.34,60.68,117.75,2389.45,655.76,3196.83,28.32,90.55,0
811.81,57.75,122.68,2242.9,576.54,3259.2,28.13,87.86,0
828.27,53.0,125.45,2071.79,601.03,3167.53,25.65,88.18,0
825.0,58.13,122.62,2276.65,630.49,3150.68,28.41,91.09,0
866.95,57.01,121.75,2335.87,611.66,3226.92,28.33,88.58,0
875.36,56.96,125.84,2105.9,623.82,2986.92,29.25,89.82,0
866.7,55.74,131.43,2122.39,632.94,3159.9,28.25,90.68,0
827.66,58.3,107.67,2283.87,632.55,3228.37,28.74,89.17,0
874.56,61.07,104.26,2022.93,613.59,3216.72,28.46,89.81,0
877.91,49.28,122.95,2125.03,652.99,3212.14,29.3,89.11,0
859.09,54.77,116.48,2402.9,622.93,3074.57,29.34,84.24,0
845.68,61.12,112.09,2038.03,581.52,3121.79,28.78,83.36,0
843.48,53.79,125.97,2455.03,634.45,3325.7,29.37,88.77,0
874.62,55.13,114.65,2308.55,641.98,3171.18,28.28,85.62,0
807.14,56.69,140.65,2031.83,591.71,3055.93,26.22,85.42,0
843.57,54.5,118.68,2157.19,637.82,3178.76,27.41,85.91,0
865.86,50.03,114.18,2041.04,609.52,3253.46,26.12,87.08,0
823.56,52.2,109.18,2234.05,574.89,3263.84,28.72,87.21,0
905.43,63.14,136.17,2242.34,616.47,3158.0,29.72,89.7,0
819.04,49.64,126.45,2210.99,621.75,3108.64,29.8,85.43,0
839.0,52.94,110.94,2042.65,607.72,3364.81,29.43,88.56,0
894.32,54.83,118.18,2234.87,617.87,3107.7,27.14,83.35,0
869.93,71.47,127.16,2277.05,579.58,3100.96,28.59,87.46,0
856.46,62.04,122.27,2216.98,608.68,3169.35,28.25,85.83,0
839.45,54.09,136.65,1949.73,579.23,3184.39,28.08,91.55,0
832.69,50.73,109.06,2284.52,607.51,3229.79,28.33,85.75,0
827.27,50.01,132.84,2165.62,617.92,3232.53,30.78,82.76,0
838.5,56.33,106.99,1947.72,611.47,3258.63,29.87,90.97,0
870.47,62.46,130.83,2210.81,568.5,3099.76,26.86,89.3,0
808.07,61.75,123.63,1970.0,624.78,3112.28,27.22,82.65,0
866.4,59.51,121.34,2059.35,551.32,3149.28,28.83,89.09,0
874.84,55.87,127.34,2367.51,639.24,3145.44,27.4,85.5,0
820.06,48.53,125.26,2408.38,580.53,3003.79,27.72,90.87,0
790.48,62.78,133.35,2258.1,627.91,3322.49,30.4,87.77,0
864.3,56.09,131.72,2104.44,612.94,3194.53,26.31,85.68,0
850.42,49.27,104.66,2268.68,650.04,3172.88,28.64,87.11,0
850.9,50.25,126.87,2334.43,614.88,3290.18,27.69,83.65,0
886.81,59.3,128.58,2307.81,625.99,3227.75,29.21,87.29,0
806.62,51.67,116.97,2140.86,638.34,3159.52,27.81,85.59,0
864.41,55.64,138.25,1952.51,622.37,3357.03,27.38,83.49,0
825.72,57.84,137.28,2107.32,642.82,3223.85,26.66,88.15,0
869.96,59.24,107.93,2205.41,613.96,3217.54,29.01,84.15,0
818.78,60.04,112.92,2265.62,594.72,3130.56,28.32,90.2,0
846.11,54.55,127.94,2135.14,654.15,3245.45,28.56,92.29,0
881.93,50.85,120.93,2160.0,581.24,3020.73,29.19,83.8,0
812.54,61.87,122.88,2269.32,593.56,3243.77,28.08,87.84,0
919.3,58.66,113.0,2209.84,584.51,3189.9,28.35,87.76,0
891.39,61.18,130.43,2320.48,610.51,3310.37,29.53,90.11,0
876.81,51.03,103.58,2188.87,640.3,3106.06,30.54,90.2,0
872.96,58.07,106.88,2335.2,612.38,3335.85,27.35,89.14,0
873.7,55.23,96.68,2381.74,636.31,3219.54,28.94,91.65,0
857.68,55.26,133.1,2462.28,628.43,3290.02,29.3,88.35,0
798.66,55.47,132.85,2343.49,604.75,3135.83,30.16,83.18,0
846.34,53.45,119.37,2418.1,623.61,3166.03,28.1,87.43,0
867.53,53.56,118.32,2168.3,680.51,3213.33,29.91,83.69,0
859.57,58.74,141.32,2502.12,643.4,3163.82,29.87,87.26,0
842.79,62.25,112.76,2058.35,637.67,3180.59,28.36,86.89,0
864.56,52.56,134.07,2067.44,625.23,3103.73,29.15,86.71,0
873.15,49.74,114.47,2301.61,562.19,3367.38,27.82,92.29,0
833.01,65.91,117.56,2113.0,620.72,3195.1,29.41,92.99,0
1077.73,46.81,115.56,2626.02,723.58,3616.78,32.25,92.47,1
852.7,55.09,113.29,2178.5,551.66,3182.51,27.53,84.72,0
874.77,65.59,107.28,2300.44,629.38,3304.34,27.98,87.2,0
808.07,53.42,131.55,2253.91,590.82,3195.11,29.89,86.88,0
827.68,45.95,129.32,2167.21,599.4,3117.71,28.8,90.0,0
829.72,57.19,118.74,2060.91,650.09,3239.95,27.62,87.93,0
863.28,56.2,125.13,2076.34,644.89,3068.87,29.89,89.42,0
904.27,58.42,135.81,2102.04,629.66,3044.9,29.67,87.9,0
873.71,60.95,123.0,2098.7,587.64,3281.45,27.12,83.45,0
782.72,51.37,135.41,2147.44,642.35,3146.79,25.96,83.79,0
833.56,55.38,135.91,2149.41,618.91,3155.46,28.62,86.42,0
854.38,59.46,117.68,2365.26,589.12,3420.88,30.01,88.58,0
866.85,46.93,116.25,2152.42,615.42,3158.64,29.54,90.95,0
846.07,60.65,124.6,2377.34,614.48,3129.29,27.3,88.25,0
816.28,54.41,116.39,2168.85,576.75,3207.63,24.61,85.75,0
872.08,52.44,98.22,2040.26,642.26,3200.38,28.8,90.35,0
902.61,55.61,102.79,2179.0,640.8,3149.14,27.72,87.24,0
845.47,63.85,125.76,2191.21,643.69,3230.07,26.63,85.52,0
888.23,60.21,128.36,2076.62,620.33,3053.16,28.83,86.44,0
815.56,57.31,112.64,2388.4,661.46,3220.54,28.66,87.53,0
786.77,48.14,122.4,2143.96,632.38,3326.33,26.88,89.22,0
860.96,61.86,107.99,2169.13,599.41,3315.84,28.01,90.21,0
915.97,56.63,102.75,2025.55,648.7,3162.68,27.23,87.59,0
861.85,54.81,123.35,1957.03,615.53,3290.32,28.8,92.12,0
847.06,56.25,137.69,2391.26,593.13,3157.39,28.39,85.67,0
894.16,55.82,120.2,2209.57,625.35,3316.04,26.36,86.06,0
842.64,63.92,110.75,2380.29,613.83,3198.27,27.91,82.82,0
845.03,48.53,116.7,2244.94,636.52,3138.07,27.23,84.79,0
841.08,48.65,109.43,2202.85,595.47,3119.78,30.6,84.4,0
860.25,24.18,149.6,2044.77,627.58,3055.88,28.16,82.81,1
854.97,60.14,116.56,2223.35,611.29,3220.2,29.41,89.28,0
864.91,57.19,130.6,1984.91,618.87,3200.26,29.21,89.17,0
850.4,51.21,114.41,1935.19,596.02,3206.55,31.37,91.5,0
787.08,64.59,133.81,1962.23,633.11,3176.43,27.57,88.81,0
856.96,50.17,114.87,2298.4,610.16,3174.0,28.02,87.1,0
831.75,58.17,101.43,2358.95,640.54,3109.83,28.0,86.91,0
805.69,58.03,124.35,2160.72,561.3,3074.39,27.79,89.64,0
858.75,62.09,108.68,2298.32,644.21,3047.17,27.87,85.81,0
796.75,49.89,102.93,1976.89,639.02,3130.45,29.32,82.07,0
858.72,49.87,103.42,2422.0,593.08,3215.74,28.91,88.32,0
865.48,59.3,136.94,2373.33,630.48,3323.54,30.0,85.85,0
880.81,58.2,122.75,2051.04,611.44,3243.15,26.68,87.94,0
865.23,53.01,126.3,2337.67,654.26,3230.42,27.37,85.73,0
874.11,60.98,112.41,2245.03,600.68,3277.68,27.86,93.08,0
883.28,61.16,116.0,2378.62,649.51,3175.01,28.44,90.27,0
866.23,50.92,127.31,1938.37,623.72,3350.67,27.59,85.66,0
840.74,57.14,103.15,2271.8,610.99,3187.21,28.64,87.78,0
875.4,53.99,124.15,2268.65,601.0,3184.82,29.09,88.12,0
816.3,46.04,111.47,2327.26,624.43,3081.57,27.74,88.23,0
864.68,63.42,113.19,2097.73,636.12,3175.78,30.31,87.76,0
839.07,47.95,114.61,2131.27,628.74,3133.71,28.37,92.62,0
862.14,44.66,90.56,2060.08,632.37,3310.03,28.44,86.02,0
884.73,46.78,110.23,2369.11,608.07,3091.62,31.33,91.69,0
837.2,51.38,113.79,2267.58,615.78,3214.35,27.56,86.27,0
893.08,57.44,125.76,2208.44,643.03,3276.14,29.9,87.17,0
849.98,53.27,116.41,2024.32,631.66,3209.33,28.04,87.57,0
917.03,55.67,116.78,2200.22,587.16,3207.12,28.36,88.93,0
843.94,50.09,113.28,2168.58,617.28,3183.02,26.87,85.54,0
831.58,51.46,106.15,2112.46,601.07,3166.79,26.2,85.89,0
916.89,56.02,121.34,2081.31,631.89,3120.99,28.97,87.57,0
821.05,50.94,128.49,2358.2,660.79,3214.65,28.35,86.31,0
828.91,49.49,135.35,2116.39,641.81,3266.54,28.87,90.73,0
829.63,54.43,121.06,2259.24,608.89,3107.85,27.83,88.81,0
847.4,55.61,134.98,1878.87,631.13,3158.26,30.24,87.88,0
861.91,61.44,113.02,2380.08,613.71,3148.8,27.55,83.67,0
858.93,51.02,118.37,2151.12,622.47,3118.43,28.53,85.5,0
881.58,54.96,121.68,2110.15,626.73,3171.75,29.54,84.43,0
808.97,60.7,118.15,2184.62,632.14,3119.02,29.81,91.75,0
848.6,63.91,107.97,2035.09,602.69,3052.89,29.19,87.36,0
861.45,53.96,134.71,2200.01,619.18,3144.5,28.55,85.2,0
824.42,57.84,133.64,2406.86,633.61,3094.49,28.58,89.11,0
815.87,53.8,117.39,2382.75,605.25,3182.89,28.06,87.3,0
883.57,55.23,114.71,2290.54,612.94,3298.9,28.83,93.94,0
857.03,47.67,116.8,2274.61,647.54,3312.04,29.17,89.47,0
1053.48,56.49,135.28,2790.13,798.27,3604.69,31.45,87.5,1
840.8,60.24,127.17,2116.83,613.52,3196.87,30.37,89.95,0
844.91,51.58,116.46,1988.06,622.14,3117.22,28.4,84.7,0
850.84,53.53,137.95,2399.17,571.77,3154.11,27.99,92.07,0
898.69,47.51,104.94,2035.9,636.23,3194.35,31.09,84.11,0
896.84,56.99,128.45,2305.4,623.73,3193.72,28.42,90.9,0
850.6,52.09,102.05,2070.14,602.37,3221.85,25.76,82.55,0
894.32,63.53,118.03,2219.07,589.57,3118.26,30.51,86.33,0
860.25,56.25,114.35,2185.54,604.76,3090.29,28.29,82.2,0
892.81,48.47,120.86,2215.05,665.64,3239.3,28.09,83.61,0
805.95,59.59,100.72,2400.6,561.72,3198.22,27.96,82.06,0
851.14,64.42,119.84,2278.78,579.94,3183.06,27.7,89.04,0
874.5,51.65,118.33,2031.2,623.58,3126.65,29.13,84.77,0
896.11,61.02,115.02,2200.93,581.38,3278.91,27.76,88.98,0
850.4,54.84,116.09,2277.46,613.25,3353.98,28.01,93.33,0
833.18,48.35,116.52,2002.42,625.37,3112.65,28.74,83.72,0
837.0,62.13,136.93,2116.32,658.12,3161.99,30.9,89.8,0
842.93,46.57,128.0,2307.14,612.34,3226.53,30.71,88.19,0
875.44,58.7,123.44,1985.85,620.52,3083.18,28.94,87.34,0
829.03,49.56,121.55,2474.49,641.87,3172.5,28.56,85.17,0
836.59,56.69,117.39,2120.57,649.1,3433.88,31.37,86.4,0
841.02,62.13,135.19,2419.12,626.79,3270.93,30.27,82.83,0
847.11,59.63,133.44,1960.08,621.02,3222.25,30.09,91.83,0
891.61,52.9,138.69,2168.65,602.87,3408.57,27.7,87.25,0
783.57,65.26,118.43,1969.23,642.06,3304.44,30.32,84.68,0
850.87,47.48,126.32,2025.8,613.86,3205.31,27.4,85.15,0
828.3,57.52,109.78,2513.36,637.85,3265.54,29.61,91.07,0
842.68,58.37,132.33,1914.3,644.85,3208.27,26.7,86.72,0
835.45,59.05,104.08,2533.15,647.11,3203.98,28.27,89.51,0
820.98,49.06,101.3,2106.58,648.79,3326.08,27.74,89.2,0
829.35,52.45,121.01,2183.62,615.12,3274.14,26.97,83.75,0
797.06,54.13,125.39,2349.93,663.5,3110.62,28.54,84.13,0
844.37,65.22,120.42,2136.48,657.38,3131.2,28.5,86.16,0
887.83,54.23,131.93,2351.84,624.55,3248.46,28.36,88.99,0
839.57,49.94,124.83,2239.28,622.53,3307.67,28.71,81.53,0
829.64,53.78,130.84,2172.73,667.66,3298.8,30.12,81.65,0
888.94,26.27,133.48,2279.5,681.6,3023.39,29.11,86.12,1
898.33,65.15,125.09,2481.48,615.85,3284.62,29.15,92.13,0
793.66,49.45,128.31,2362.65,664.52,3242.69,27.17,83.63,0
805.69,64.45,125.31,2183.78,616.17,3240.87,28.46,88.91,0
848.35,54.76,137.75,2113.34,598.55,3209.76,27.16,91.52,0
887.73,49.97,107.56,2019.19,619.16,3247.26,28.9,86.66,0
808.72,53.6,120.03,2352.22,616.22,3104.32,28.29,92.28,0
853.22,55.67,125.34,2131.07,647.74,3220.24,30.06,83.39,0
908.53,54.61,140.81,2268.47,597.13,3193.01,27.32,89.56,0
843.04,53.24,136.24,2454.5,635.45,3240.95,28.84,85.83,0
832.42,59.25,122.63,1961.65,660.78,3355.44,27.42,88.39,0
922.83,47.65,231.13,2230.49,657.95,3557.11,26.97,86.3,1
815.06,56.95,98.76,2107.44,580.91,3240.01,27.59,91.09,0
821.09,53.33,115.89,1928.88,611.84,3153.21,28.48,96.88,0
864.03,55.46,134.82,2012.39,613.01,3255.17,27.5,92.29,0
850.73,57.62,138.83,2194.02,577.17,3264.09,29.23,84.7,0
918.19,56.12,119.58,2214.62,592.89,3090.88,28.26,85.13,0
823.3,60.25,133.52,1921.49,610.01,3303.75,28.6,91.07,0
842.43,53.93,102.65,2387.95,654.18,3170.41,29.12,85.23,0
872.18,56.79,117.42,2378.46,617.59,3303.51,29.44,86.43,0
785.25,54.64,124.14,2347.94,612.86,3132.25,28.61,84.77,0
873.39,52.38,115.17,1858.1,624.28,3286.72,28.6,90.63,0
845.42,47.02,116.45,2248.14,600.78,3400.11,27.57,88.29,0
838.75,54.73,114.68,2116.47,613.55,3172.54,28.91,84.06,0
885.09,51.61,113.74,2104.71,628.04,3241.17,30.22,85.66,0
867.32,49.21,137.28,2205.47,636.42,3065.11,28.12,85.05,0
878.43,51.66,122.35,2029.99,637.74,3250.76,25.84,86.96,0
842.98,54.27,123.71,2277.35,612.73,3124.42,26.47,83.71,0
888.72,58.99,120.07,2329.55,619.53,3271.44,29.58,89.48,0
846.51,52.72,113.87,2199.35,646.25,3318.18,29.4,88.71,0
821.06,53.38,108.29,2283.68,619.01,3389.09,30.23,86.69,0
825.61,54.91,140.77,2250.45,635.62,3216.3,28.53,86.38,0
871.67,55.89,119.03,2478.31,608.49,3337.87,30.73,90.12,0
818.54,47.37,112.7,2303.88,605.41,3144.44,26.31,91.1,0
866.45,51.62,126.36,1944.08,627.33,3213.41,29.23,89.08,0
838.8,56.0,126.86,2410.12,647.34,3035.78,26.83,85.88,0
821.79,63.21,96.69,2317.5,586.95,3136.9,29.27,91.14,0
847.84,54.02,122.57,1980.04,630.02,3254.2,30.44,84.61,0
897.26,49.83,120.09,2021.42,594.7,3288.69,27.73,85.71,0
1051.23,48.77,123.24,2441.04,829.3,3385.21,31.05,93.58,1
863.53,61.9,118.36,2100.15,604.56,3143.29,27.54,95.55,0
812.53,52.72,119.72,2234.17,630.75,3191.39,28.47,91.98,0
870.05,60.14,117.82,2239.09,657.62,3110.02,28.15,85.97,0
882.56,47.2,127.29,2295.42,604.86,3216.71,27.08,81.61,0
812.96,57.01,128.66,2190.7,619.77,3235.13,28.58,86.66,0
848.25,64.62,120.81,2270.54,619.74,3118.92,29.91,84.02,0
823.38,62.76,118.91,2252.13,637.18,3117.54,27.86,85.94,0
863.87,60.93,112.99,2165.18,657.31,3095.0,28.35,88.0,0
910.4,53.02,129.58,2176.36,599.12,3295.3,27.77,86.22,0
809.68,57.3,117.96,2458.68,625.51,3244.34,29.34,92.88,0
866.89,50.12,104.99,2008.78,616.09,3162.66,28.42,87.95,0
843.54,55.62,119.9,2243.73,565.42,3109.62,29.26,82.83,0
884.48,51.56,126.6,1833.26,607.22,3117.6,27.95,93.63,0
852.67,49.05,108.53,2195.65,608.13,3187.27,29.96,88.46,0
922.61,46.74,117.15,2101.31,605.07,3112.27,28.66,86.43,0
863.78,50.83,129.59,2097.17,607.92,3084.05,30.34,88.23,0
807.59,51.3,117.32,2004.91,600.09,3181.63,30.03,93.17,0
871.81,50.92,126.0,2241.07,644.0,3169.2,29.62,91.73,0
833.28,54.08,120.57,2454.69,584.78,3046.37,28.07,90.1,0
867.34,60.83,114.62,2426.25,599.93,3308.48,30.74,91.34,0
848.4,56.82,130.9,2222.45,634.51,3215.93,26.21,86.6,0
848.08,61.8,137.15,2207.2,653.68,3302.78,29.57,87.12,0
813.11,47.51,124.87,2163.98,601.57,3248.42,29.11,92.24,0
879.88,53.31,113.74,2293.36,648.1,3097.06,28.27,85.51,0
863.06,51.76,99.92,2113.88,646.77,3191.8,29.9,87.17,0
820.27,61.14,110.86,2183.76,612.0,3222.77,29.16,91.88,0
831.7,43.13,102.13,2595.04,631.64,3092.52,29.02,87.95,0
858.74,61.41,129.11,2309.44,639.64,3139.39,27.9,89.91,0
854.17,70.58,117.96,1994.79,631.77,3212.2,25.61,84.05,0
882.47,53.69,115.14,2441.67,601.28,3216.73,29.7,89.08,0
836.35,53.74,104.59,2210.19,606.77,3276.27,27.66,89.86,0
795.07,57.68,110.21,2299.98,624.59,3264.41,29.55,83.4,0
857.06,51.13,136.46,2021.04,629.29,3265.05,28.9,92.32,0
872.49,52.49,108.86,2346.11,561.4,3308.25,29.38,86.21,0
833.21,55.7,126.62,2132.4,652.38,3204.1,25.76,85.51,0
859.71,62.28,110.21,2439.41,649.44,3346.52,27.59,86.32,0
851.24,53.63,125.75,2451.85,608.97,3193.41,28.36,87.96,0
847.32,61.63,113.14,1957.36,626.37,3194.32,29.13,89.27,0
866.28,59.94,101.61,2230.91,586.72,3154.56,27.16,88.84,0
809.17,57.43,115.38,1980.38,586.6,3254.86,26.66,87.69,0
802.82,59.27,113.88,2193.91,626.53,3164.8,31.41,89.55,0
884.01,54.46,128.24,1982.04,582.02,3231.15,31.36,88.6,0
867.66,54.35,117.8,2477.3,591.65,3231.01,26.85,84.69,0
839.16,54.49,115.12,2402.62,622.28,3030.26,28.25,90.59,0
865.69,53.87,124.95,2066.86,632.78,3267.01,30.63,87.49,0
794.3,47.53,124.27,1872.58,612.82,3097.33,28.82,89.06,0
854.55,55.67,108.06,2440.44,644.77,3397.33,30.98,85.56,0
859.72,63.24,114.9,2181.38,620.22,3128.15,29.03,89.83,0
828.19,60.33,115.53,2145.85,618.59,3133.48,29.25,88.1,0
868.57,54.09,127.09,2293.11,624.63,3183.1,31.0,93.46,0
853.91,50.66,121.11,2044.02,638.99,3286.32,27.21,88.15,0
792.59,54.15,129.76,2135.99,637.15,3262.94,29.77,83.38,0
871.98,61.55,124.13,2050.96,630.82,3270.52,30.79,86.89,0
857.11,47.08,101.79,2087.57,611.2,3423.01,28.34,92.2,0
813.2,55.26,116.29,2056.23,591.93,3145.95,28.59,85.34,0
855.16,60.39,125.05,2176.33,647.79,3150.02,29.74,86.37,0
824.87,62.32,119.13,2206.16,615.74,3133.26,27.26,87.37,0
910.26,53.49,121.35,2379.6,652.75,3057.49,27.11,91.61,0
897.71,57.46,118.48,2131.91,603.61,3181.2,27.66,87.98,0
802.99,51.34,110.48,2189.13,609.47,3188.55,27.5,83.61,0
851.72,55.82,109.12,2240.85,613.85,3075.53,29.04,89.82,0
839.81,48.29,121.21,2517.28,626.52,3344.85,26.94,85.99,0
847.57,52.12,123.83,1939.69,646.11,3259.01,30.26,90.67,0
813.53,59.2,105.85,2172.65,629.83,3188.12,29.13,89.37,0
850.78,53.61,112.0,2094.63,642.0,3334.19,27.03,84.04,0
895.34,48.42,114.51,2078.48,618.77,3170.84,27.33,85.88,0
839.1,56.22,112.82,2180.35,639.15,3112.75,27.49,86.31,0
867.3,58.36,130.55,2244.9,645.94,3126.75,26.86,89.09,0
857.79,51.25,127.71,2111.3,637.01,3271.22,25.97,85.96,0
814.49,59.37,98.72,2166.89,627.48,3064.45,30.17,87.53,0
935.72,54.37,131.24,2296.42,656.8,3250.53,27.54,89.87,0
853.57,61.12,120.56,2330.68,645.87,3247.02,27.38,86.19,0
866.27,63.4,114.4,2204.0,645.16,3128.46,28.08,86.02,0
848.71,47.89,130.93,2271.3,615.07,3164.34,29.03,88.31,0
827.99,55.09,107.2,2299.34,593.41,3102.87,27.8,90.11,0
879.08,64.88,103.96,2210.41,631.48,3274.25,30.02,87.0,0
884.08,48.72,136.99,1986.12,582.98,3223.7,25.93,87.81,0
876.93,49.05,121.0,2129.19,609.14,3417.64,28.31,87.02,0
854.55,50.65,123.67,2220.54,646.64,3265.21,29.56,89.32,0
834.63,63.97,134.28,2187.16,592.91,3378.84,29.54,89.99,0
884.01,62.9,116.53,2095.9,633.99,3170.55,29.7,84.44,0
852.97,60.27,101.19,2173.73,630.5,3221.79,28.36,88.29,0
856.72,58.35,112.1,2049.79,599.06,3130.64,27.7,85.68,0
851.33,49.55,124.34,2002.66,616.55,3242.71,30.22,84.82,0
851.13,54.37,108.7,2225.59,616.19,3438.85,30.07,88.71,0
865.96,62.26,126.79,2225.42,639.82,3292.72,27.9,86.88,0
876.83,59.54,113.5,2015.98,571.9,3208.69,28.2,92.38,0
866.66,50.96,124.18,2128.03,592.93,3110.11,28.08,88.7,0
841.38,53.37,115.8,2204.48,628.96,3301.08,30.06,87.3,0
862.75,54.71,124.56,2351.18,596.41,3220.52,29.23,89.65,0
889.85,54.93,112.2,2240.75,634.85,3164.13,27.91,89.59,0
790.21,52.44,135.18,2485.8,619.37,3151.82,28.53,81.71,0
830.36,42.2,109.42,2407.42,657.04,3308.89,28.19,90.95,0
799.41,55.03,112.35,2125.79,624.26,3232.36,27.44,93.74,0
857.07,63.05,101.3,2163.77,612.9,3238.0,28.76,83.32,0
814.03,41.16,117.59,2062.43,640.36,3191.45,26.4,90.31,0
866.68,65.81,125.29,2226.44,620.74,3160.74,27.88,92.99,0
868.99,50.62,123.32,2271.8,598.21,3172.11,29.07,89.96,0
886.88,48.16,117.0,2115.63,623.9,3208.12,29.13,89.37,0
819.9,52.76,119.52,2181.28,595.9,3316.7,28.56,93.33,0
856.46,54.89,113.59,2393.61,654.9,3257.45,27.75,88.43,0
831.12,51.76,132.21,2083.98,616.08,3210.39,28.46,88.27,0
879.13,47.73,134.3,2081.41,590.45,3264.84,28.62,87.87,0
894.19,53.34,122.83,2161.09,584.56,3209.85,26.62,87.53,0
877.01,53.52,107.45,2203.5,593.25,3196.49,28.98,87.91,0
850.2,60.76,120.19,2100.81,613.24,3267.74,29.54,88.62,0
847.03,52.46,128.41,2183.09,609.93,3295.18,28.31,89.13,0
1030.54,54.25,134.09,2819.09,793.83,3414.39,31.21,97.49,1
825.05,47.93,114.11,2213.82,624.64,3146.24,28.21,87.61,0
826.31,51.84,121.3,2477.27,616.78,3104.35,28.95,89.88,0
860.1,53.37,123.61,2193.35,609.5,3150.29,29.11,90.28,0
858.31,62.68,110.21,2366.37,641.72,3056.48,28.17,90.12,0
864.53,53.96,111.8,2189.23,653.95,3180.72,28.18,78.29,0
820.68,62.0,119.83,2096.05,631.48,3056.13,31.15,92.02,0
784.14,57.98,131.84,2195.71,616.75,3259.5,27.93,83.85,0
871.92,51.75,136.77,2361.42,636.75,3264.05,25.73,85.54,0
843.88,54.21,118.09,2251.34,609.01,3120.45,29.94,84.45,0
828.81,55.29,111.46,2363.99,631.71,3076.06,27.73,86.81,0
829.78,60.76,122.52,1841.98,632.98,3182.9,27.24,90.96,0
880.91,55.22,124.5,2236.67,656.06,3199.13,28.83,90.82,0
867.85,55.97,129.36,2378.13,588.8,3326.78,27.8,85.65,0
836.78,55.86,114.47,2001.79,643.27,3279.19,27.79,89.2,0
869.22,48.34,118.55,2511.41,615.56,3167.79,30.09,87.17,0
814.84,61.42,101.38,2055.81,633.99,3058.17,27.2,87.26,0
776.91,58.11,134.31,2150.71,675.18,3292.75,27.46,88.43,0
824.13,60.88,119.59,2220.47,660.48,3243.48,28.97,88.86,0
903.73,57.49,115.95,2148.53,617.12,3372.66,26.33,89.38,0
859.85,55.9,133.85,2095.98,649.78,3227.7,26.02,88.72,0
853.49,54.5,130.36,2248.23,584.73,3165.5,27.45,92.58,0
812.58,56.23,110.41,2066.73,664.14,3030.4,28.9,89.6,0
889.11,56.15,116.19,2249.81,620.78,3225.75,29.25,83.98,0
864.96,57.73,127.25,2241.63,625.8,3203.56,28.81,85.48,0
853.46,50.07,120.58,2154.29,611.23,3091.21,30.04,89.82,0
870.36,49.98,91.22,2286.38,576.17,3254.08,27.63,87.48,0
834.2,59.8,118.54,2192.12,596.28,3148.1,26.43,90.68,0
899.33,56.12,123.49,2384.0,605.6,3140.94,27.53,93.82,0
861.71,42.5,128.8,2043.16,619.78,3241.38,28.45,88.19,0
847.45,53.36,130.81,2189.25,601.86,3076.32,28.56,89.38,0
856.52,58.57,103.54,2201.53,641.67,3148.47,27.38,82.17,0
807.49,59.43,119.79,2176.18,602.09,3251.17,28.33,87.1,0
808.72,54.52,116.74,2134.0,619.15,3237.14,29.83,87.86,0
896.12,46.77,106.81,2269.32,603.97,3206.5,29.48,86.43,0
814.29,52.75,125.8,2350.51,647.45,3190.43,30.2,88.44,0
894.06,53.27,101.82,2298.6,586.57,3149.9,28.02,90.8,0
852.37,53.05,112.85,2134.13,610.99,3164.72,31.2,92.12,0
842.59,59.77,112.51,2173.98,615.12,3304.44,27.24,92.17,0
843.72,63.54,113.64,2164.61,629.17,3111.12,28.24,89.22,0
839.55,48.66,125.08,2332.2,617.73,3281.68,28.99,89.97,0
811.66,56.38,143.58,2519.94,579.73,3163.27,28.98,75.23,0
854.37,54.06,119.96,1854.94,624.82,3162.4,28.62,86.47,0
822.09,50.96,115.97,2418.03,542.43,3187.18,27.88,84.09,0
841.54,51.65,114.19,2144.96,655.49,3162.75,27.62,90.57,0
825.5,51.15,108.43,2357.46,605.36,3313.75,29.7,91.52,0
890.12,53.21,132.89,2292.95,626.08,3111.9,26.93,86.65,0
794.25,53.92,116.05,2158.06,576.33,3267.91,27.08,87.99,0
895.3,54.36,129.92,2060.85,619.35,3273.84,29.52,96.23,0
859.42,55.53,125.79,2150.22,617.88,3281.8,28.64,90.03,0
864.33,53.23,118.66,2064.92,558.79,3171.44,29.08,86.22,0
815.17,59.18,111.76,2082.19,607.24,3193.02,29.49,87.9,0
826.59,63.79,116.26,2225.77,632.9,3199.38,30.09,92.4,0
809.33,53.92,121.62,2236.83,555.45,3282.34,28.38,86.68,0
844.42,56.91,118.34,2200.4,604.82,3206.47,26.58,87.05,0
849.32,59.61,120.45,2188.28,618.6,3245.16,28.71,93.45,0
859.41,52.52,106.56,2333.84,661.58,3196.2,27.06,90.22,0
873.72,58.13,177.35,2169.76,631.24,3192.32,30.21,87.7,1
870.28,62.32,105.76,2216.46,637.9,3082.23,30.13,89.94,0
794.68,44.67,113.9,2141.8,603.12,3205.47,28.48,89.12,0
890.09,57.08,126.42,2058.86,620.64,3223.09,27.09,87.3,0
882.72,58.48,128.13,1869.62,627.01,3183.17,28.41,88.93,0
880.52,55.91,120.52,2016.53,593.02,3276.13,27.86,88.95,0
774.95,50.35,109.54,1991.46,632.35,3297.29,28.91,91.08,0
905.24,50.31,106.41,2155.01,636.19,3215.09,26.88,89.71,0
822.0,58.81,118.82,2230.87,626.31,3284.06,29.55,94.58,0
860.44,49.91,117.7,2099.95,609.54,3151.1,28.47,87.76,0
857.32,61.65,119.88,2399.65,620.73,3254.25,31.97,85.82,0
827.33,61.01,126.17,2170.83,567.02,3166.28,28.94,84.93,0
823.66,50.97,87.37,2359.57,608.0,3095.14,26.05,86.07,0
773.0,54.52,103.65,2309.53,585.86,3139.59,28.86,88.69,0
820.34,57.36,124.16,2170.09,642.96,3270.45,27.93,85.16,0
861.97,53.47,109.03,2432.73,650.6,3024.33,28.5,94.6,0
876.12,53.73,124.25,1980.66,614.75,3095.77,30.43,91.05,0
878.05,50.48,137.21,2355.79,665.23,3216.88,29.67,91.04,0
856.34,56.76,132.43,1838.05,639.13,3401.63,27.74,91.82,0
874.41,46.19,121.46,2158.81,617.38,3169.29,29.56,88.5,0
832.38,53.78,115.41,2583.78,612.67,3184.11,29.21,92.2,0
849.38,64.01,112.42,2445.93,640.8,3178.44,28.35,83.51,0
864.77,57.63,115.39,2432.01,645.3,3220.06,28.93,87.34,0
844.6,55.69,121.8,2393.33,637.75,3159.95,28.97,86.99,0
859.05,55.37,116.72,1937.64,582.35,3375.81,28.01,84.62,0
883.69,54.82,129.76,2377.69,634.23,3235.98,28.35,92.77,0
884.69,57.82,119.97,2360.25,632.55,3157.84,28.56,89.79,0
845.05,60.31,119.02,2193.29,622.54,3207.99,29.1,87.28,0
844.53,63.37,123.79,2042.67,590.06,3115.64,27.32,87.07,0
881.97,58.31,125.84,2094.07,612.17,3271.23,27.97,91.22,0
806.29,51.56,110.6,2336.78,632.87,3232.35,27.99,87.66,0
827.48,47.92,110.39,2407.12,647.64,3199.52,28.73,90.55,0
846.56,53.99,106.86,2125.52,601.22,3315.31,30.94,84.66,0
834.29,53.75,117.57,2208.0,674.88,3240.0,27.41,90.92,0
867.14,44.88,97.08,2353.3,585.49,3250.33,29.78,87.83,0
882.54,63.68,117.75,2389.44,644.89,3106.1,27.36,88.69,0
864.55,55.83,140.88,2548.72,630.21,3240.36,29.44,85.79,0
836.12,49.14,120.17,2196.06,627.09,3222.87,27.88,82.0,0
869.84,55.04,132.83,2589.85,654.79,3283.74,28.32,85.79,0
888.48,60.53,114.2,2276.38,617.31,3147.11,31.2,90.78,0
805.94,52.18,103.07,2191.95,632.36,3377.49,27.22,89.18,0
843.59,52.0,127.89,1976.65,628.76,3208.52,29.2,86.66,0
914.25,59.54,120.5,2249.34,667.31,3177.97,25.1,88.25,0
856.64,60.12,118.29,1947.53,595.35,3287.32,29.66,90.31,0
834.98,48.08,123.98,2214.02,664.45,3155.41,27.47,88.14,0
850.42,52.67,114.05,2213.45,636.19,3211.96,27.75,86.58,0
833.98,56.28,111.06,2333.85,612.76,3050.7,27.34,91.81,0
866.67,52.32,122.48,2325.03,626.95,3061.36,29.94,88.49,0
843.18,53.99,110.69,2242.2,612.39,3123.0,29.04,89.73,0
825.73,48.06,104.52,2047.51,657.06,3195.12,27.12,87.51,0
821.12,62.44,111.71,2551.5,662.88,3377.47,27.54,91.4,0
875.3,53.61,124.27,2504.0,623.24,3078.79,28.55,85.87,0
902.19,56.61,128.02,2374.55,628.72,3166.64,28.47,89.67,0
897.65,55.02,123.61,2258.82,620.8,3170.97,29.16,88.62,0
869.43,50.29,127.92,2256.45,627.1,3203.51,27.31,87.25,0
879.39,52.98,126.37,2384.86,628.21,3313.44,29.33,85.98,0
824.33,54.78,122.48,1909.15,612.29,3083.71,28.66,88.53,0
883.19,51.89,135.7,2268.8,641.02,3120.2,28.54,83.36,0
878.83,67.76,114.12,2253.02,593.39,3133.46,29.76,86.7,0
796.71,43.29,123.5,2033.32,616.67,3210.44,28.44,88.59,0
844.28,51.64,101.26,2488.74,615.04,3254.34,30.28,84.85,0
798.57,53.47,118.51,2115.52,693.07,3267.37,29.77,84.66,0
901.3,49.2,126.82,2311.1,630.93,3148.4,27.46,88.36,0
865.3,58.48,111.84,2051.57,643.28,3278.25,30.05,86.84,0
856.11,55.68,138.4,2091.32,623.25,3041.57,28.14,87.2,0
884.87,58.33,122.06,1947.74,649.98,3183.16,27.92,86.46,0
864.19,47.43,118.04,2161.49,624.44,3371.63,27.76,86.03,0
838.68,60.29,132.73,2231.28,607.38,3303.41,30.03,87.1,0
853.5,57.82,120.98,2243.09,606.94,3305.02,29.39,88.16,0
876.6,59.34,107.72,2223.18,592.37,3186.28,27.96,85.85,0
924.82,60.73,128.41,2342.31,633.6,3215.96,29.29,90.4,0
833.72,64.99,125.56,2131.02,611.12,3217.1,31.84,90.12,0
863.02,69.0,122.71,2264.14,618.55,3218.65,28.33,88.11,0
875.35,22.63,134.18,2405.06,666.41,3103.93,28.56,90.1,1
817.49,50.95,106.59,2490.96,603.31,3094.73,29.65,86.9,0
835.83,52.67,113.41,2251.29,604.84,3219.31,26.79,85.65,0
905.51,54.7,120.29,2352.39,576.74,3211.72,27.24,82.69,0
866.79,60.74,103.64,2184.56,591.3,3131.24,28.37,86.18,0
910.21,61.44,183.84,2425.23,597.25,3163.65,27.55,84.0,1
863.04,55.84,119.37,2266.03,634.44,3174.2,30.13,86.84,0
802.43,52.53,127.94,2344.33,593.05,3153.05,27.85,89.94,0
853.26,52.81,120.09,2136.01,675.15,3218.95,28.09,89.24,0
878.88,47.85,130.2,2077.65,623.46,3002.77,28.33,86.41,0
897.71,45.36,135.55,1991.57,631.49,3232.79,30.77,89.69,0
798.08,51.2,129.55,1928.55,632.01,3341.06,28.42,84.38,0
873.78,63.68,117.72,2284.64,602.57,3085.1,28.81,88.08,0
840.46,53.54,126.77,2122.8,611.92,3205.4,28.26,83.69,0
859.9,58.52,112.12,2368.72,640.14,3225.42,26.66,89.4,0
840.21,52.3,133.4,1964.73,608.25,3209.34,27.94,84.39,0
789.33,53.69,112.96,2326.51,643.11,3243.23,29.65,88.7,0
851.34,58.73,125.55,2162.49,625.97,3277.73,28.98,89.79,0
841.01,49.08,123.27,2018.77,650.84,3236.17,29.54,88.49,0
866.87,60.37,101.71,2320.73,595.9,3309.06,26.77,85.92,0
890.55,54.1,116.35,2453.25,641.32,3282.39,30.62,86.41,0
901.82,49.39,114.08,2171.4,633.68,3261.0,30.57,86.08,0
833.34,63.03,105.89,2424.73,642.0,3283.86,27.27,91.24,0
810.55,65.26,122.96,2388.94,645.62,3202.87,28.01,90.79,0
840.51,62.66,128.86,2129.74,647.84,3085.27,29.12,91.93,0
841.75,56.8,139.85,2204.42,621.94,3119.12,27.67,90.0,0
826.53,59.68,123.98,2323.45,610.47,3234.79,27.78,85.13,0
842.5,57.63,113.07,2236.69,580.03,3298.48,27.95,86.95,0
841.87,53.62,106.36,2395.3,598.27,3239.68,30.14,83.75,0
861.97,52.37,132.4,2369.88,626.14,3195.95,28.98,87.44,0
849.27,48.6,141.87,2249.83,616.57,3142.5,29.2,91.06,0
848.72,55.73,133.4,2250.32,601.83,3118.83,28.74,84.35,0
899.72,47.95,120.67,1966.62,616.85,3266.72,28.74,86.76,0
887.55,54.7,120.24,2240.62,640.83,3096.39,31.01,95.71,0
836.5,49.86,120.13,2144.79,609.12,3272.63,29.86,90.49,0
860.25,58.98,116.26,2351.12,620.64,3141.38,29.35,89.68,0
853.01,56.72,114.36,2435.34,633.36,3100.28,28.78,89.72,0
872.98,53.61,121.72,2076.87,623.51,3206.07,29.28,89.28,0
857.91,48.4,119.56,2087.33,600.15,3223.88,27.46,87.86,0
885.27,53.68,129.34,2409.7,640.99,3054.54,31.59,85.67,0
920.14,53.21,104.63,2021.45,589.57,3217.6,29.73,86.38,0
820.41,55.74,116.44,2132.79,659.41,3133.6,26.83,86.71,0
798.0,49.82,111.46,2204.57,620.59,3118.76,30.3,90.85,0
871.59,33.08,109.41,2465.47,696.91,3250.52,25.51,90.2,1
829.25,41.69,116.58,1770.52,641.32,3313.66,30.55,88.83,0
873.33,50.59,148.26,2065.42,673.79,3201.19,28.49,86.53,0
874.87,67.24,112.49,2324.36,617.61,3130.22,28.23,90.89,0
872.66,56.07,113.69,2302.17,625.81,3290.95,29.81,87.09,0
861.28,55.15,112.65,2229.03,626.03,3198.87,27.81,87.48,0
861.84,53.98,121.84,2100.83,623.34,3195.65,26.27,86.63,0
826.66,52.22,117.8,2263.08,616.03,3240.82,29.15,87.98,0
816.56,53.28,121.36,2259.19,604.34,3198.77,27.13,92.8,0
843.17,48.34,110.07,2216.77,590.0,3285.05,30.59,87.27,0
818.9,58.48,116.11,2323.9,583.53,3367.64,27.15,86.61,0
810.07,57.81,126.61,2373.88,635.73,3322.53,28.01,88.75,0
870.63,56.41,130.22,2126.38,611.81,3159.71,30.19,83.66,0
869.67,60.38,122.05,2339.16,627.7,3214.07,27.86,90.1,0
864.8,49.36,113.08,2165.2,605.23,3139.65,26.74,85.99,0
883.66,52.61,103.75,2083.43,627.56,3253.21,29.87,86.92,0
790.28,55.25,130.71,2183.12,624.29,3272.11,26.47,84.13,0
822.76,45.91,115.14,2410.41,632.95,3270.8,29.57,90.84,0
831.26,54.73,117.47,2344.2,602.75,3277.56,27.3,92.77,0
852.36,59.54,120.7,2305.46,614.12,3232.79,29.55,82.07,0
887.47,59.68,116.9,2185.51,615.08,3302.35,27.29,83.36,0
846.92,55.36,129.56,2398.75,592.23,3198.53,27.18,87.5,0
818.28,52.78,107.54,2041.81,575.25,3176.71,30.68,84.99,0
894.41,54.56,104.46,2134.14,617.97,3194.54,30.55,89.01,0
816.95,56.16,109.88,2229.4,619.33,3302.18,29.37,90.17,0
806.01,54.52,129.65,2376.37,655.88,3265.22,29.98,84.74,0
862.29,50.97,119.91,2175.82,613.56,3142.23,27.8,91.79,0
873.4,54.15,135.28,2171.68,638.0,3244.47,27.22,89.74,0
1013.57,57.39,127.86,2717.8,781.36,3337.54,30.7,96.41,1
874.27,53.83,121.87,2043.63,582.12,3204.02,26.85,90.21,0
1112.04,39.48,147.23,2915.71,753.3,3318.39,30.27,101.02,1
798.83,51.51,122.71,2148.09,625.75,3238.28,28.01,81.48,0
839.26,46.54,119.38,2202.03,614.07,3255.77,29.02,89.61,0
848.96,65.61,123.07,2375.02,612.83,3169.4,28.28,91.67,0
841.78,62.13,129.04,2060.15,596.66,3018.99,29.24,92.23,0
797.21,53.23,139.28,2134.81,648.64,3203.74,28.42,85.99,0
856.45,60.52,114.96,2400.73,583.46,3186.36,29.15,89.15,0
823.61,57.15,136.41,2231.31,626.73,3097.57,30.0,89.43,0
857.84,53.05,129.48,2056.53,676.62,3330.0,27.03,89.45,0
853.23,54.84,105.85,2096.84,646.8,3204.52,28.95,86.68,0
877.63,59.48,121.14,2152.67,592.63,3066.18,31.92,87.75,0
811.38,56.26,115.13,2132.02,600.96,3143.11,27.62,90.48,0
804.78,56.43,102.59,2057.96,641.57,3335.92,29.44,90.02,0
854.66,50.05,99.71,2274.06,631.28,3121.44,26.86,84.25,0
811.54,54.76,125.64,2075.75,643.3,3173.14,28.0,85.95,0
853.06,58.85,111.3,2290.24,611.14,3170.84,27.15,83.4,0
867.59,53.86,130.51,2188.41,613.49,3186.36,29.0,92.1,0
866.76,65.94,111.31,2341.26,605.16,3066.7,27.54,88.2,0
880.47,50.71,120.9,2381.02,620.56,3206.43,28.82,91.41,0
831.04,52.91,111.62,2236.67,631.75,3223.28,29.04,87.15,0
907.75,58.84,135.23,2590.9,569.68,3156.11,25.31,89.01,0
809.19,54.58,122.9,2081.91,607.37,3031.32,29.91,89.96,0
845.36,53.9,120.17,2256.43,590.15,3229.62,30.01,89.32,0
864.55,59.59,111.59,2283.36,635.36,3212.62,30.5,93.84,0
863.81,59.34,127.93,2322.75,616.53,3196.97,27.8,87.54,0
881.37,48.93,138.83,2202.89,596.9,3225.8,28.37,90.93,0
867.12,58.31,132.07,2187.67,616.44,3130.38,29.31,85.54,0
872.13,57.79,121.59,2346.18,597.07,3129.85,28.41,88.13,0
862.58,54.36,101.99,2202.72,645.5,3136.96,26.47,87.84,0
907.73,52.74,114.96,2354.83,600.49,3170.4,28.89,90.23,0
833.21,50.92,119.67,2266.18,633.04,3216.89,26.14,87.8,0
826.5,48.0,118.97,2352.86,617.2,3217.19,28.96,84.63,0
785.42,35.06,132.3,2191.07,683.58,3072.56,30.42,84.45,1
876.67,58.79,129.89,2458.71,662.84,3245.41,29.13,91.88,0
874.93,64.97,121.17,1988.12,654.37,3061.61,28.72,86.56,0
867.62,56.45,126.53,2336.23,621.12,3167.15,28.3,86.01,0
852.1,49.57,107.66,2205.33,602.1,3126.68,27.34,87.49,0
907.69,58.79,110.35,1986.49,641.66,3261.57,29.22,90.71,0
859.75,59.26,113.52,2243.78,599.07,3238.26,28.16,91.15,0
823.17,49.7,105.99,2107.7,587.16,3287.47,29.15,87.68,0
824.1,52.35,123.87,2292.18,599.73,3307.17,29.38,87.84,0
866.38,58.07,134.71,2085.11,661.49,3372.24,27.3,87.59,0
859.84,52.87,125.75,1936.28,641.66,3120.88,27.89,93.16,0
869.02,51.29,117.15,1954.32,615.55,3099.7,28.48,91.78,0
856.95,49.53,104.71,2248.01,633.25,3261.88,27.14,94.38,0
876.59,48.35,111.91,2364.39,579.76,3141.98,27.99,86.78,0
889.75,59.32,113.59,2312.49,639.51,3165.39,27.64,88.88,0
869.06,59.52,89.17,2390.08,603.52,3241.35,28.11,89.18,0
912.88,53.03,106.77,2243.93,609.83,3081.42,28.38,89.14,0
801.75,56.65,129.95,2199.44,639.27,3216.64,29.0,88.03,0
864.88,56.24,106.62,2127.28,606.27,3247.66,27.5,84.97,0
817.52,59.8,113.81,2049.32,603.32,3367.91,29.14,90.42,0
865.24,53.69,129.73,2197.84,638.82,3148.85,28.62,83.76,0
860.28,55.66,125.49,2209.19,578.6,3167.54,29.01,82.97,0
825.28,55.62,138.71,2541.57,602.32,3299.33,26.99,85.98,0
852.84,55.84,142.74,2047.97,633.0,3245.26,27.0,85.7,0
868.39,58.0,119.21,2374.74,634.9,3244.94,28.08,88.01,0
820.21,57.09,114.96,2274.65,607.22,3191.43,27.8,89.4,0
921.52,52.45,115.81,2124.63,622.92,3261.27,26.08,92.17,0
881.56,51.02,103.09,2176.66,642.3,3131.81,28.6,91.11,0
848.23,48.69,127.9,2236.01,576.46,3135.99,29.97,87.92,0
875.21,49.3,121.75,2434.86,617.52,3240.03,28.03,86.78,0
835.66,43.27,134.78,2172.52,614.57,3244.21,30.26,87.85,0
828.26,47.99,114.94,2189.87,640.6,3198.89,29.25,89.58,0
824.03,58.96,118.81,1904.5,578.78,3190.61,30.67,86.02,0
837.18,50.51,109.26,2116.66,637.8,3306.12,26.35,92.91,0
857.69,53.15,123.01,2375.5,573.33,3141.99,27.08,84.66,0
856.07,65.77,113.18,2242.42,637.88,3172.4,29.45,87.07,0
884.45,54.1,123.8,2360.65,626.15,3238.3,30.67,87.51,0
857.46,56.9,121.61,2152.69,605.81,3215.08,26.19,81.3,0
829.11,57.73,120.23,2119.49,616.69,3098.2,28.74,88.5,0
872.48,53.49,111.1,2305.47,618.34,3047.55,29.48,85.98,0
845.35,61.85,131.99,2026.18,610.07,3155.86,28.54,92.42,0
803.57,54.73,106.12,2181.22,624.71,3207.22,27.64,84.4,0
849.73,54.49,134.07,2262.89,612.12,3088.93,28.63,86.74,0
859.28,59.19,133.89,2386.31,658.27,3261.09,28.05,90.23,0
855.38,54.79,100.29,2267.86,625.54,3185.23,26.76,88.63,0
841.2,49.43,119.03,2093.29,607.32,3178.73,29.47,88.29,0
853.96,58.93,119.35,2026.61,648.45,3256.06,27.18,92.59,0
823.72,54.34,120.09,2148.44,576.15,3194.55,28.46,88.12,0
827.45,58.89,116.13,2509.53,683.97,3349.88,27.08,87.16,0
875.05,64.2,109.7,2327.53,637.75,3307.88,28.98,84.42,0
835.2,53.47,125.82,2258.53,653.79,3307.36,27.13,92.64,0
848.84,54.06,139.99,2217.4,591.9,3196.8,28.69,87.25,0
859.79,52.39,125.96,2320.13,611.16,3110.72,28.0,88.99,0
858.2,51.23,128.77,2417.03,624.55,3030.52,29.15,85.76,0
860.99,56.16,124.19,2132.67,621.04,3235.32,29.45,86.08,0
895.04,56.89,119.81,2491.39,626.77,3198.98,26.13,86.0,0
829.49,53.5,140.14,2027.42,576.87,3371.14,29.19,88.64,1
860.86,53.68,108.57,2027.63,619.36,3097.77,27.99,85.18,0
846.04,54.45,120.63,2084.62,658.53,3214.24,28.73,90.8,0
877.58,58.54,119.61,2004.57,626.83,3196.42,25.95,86.27,0
861.36,57.17,119.46,2052.1,579.73,3392.42,27.0,91.4,0
893.99,50.99,117.75,2386.75,613.02,3273.58,28.53,88.78,0
832.7,52.28,107.4,2409.55,656.82,3216.0,27.23,88.34,0
850.31,63.99,115.57,2108.42,638.75,3252.29,28.22,87.62,0
904.62,58.79,141.7,1842.68,595.65,3113.21,28.92,89.39,0
797.31,51.9,114.37,1935.73,574.27,3234.07,28.15,92.66,0
852.04,46.8,114.54,2045.66,627.94,3327.48,26.94,88.2,0
904.66,56.03,126.95,1985.04,631.56,3200.25,26.95,92.25,0
891.44,56.64,108.05,2033.69,616.44,3171.48,28.39,87.54,0
858.74,59.86,105.8,2160.25,615.96,3286.52,27.03,90.62,0
870.1,52.43,134.67,2269.63,645.03,3244.1,29.82,88.53,0
924.15,50.96,131.89,2234.97,646.98,3364.4,29.53,86.27,0
865.72,55.98,124.35,2137.43,622.71,3172.28,26.97,88.21,0
861.44,43.61,122.04,2204.74,619.01,3190.22,28.84,88.14,0
840.65,60.24,110.29,2364.72,602.16,3045.4,25.09,88.33,0
795.68,54.96,120.2,2035.1,621.33,3025.78,30.37,92.78,0
908.23,54.89,118.19,2270.09,629.89,3388.27,27.65,90.47,0
852.76,53.31,111.73,2070.42,591.49,3131.79,28.14,88.82,0
846.25,55.9,127.54,2334.47,635.91,3096.68,27.62,89.17,0
853.84,58.75,124.84,2093.01,622.43,3257.2,29.31,91.16,0
884.96,49.57,117.4,2411.34,636.2,3164.44,30.49,82.95,0
862.84,50.23,122.15,2181.16,638.9,3187.78,27.85,89.07,0
862.12,59.42,131.27,2343.6,629.85,3202.2,28.51,87.68,0
860.57,62.64,142.22,1926.81,577.12,3274.49,28.59,85.87,0
836.8,49.39,111.94,2166.19,553.06,3229.82,27.52,91.18,0
857.15,58.36,117.62,2098.08,628.46,3368.64,27.25,86.29,0
857.38,57.66,119.23,2417.33,635.53,3136.94,28.11,83.27,0
1033.05,50.52,125.83,2647.97,787.98,3415.48,30.52,92.8,1
827.61,60.63,111.76,2084.61,609.16,3147.51,28.79,87.82,0
847.8,60.91,117.16,2242.84,615.67,3214.57,28.9,86.44,0
816.24,59.32,125.52,2133.83,657.69,3268.09,28.19,83.91,0
830.44,52.75,117.94,2266.26,615.77,3189.46,27.69,86.55,0
848.5,52.8,150.27,1820.95,557.61,3195.48,27.26,85.16,0
819.45,55.58,115.88,2037.53,628.49,3219.92,28.93,87.31,0
851.39,48.73,101.24,2030.2,602.88,3210.53,27.65,85.38,0
816.79,54.39,101.37,2476.71,611.2,3055.24,29.56,89.6,0
825.41,49.82,106.88,2027.17,614.94,3143.06,27.03,84.51,0
835.33,39.34,103.65,2116.2,597.36,3291.18,26.24,86.96,0
859.96,52.73,102.19,2067.95,615.45,3230.64,27.28,82.6,0
838.37,55.73,119.22,2386.18,643.39,3265.83,26.86,92.1,0
850.16,52.88,121.77,1981.86,604.3,3282.08,28.81,89.52,0
800.34,47.91,124.55,2273.18,609.4,3308.73,28.19,87.23,0
818.31,49.2,120.02,2249.45,612.45,3181.72,27.53,88.4,0
823.17,45.02,125.3,2462.96,535.57,3293.29,27.06,85.16,0
818.07,51.7,101.43,2439.87,596.48,3214.48,26.5,87.02,0
848.32,49.49,121.84,2110.0,646.68,3101.98,29.04,84.73,0
868.43,58.51,106.44,2320.91,591.28,3173.02,29.13,85.68,0
903.35,51.09,116.98,2542.9,602.01,3163.44,28.51,89.61,0
855.3,54.75,122.08,2389.35,608.54,3207.65,27.82,91.66,0
897.33,59.99,124.43,2133.34,632.29,3264.64,26.47,91.06,0
876.87,58.82,124.99,2448.12,593.04,3155.74,30.46,95.76,0
823.01,53.61,115.24,2252.42,640.77,3215.51,28.88,88.43,0
850.8,57.26,121.95,2528.83,565.1,3226.32,27.16,89.88,0
851.3,57.11,108.25,2219.74,581.91,3176.74,29.13,92.04,0
847.27,55.05,99.01,1981.97,608.02,3160.64,29.45,88.35,0
862.36,54.13,121.4,2438.48,680.6,3290.66,28.63,84.76,0
839.58,52.92,116.05,2191.48,593.37,3206.16,28.73,88.62,0
847.93,56.41,127.1,2320.31,635.48,3329.13,28.97,88.15,0
808.41,56.09,102.32,2337.88,631.35,3263.13,29.72,87.88,0
817.08,54.56,122.95,2314.18,643.44,3162.82,29.49,91.52,0
838.72,59.27,128.08,2231.82,615.24,3222.85,28.8,93.03,0
855.3,50.6,123.5,2435.91,604.64,3099.68,29.66,86.72,0
847.31,59.81,129.18,2156.64,608.39,3274.4,26.85,86.41,0
886.96,57.35,119.8,1908.55,570.07,3281.63,28.98,89.48,0
848.74,55.97,125.86,1972.15,655.18,3167.6,28.19,86.17,0
857.04,56.49,119.63,2258.81,579.25,3223.22,27.87,91.13,0
816.98,54.48,113.41,2218.06,592.87,3226.84,25.7,92.86,0
852.64,45.82,117.67,2081.29,614.67,3168.53,27.75,88.12,0
831.15,56.06,115.16,2427.33,638.15,3289.69,28.61,91.35,0
851.39,61.26,125.52,2176.67,620.91,3197.51,27.18,90.5,0
818.95,52.25,107.65,1996.9,654.52,3229.06,28.13,86.65,0
842.15,49.26,135.42,2133.48,623.58,3123.72,29.78,89.65,0
826.18,48.02,100.33,2150.62,681.74,3256.14,28.16,84.79,0
840.99,57.64,108.66,2393.16,646.27,3247.35,28.81,86.96,0
820.65,46.63,113.35,2408.99,628.57,3039.37,28.86,90.02,0
874.73,61.87,116.1,2438.69,655.63,3237.9,28.14,84.45,0
861.5,59.22,111.14,2185.66,615.82,3249.95,27.24,81.36,0
860.85,50.41,125.68,2184.09,625.72,3309.23,28.49,86.77,0
859.13,60.25,133.05,2172.52,570.09,3149.7,27.23,87.64,0
849.94,58.12,112.18,1995.04,612.1,3190.76,28.79,91.21,0
830.81,60.05,114.6,1861.59,625.79,3114.38,26.81,85.0,0
867.62,58.31,142.52,2163.61,603.6,3245.0,27.28,89.23,0
839.55,55.06,112.67,1958.96,625.38,3208.1,28.5,88.21,0
832.73,54.1,120.91,2234.25,587.21,3131.76,28.39,86.52,0
785.32,46.98,123.43,2448.18,587.36,3214.48,28.32,84.69,0
839.4,48.93,122.95,2079.01,633.89,3206.62,27.8,87.81,0
937.43,48.43,107.55,2257.18,594.64,3282.17,30.64,92.38,0
779.99,57.5,124.14,2348.18,641.87,3105.08,28.4,88.16,0
885.35,62.22,114.32,2189.12,611.76,3177.62,27.6,92.05,0
830.51,62.44,117.97,2182.81,645.53,3060.08,28.1,87.88,0
836.96,58.06,93.58,2431.19,613.72,3240.53,26.73,86.72,0
848.34,48.36,105.16,2203.6,666.08,3287.33,26.79,82.96,0
802.24,50.22,138.41,2017.84,619.85,3285.83,26.44,84.12,0
840.79,54.12,127.29,2113.29,652.37,3295.75,27.13,88.61,0
800.21,54.64,115.74,2241.72,635.91,3202.88,28.07,89.36,0
853.95,49.17,120.1,2365.85,596.63,3280.31,27.59,87.51,0
818.78,58.42,111.26,2274.12,628.03,3204.86,28.67,87.32,0
867.16,61.79,114.14,2342.41,612.31,3051.2,27.68,92.94,0
816.19,53.56,120.44,2324.21,587.34,3225.81,29.08,89.28,0
815.6,57.5,128.15,2391.57,618.14,3083.79,28.87,90.73,0
823.99,54.21,112.24,2446.57,584.33,3142.84,28.57,86.88,0
827.14,46.77,117.94,2257.62,606.87,3264.49,28.32,89.4,0
880.64,47.59,143.26,2069.58,620.93,3241.33,27.11,90.26,0
848.79,42.32,118.18,2302.39,598.46,2929.16,29.12,97.22,0
846.1,48.09,120.0,1986.72,618.44,3136.63,29.03,86.35,0
839.31,54.73,112.4,2282.45,657.49,3188.86,29.58,85.2,0
859.91,58.03,117.22,2266.02,643.22,3228.4,27.99,80.56,0
802.39,50.18,126.71,2461.26,580.94,3197.94,29.66,86.93,0
836.59,64.64,105.71,2306.65,596.25,3222.12,29.12,92.8,0
867.44,62.61,124.26,2081.53,601.91,3219.17,26.44,90.77,0
851.28,58.81,119.23,2260.99,617.67,3218.12,29.3,88.64,0
873.44,59.26,106.89,2168.41,639.92,3313.84,28.03,86.6,0
836.76,62.21,120.61,2067.87,645.71,3204.79,28.79,84.69,0
858.44,51.33,118.85,2094.68,601.08,3269.49,29.45,86.51,0
793.15,50.62,140.17,2347.41,632.48,3227.16,28.62,88.85,0
903.9,30.39,153.93,2149.39,613.89,3110.96,26.39,84.94,1
848.8,65.05,124.73,2208.85,624.09,3111.33,28.81,89.36,0
811.84,51.3,108.6,2171.07,609.92,3287.04,28.38,85.91,0
817.79,54.98,101.62,2341.48,614.95,3218.29,29.57,88.93,0
856.1,58.07,141.24,2377.92,626.98,3218.79,28.56,86.29,0
838.71,58.9,97.28,2163.8,622.08,3245.7,29.17,86.78,0
885.08,55.04,125.88,2199.78,667.83,3270.92,29.29,87.29,0
820.45,64.06,116.73,2085.36,636.31,3210.75,27.25,85.33,0
872.8,58.07,145.69,2191.41,645.5,3164.31,29.32,92.31,0
830.67,51.13,111.02,2189.47,592.85,3187.42,29.48,85.32,0
854.75,57.08,107.7,2094.13,634.81,3050.39,28.37,86.4,0
858.2,45.34,117.27,1961.79,603.11,3279.04,29.5,89.0,0
805.24,59.77,122.87,2127.17,661.57,3265.37,26.64,88.27,0
797.96,57.88,113.62,2264.3,619.3,3243.44,29.96,84.0,0
837.94,58.8,126.03,2181.05,665.33,3147.76,27.92,86.05,0
892.3,51.82,112.07,2320.9,622.4,3142.31,25.04,88.1,0
850.53,57.26,120.05,2255.96,646.61,3232.21,28.16,85.35,0
889.29,56.36,125.4,2286.97,595.23,3230.96,29.76,81.73,0
845.15,58.24,119.61,2159.53,625.07,3188.04,26.76,85.37,0
885.09,56.3,123.31,2379.27,620.29,3260.85,28.13,90.29,0
838.7,48.51,118.37,2142.02,593.85,3245.75,29.87,86.55,0
844.04,57.87,134.09,2189.57,585.71,3174.2,28.67,85.57,0
800.2,48.09,113.92,2055.89,654.89,3120.47,28.68,92.21,0
861.91,55.97,127.21,2376.34,648.21,3143.69,27.11,89.77,0
829.19,56.46,126.37,2131.88,675.45,3239.33,29.99,82.92,0
884.21,53.24,131.63,2079.1,608.73,3044.91,26.34,86.65,0
804.53,51.29,121.12,1990.9,604.39,3231.87,27.96,85.2,0
847.39,55.16,115.84,2272.07,599.92,3135.34,27.1,87.21,0
807.47,55.84,128.95,2409.26,673.86,3148.68,28.47,84.97,0
828.59,67.85,123.63,1937.51,655.03,3288.2,29.02,89.53,0
895.88,57.31,117.07,2282.7,629.53,3265.56,30.41,86.97,0
792.71,52.14,125.72,2571.33,578.16,3065.72,29.2,88.25,0
877.83,53.29,122.78,2043.06,641.48,3253.84,29.43,97.46,0
848.51,61.08,116.8,2386.16,612.43,3192.09,28.15,85.45,0
825.81,51.16,122.82,2422.31,640.33,3232.59,27.13,84.04,0
900.04,55.23,127.38,2073.47,602.06,3136.15,26.48,87.44,0
838.85,56.62,119.97,2238.37,661.11,3243.62,29.56,87.01,0
846.57,55.65,114.88,2176.86,613.48,3122.46,29.25,85.53,0
863.35,49.5,131.4,2245.89,622.86,3238.19,29.12,82.79,0
841.97,60.19,125.78,2248.78,650.87,3189.49,28.51,89.34,0
803.36,62.23,111.58,2214.58,621.84,3237.46,27.85,97.92,0
809.73,52.25,100.23,2157.08,628.86,3064.36,30.53,86.27,0
819.55,63.55,127.23,2079.92,630.43,3082.83,27.21,88.4,0
856.58,52.44,108.23,2295.75,642.36,3316.82,26.45,91.43,0
850.4,62.45,128.6,2260.84,653.77,3347.13,31.02,86.54,0
856.33,52.38,125.24,2193.34,618.52,3250.8,27.31,87.94,0
828.42,52.03,114.69,2186.19,601.03,3127.09,29.04,86.45,0
886.46,52.97,108.23,1846.33,633.92,3110.18,29.02,88.9,0
831.51,44.38,124.24,2356.76,608.91,3045.63,29.57,83.71,0
837.71,49.6,114.37,2282.47,667.17,3132.08,28.6,88.59,0
816.41,53.44,143.36,2134.53,653.46,3172.47,29.13,84.56,0
870.52,53.88,106.26,2199.47,652.56,3113.56,25.69,87.71,0
870.25,51.01,125.32,1979.43,622.81,3166.93,29.31,88.37,0
840.48,64.45,111.12,2152.3,595.11,3193.13,29.65,84.96,0
848.45,51.05,107.02,2237.48,646.58,3224.26,28.39,85.93,0
891.88,63.89,149.24,2363.22,579.58,3281.19,28.69,87.72,0
894.62,59.61,143.04,2158.14,614.28,3197.1,30.58,89.55,0
809.64,58.01,122.06,2434.44,617.09,3234.33,26.96,88.04,0
843.01,54.03,126.77,1812.09,591.62,3283.75,28.64,88.56,0
832.27,59.51,112.32,2320.75,634.47,3225.83,27.01,89.26,0
866.64,51.89,114.16,2010.48,660.34,3198.7,27.58,88.34,0
843.32,51.94,118.54,2195.46,621.39,3115.41,27.49,89.74,0
856.31,50.1,99.77,2213.01,637.22,3185.93,29.04,93.53,0
782.34,42.86,119.75,2174.4,637.88,3161.49,27.87,87.67,0
842.42,59.24,116.32,1884.25,605.43,3111.42,30.07,91.09,0
870.71,56.81,115.7,2183.74,644.03,3231.24,29.17,87.03,0
872.36,55.86,131.93,2125.87,580.09,3258.24,29.71,92.4,0
866.38,56.65,125.3,2276.88,623.51,3240.75,30.22,88.97,0
880.3,52.14,121.46,2215.69,614.85,3175.51,27.79,86.99,0
835.44,49.57,115.78,2106.99,621.58,3324.83,27.61,88.98,0
864.24,51.72,172.23,2578.26,659.23,3305.01,28.67,88.28,1
845.74,50.42,145.91,2352.1,641.98,3160.74,27.67,86.47,0
846.44,50.3,116.35,2215.03,627.81,3205.97,28.81,89.95,0
863.68,58.42,132.48,2413.46,635.08,3425.81,29.72,89.21,0
883.3,46.85,108.55,2163.38,602.16,3140.38,29.61,86.0,0
824.86,54.81,127.13,2040.55,563.98,3191.96,27.54,85.3,0
876.12,53.82,122.23,2266.06,638.25,3214.35,27.45,90.63,0
830.9,55.18,129.56,2053.19,638.63,3274.16,27.6,89.32,0
843.21,56.2,114.13,2202.57,593.1,3115.83,30.64,84.19,0
839.44,49.06,109.29,1845.27,618.08,3242.12,27.91,91.82,0
886.38,51.88,116.63,2325.88,591.03,3256.19,28.09,92.58,0
840.03,54.55,141.06,2229.43,634.59,3120.72,29.04,90.0,0
864.52,50.4,130.57,1991.4,668.26,3158.94,26.38,88.0,0
813.23,55.76,114.92,2246.8,603.0,3271.57,29.2,85.24,0
862.46,50.52,117.59,2239.78,601.42,3069.71,29.83,92.68,0
869.13,45.26,111.83,2167.92,594.8,3082.83,28.56,88.99,0
856.05,58.31,124.77,2277.88,606.94,3070.16,28.92,93.1,0
894.02,53.97,117.59,2321.33,560.32,3331.45,29.0,83.49,0
852.16,47.32,117.88,1886.79,576.81,3240.74,28.7,93.24,0
868.82,57.42,114.5,2187.07,606.54,3201.71,28.83,88.78,0
822.92,52.03,101.78,2090.09,594.9,3299.73,29.36,89.35,0
869.6,54.06,102.43,2172.03,592.14,3138.55,31.04,87.55,0
927.93,51.44,127.78,1934.2,620.95,3222.87,27.86,95.56,0
873.02,53.62,132.31,2393.56,605.65,3253.01,26.92,90.71,0
880.27,65.75,123.77,2067.93,615.95,3183.66,28.39,88.73,0
883.14,50.59,118.7,2279.65,626.01,3240.15,27.21,87.91,0
836.33,51.57,120.61,2213.46,599.26,3196.41,28.74,89.54,0
836.1,50.84,119.1,2152.16,613.75,3257.05,29.22,86.85,0
807.19,55.61,119.01,2132.5,605.48,3241.09,27.04,82.93,0
822.97,55.76,116.72,2161.87,594.31,3276.47,29.2,89.06,0
849.03,49.94,110.39,2039.62,648.21,3114.03,28.01,86.06,0
821.04,57.05,117.59,2038.7,619.14,3192.61,29.33,90.18,0
844.11,56.72,109.19,2182.53,641.88,3084.34,30.34,85.67,0
857.73,55.3,116.63,2006.26,611.37,3248.95,28.63,86.06,0
799.24,54.73,119.61,2167.75,650.03,3212.14,29.14,85.76,0
876.17,48.51,113.75,2117.46,629.7,3114.28,31.64,90.57,0
798.75,56.99,134.02,2598.63,586.05,3134.84,30.48,94.16,0
887.14,48.46,107.89,2141.7,602.56,3313.72,29.15,90.41,0
816.48,53.76,110.76,2283.15,669.03,3213.68,30.03,88.39,0
829.0,56.11,112.7,2234.44,610.01,3277.19,28.31,91.31,0
911.98,23.38,146.99,2147.55,668.76,2982.03,29.57,89.74,1
847.14,59.22,113.52,2058.01,637.67,3310.04,28.12,88.09,0
838.12,54.5,118.16,2159.02,683.68,3090.48,28.64,81.03,0
862.39,46.57,121.42,2193.64,586.38,3164.68,27.06,91.28,0
822.47,59.63,112.14,2051.96,596.84,3156.21,29.29,86.21,0
893.87,44.22,117.94,2159.9,612.56,3156.99,30.08,88.28,0
820.0,54.06,93.02,2228.05,594.56,3166.46,28.78,88.35,0
860.91,61.55,90.79,2277.41,672.59,3222.19,29.05,90.57,0
828.52,58.74,116.88,2134.23,600.04,3218.94,28.97,88.71,0
900.13,47.95,122.05,2137.93,614.35,3325.36,28.66,90.64,0
836.99,57.61,116.87,2442.02,670.11,3137.99,27.35,88.7,0
836.13,55.89,135.13,2206.21,639.04,3166.11,29.31,87.54,0
881.42,62.43,127.92,1954.14,651.87,3167.01,28.06,88.08,0
857.27,50.47,119.66,2232.33,620.22,3150.69,29.02,87.22,0
860.75,60.51,120.01,2483.16,593.72,3234.78,27.36,89.08,0
857.7,54.12,108.61,2374.76,606.89,3243.39,26.53,86.22,0
818.49,54.37,132.96,1971.77,622.27,3235.08,28.8,85.55,0
827.97,55.39,135.86,1910.6,629.15,3269.45,28.7,83.23,0
864.42,46.47,102.96,2083.19,634.2,3074.73,29.94,84.06,0
861.08,58.36,107.55,2045.61,600.9,3221.0,29.54,87.17,0
840.13,52.17,122.73,2205.95,608.13,3306.42,28.07,87.97,0
872.86,64.85,121.23,2154.18,629.5,3335.3,30.07,87.86,0
805.18,51.55,126.33,2165.75,624.07,3197.96,29.89,92.72,0
892.38,53.71,113.17,2179.89,599.38,3043.75,27.8,87.21,0
800.58,58.8,119.24,2125.66,598.56,3181.96,28.51,88.28,0
803.32,57.85,117.37,2299.82,632.24,3206.37,28.95,88.38,0
921.24,57.77,121.16,2259.98,599.22,3232.02,27.76,90.96,0
850.93,57.16,116.54,2306.21,626.98,3326.75,28.12,85.23,0
847.36,54.84,124.91,1883.69,621.81,3284.48,28.2,82.25,0
897.28,53.86,115.89,2124.13,604.92,3238.29,26.75,87.81,0
833.7,63.75,115.58,2465.88,655.17,3308.19,27.79,90.73,0
856.88,61.28,110.38,2176.45,637.71,3231.99,29.22,86.23,0
810.69,50.07,112.8,2065.33,641.09,3162.67,28.29,86.76,0
868.19,59.52,110.72,2118.75,613.76,3283.26,29.54,92.06,0
824.04,57.78,120.97,2064.52,615.18,3225.5,31.36,91.41,0
830.91,49.28,118.1,2403.88,646.95,3127.97,28.46,89.4,0
880.51,51.38,112.12,2441.23,634.92,3167.95,30.76,87.67,0
867.27,57.17,120.69,2047.55,585.16,3149.36,31.69,87.0,0
830.63,60.19,125.23,2172.76,632.79,3224.82,27.56,89.52,0
897.38,54.06,130.62,2444.58,582.77,3295.68,27.41,90.43,0
832.16,53.24,127.48,2101.55,600.09,3245.4,27.89,81.84,0
842.41,60.05,112.08,2197.81,610.11,3191.3,27.42,84.05,0
845.76,50.24,124.99,2436.26,611.82,3161.55,27.27,85.0,0
863.31,50.07,109.61,2370.65,623.73,3360.0,28.28,93.78,0
863.63,56.57,102.22,2092.91,621.94,3155.49,29.21,83.72,0
815.28,51.12,111.94,2093.52,613.57,3182.59,27.4,91.8,0
813.92,56.33,120.5,2112.65,635.42,3244.43,29.22,88.32,0
864.37,46.18,135.27,2055.25,578.1,3125.69,27.37,88.16,0
803.64,55.38,115.34,2394.0,615.27,3037.71,28.69,89.75,0
872.64,43.78,125.97,2319.24,621.03,3295.18,29.08,82.99,0
798.72,59.06,122.57,2484.71,603.15,3200.53,29.72,87.69,0
863.39,58.98,135.7,2112.45,618.99,3173.42,28.33,86.16,0
862.05,59.6,110.43,1922.39,621.65,3214.83,27.73,83.0,0
861.76,45.14,125.28,2278.79,664.12,3230.94,30.28,84.25,0
808.19,51.11,120.63,2298.36,649.6,3173.17,28.45,88.28,0
805.58,48.42,127.49,2411.56,618.01,3191.45,29.17,93.55,0
859.38,56.02,123.69,1907.97,594.22,3183.19,27.15,88.74,0
838.01,56.73,138.56,2220.82,565.63,3313.7,28.34,86.99,0
819.41,53.53,112.16,2098.79,646.53,3047.58,30.87,94.1,0
830.96,56.77,114.41,2372.95,600.17,3166.69,27.27,87.64,0
829.6,63.43,129.67,2242.84,562.96,3397.29,30.66,88.43,0
854.97,55.77,120.13,2363.68,671.73,3132.3,27.6,88.63,0
839.92,60.66,125.59,2418.74,666.7,3137.28,28.92,83.65,0
890.92,53.71,99.79,2172.75,640.01,3237.41,29.17,83.7,0
879.49,48.02,111.85,2348.1,594.27,3214.09,28.31,86.62,0
840.8,56.25,96.44,2260.13,587.94,3174.1,27.58,84.88,0
869.88,60.1,115.36,2255.11,605.07,3229.76,30.73,84.06,0
819.03,53.05,118.59,2305.72,636.55,3302.23,26.57,87.77,0
837.06,53.68,134.35,2073.51,647.48,3310.65,28.64,86.62,0
882.71,60.65,114.95,2043.25,620.13,3107.54,28.88,92.07,0
779.67,58.91,129.66,2067.64,636.97,3215.65,27.49,92.58,0
851.24,52.18,101.74,2240.02,634.02,3283.09,28.89,89.6,0
871.77,63.16,122.42,2124.8,601.72,3184.48,27.24,83.45,0
845.36,56.44,121.5,2302.04,614.67,3177.29,28.31,83.24,0
921.78,57.17,116.45,1984.45,639.27,3194.55,28.69,87.03,0
826.76,61.28,120.36,1891.64,603.25,3221.41,25.79,88.43,0
847.34,56.82,121.2,2299.1,613.44,3187.94,28.23,89.88,0
839.98,57.76,115.57,2352.36,594.23,3368.14,26.94,87.24,0
829.18,57.11,106.01,2168.86,617.63,3256.74,27.37,90.45,0
1049.0,45.27,100.04,3038.63,723.91,3353.67,31.39,93.37,1
881.01,54.68,123.3,2012.62,634.94,3190.9,31.56,86.1,0
861.55,57.1,125.99,2211.85,636.77,3262.19,31.47,81.72,0
855.44,48.7,108.86,2493.33,649.23,3275.28,29.78,89.79,0
875.06,57.69,109.0,2052.15,605.68,3189.3,28.9,84.39,0
844.71,50.93,104.21,2438.83,623.06,3201.66,28.98,89.98,0
861.49,61.48,131.69,2411.71,630.85,3172.09,28.35,92.02,0
866.09,49.1,116.25,2292.32,617.27,3156.42,29.23,88.57,0
892.25,54.68,114.56,2078.72,639.09,3263.55,30.3,93.71,0
905.32,47.52,145.39,2219.95,606.79,3151.45,27.68,88.99,0
836.54,61.26,109.72,1975.73,563.22,3197.69,29.14,85.76,0
881.57,58.18,120.85,2241.8,648.99,3056.9,28.05,85.02,0
846.51,61.94,107.85,2138.02,618.77,3318.9,27.95,86.86,0
819.41,53.83,124.99,2408.71,635.09,3173.33,28.14,90.8,0
814.07,53.47,119.11,2532.81,676.06,3146.94,29.72,88.32,0
887.94,52.2,122.22,2313.7,610.68,3177.82,27.67,93.99,0
872.07,52.7,116.5,2136.96,609.26,3202.99,30.89,88.25,0
865.74,57.34,125.28,2102.09,596.87,3289.68,28.08,88.88,0
808.81,59.48,99.74,2187.43,600.83,3215.67,29.7,86.74,0
827.73,62.38,117.44,2457.76,628.28,3249.16,27.81,91.52,0
859.14,47.56,121.03,2147.85,635.91,3315.06,29.28,85.75,0
767.12,54.38,123.97,2243.63,622.69,3117.49,29.42,88.78,0
860.45,48.24,121.93,2114.39,620.96,3090.63,28.75,91.44,0
901.27,25.13,162.5,2106.26,620.17,3050.88,26.76,80.99,1
855.98,51.95,108.52,1824.37,628.96,3168.27,25.96,85.44,0
822.79,55.18,110.51,2126.67,624.07,3139.25,26.88,85.59,0
852.2,51.69,108.76,2459.37,641.81,3322.23,30.95,87.42,0
905.11,48.85,118.41,2257.21,635.49,3190.46,29.57,83.77,0
849.4,48.16,130.74,2136.13,614.99,3239.38,27.97,88.48,0
904.5,63.05,129.11,2254.2,590.27,3203.61,28.78,87.57,0
803.78,42.2,115.26,2385.04,621.25,3352.73,26.9,87.65,0
870.3,50.65,114.75,2446.87,628.26,3302.59,29.83,89.91,0
830.05,60.73,120.73,2195.81,598.52,3090.25,28.95,91.29,0
840.12,49.97,134.74,2257.2,635.27,3102.78,30.31,88.55,0
826.56,50.9,122.44,2062.25,606.26,3070.24,29.03,90.38,0
805.85,60.5,115.43,2352.14,600.15,3194.34,26.92,89.63,0
1065.24,50.97,91.37,2702.79,752.14,3413.85,30.01,89.26,1
915.58,64.16,124.66,2160.42,631.49,3133.83,28.73,87.92,0
836.07,53.29,138.11,2233.02,594.41,3410.12,29.89,90.19,0
817.21,54.17,124.3,2005.97,615.79,3245.1,27.44,90.67,0
847.08,53.3,111.58,2487.54,586.58,3204.44,27.41,88.44,0
868.96,62.88,175.31,2490.42,586.41,3329.34,28.29,89.08,1
822.94,53.82,127.24,2185.12,674.37,3039.84,30.17,88.3,0
841.3,52.54,110.65,2165.79,620.82,3129.38,29.03,89.46,0
885.73,54.64,103.12,2095.56,619.26,3090.77,29.05,83.07,0
864.33,63.79,127.95,2220.22,603.3,3130.57,27.01,89.04,0
827.34,50.1,110.15,2087.09,673.66,3097.73,29.1,92.58,0
868.88,63.59,116.27,2204.62,660.43,3222.13,27.7,89.71,0
812.28,55.4,117.98,2196.34,614.71,3232.57,29.61,93.22,0
853.34,52.35,108.03,2373.07,616.05,2999.44,28.45,89.24,0
862.44,46.08,115.73,1991.82,613.6,3074.34,27.47,87.06,0
855.33,56.98,124.73,2061.76,614.12,3274.46,28.63,87.61,0
868.25,64.36,102.95,2177.12,619.91,3164.79,29.35,88.5,0
837.31,46.8,122.69,2067.94,617.33,3166.66,29.73,90.46,0
797.87,51.26,127.5,2293.97,648.4,3197.35,27.8,89.83,0
838.59,63.97,125.48,2191.95,615.29,3210.31,28.23,87.06,0
853.42,54.49,110.96,2233.02,662.21,3149.63,27.4,89.34,0
836.03,47.37,103.52,2301.47,619.28,3183.57,29.46,91.89,0
794.73,51.4,125.79,2291.5,618.27,3154.31,27.26,83.76,0
903.04,54.58,122.01,2196.6,604.97,3158.68,29.35,91.79,0
865.35,58.48,122.26,2256.35,606.15,3352.65,25.5,82.99,0
868.96,58.98,129.14,2060.58,604.01,3361.14,27.86,89.47,0
853.21,51.36,107.74,2248.79,644.62,3233.71,30.57,88.21,0
871.67,57.47,131.65,1904.9,627.34,3414.89,28.34,87.94,0
795.91,63.61,129.97,2096.23,618.98,3199.61,26.71,91.08,0
804.08,52.34,132.23,2111.07,643.2,3183.42,28.35,84.87,0
855.19,52.51,115.59,2218.69,617.55,3043.59,28.5,87.98,0
886.88,53.75,125.5,2251.07,620.92,3312.52,27.82,84.98,0
850.35,60.3,137.69,2390.42,564.19,3408.57,28.77,87.24,0
854.78,47.72,118.36,1955.12,638.56,3221.08,27.66,86.06,0
864.72,58.64,106.76,1888.7,640.42,3232.0,28.31,89.65,0
827.07,20.52,174.84,2325.13,635.0,3101.03,29.44,78.94,1
856.23,58.21,98.45,2162.2,637.13,3208.52,29.41,81.73,0
885.48,55.26,104.3,2339.8,611.21,3239.58,27.1,90.99,0
863.58,60.09,112.06,2116.89,571.89,3275.91,28.14,85.98,0
877.48,57.13,119.54,2000.26,620.23,3350.08,29.58,85.11,0
793.12,58.13,106.57,1988.43,636.92,3104.6,28.81,88.22,0
852.72,58.9,122.5,2027.14,618.42,3280.37,29.61,84.28,0
853.97,57.05,128.16,2081.46,634.01,3261.29,28.57,88.14,0
905.87,53.92,114.93,2417.34,583.3,3212.59,29.23,87.0,0
864.15,61.03,143.52,2316.84,633.75,3134.31,28.09,90.24,0
862.61,61.23,117.28,2437.73,661.95,3276.79,27.64,83.53,0
814.56,48.09,101.66,2102.14,640.51,3259.1,29.64,90.04,0
883.39,56.26,114.69,2083.18,630.23,3150.73,28.79,86.53,0
879.59,64.43,119.64,1993.36,593.59,3177.63,28.53,82.24,0
839.88,46.59,127.8,2218.83,600.43,3199.11,29.58,88.88,0
889.89,24.07,106.68,2111.33,620.25,3069.06,28.08,85.93,1
870.84,53.8,116.25,2129.85,612.23,3220.15,28.67,83.48,0
848.48,53.5,119.14,2143.57,626.96,3259.41,30.31,84.69,0
852.27,66.44,121.28,2243.4,632.21,3438.51,28.92,92.45,0
900.9,49.98,135.01,2047.37,610.48,3025.06,28.73,85.84,0
833.95,63.55,140.78,2187.03,609.32,3236.04,28.47,88.17,0
823.86,63.27,197.06,2193.52,601.46,3299.19,28.16,89.46,1
839.95,48.08,121.81,2004.64,640.74,3070.53,28.49,87.83,0
1124.79,56.11,133.91,2496.26,793.51,3451.91,29.41,94.47,1
817.1,58.77,117.67,2386.11,626.18,3278.04,30.25,85.8,0
841.48,57.97,114.33,2263.39,644.5,3230.46,30.12,88.54,0
819.08,49.43,110.45,2086.55,604.35,3305.55,29.46,89.86,0
1053.28,50.26,123.44,2255.18,839.2,3466.04,31.95,93.88,1
831.86,58.11,134.13,2243.27,653.85,3111.14,26.7,90.36,0
832.86,54.8,125.69,2193.58,635.87,3307.91,29.36,88.9,0
876.23,56.79,107.98,2082.53,651.2,3269.87,28.62,87.39,0
808.71,46.33,115.13,2249.15,614.68,3251.78,27.75,86.68,0
851.59,47.51,108.66,2353.25,601.71,3140.15,28.23,91.18,0
773.06,66.16,130.99,2042.93,593.65,3389.68,28.91,85.64,0
901.68,51.92,124.75,2041.09,610.48,3286.03,30.09,88.4,0
830.67,49.83,110.7,2200.96,627.5,3214.4,27.99,81.78,0
830.42,48.52,111.13,2230.38,637.22,3165.99,28.29,86.9,0
847.36,57.85,108.74,2228.73,643.72,3164.51,29.53,88.94,0
825.05,57.1,121.44,2366.31,651.24,3311.79,27.04,85.37,0
876.09,50.15,110.72,2259.31,589.04,3306.57,30.81,86.63,0
855.01,56.06,218.44,2214.64,639.22,3270.64,30.26,88.57,1
841.89,51.26,113.68,2286.7,657.06,3114.03,25.54,90.64,0
854.93,55.01,106.25,1775.35,564.06,3162.19,29.12,93.03,0
844.62,45.96,113.67,2079.02,614.72,3287.6,30.98,88.2,0
864.57,48.86,121.5,2310.94,670.78,3158.68,31.43,85.45,0
858.32,46.37,104.86,2215.76,611.75,3224.22,26.53,91.5,0
854.42,53.75,120.73,2229.15,627.92,3135.44,28.85,84.96,0
882.44,55.73,117.76,2230.84,611.16,3319.44,28.42,86.48,0
808.75,52.27,112.79,2291.47,653.16,3277.32,28.78,89.76,0
840.98,52.2,120.64,2231.39,597.37,3196.15,28.66,84.81,0
908.34,48.39,120.97,2304.89,591.95,3043.97,27.76,91.02,0
860.19,54.7,135.79,2481.04,644.94,3177.87,27.25,84.31,0
862.41,55.49,132.79,2088.6,566.22,3157.34,28.46,92.91,0
807.29,55.05,127.81,2372.02,623.57,3114.46,28.65,88.81,0
846.85,48.28,125.16,2204.3,618.11,3183.72,30.04,86.56,0
868.48,59.24,114.54,2213.31,640.0,3113.21,27.78,85.44,0
877.83,64.6,122.26,2354.86,633.35,3313.28,28.82,83.84,0
858.18,58.89,127.6,2173.89,573.57,3147.81,27.11,84.94,0
829.12,55.77,114.96,2073.05,656.44,3138.22,27.26,89.21,0
829.44,49.02,128.05,2138.26,591.76,3135.42,27.49,88.1,0
844.89,57.1,125.3,2011.93,624.03,3199.85,29.79,86.28,0
839.02,17.74,115.93,2049.62,664.01,3040.47,26.96,83.09,1
829.18,61.44,103.24,2254.43,658.04,3235.06,29.13,85.09,0
875.89,56.38,125.03,2170.44,602.45,3213.78,29.1,87.13,0
845.99,50.07,103.88,2194.77,602.85,3156.69,27.97,88.27,0
847.18,46.98,121.62,2072.82,611.02,3065.93,27.15,85.06,0
863.19,56.13,122.64,2253.15,587.4,3204.18,28.14,86.6,0
875.54,62.17,118.12,2247.42,605.74,3205.74,29.04,88.01,0
853.45,51.64,116.56,1970.28,632.26,3182.34,28.29,86.31,0
848.93,48.89,112.08,2247.54,654.47,3167.37,28.83,89.21,0
852.56,55.85,130.67,2264.51,626.02,3081.82,27.7,85.05,0
806.29,52.18,136.61,2082.66,584.92,3288.91,28.24,85.16,0
884.46,51.96,124.02,1960.43,628.41,3322.62,29.25,88.54,0
818.14,49.83,101.14,2162.2,615.97,2967.91,28.24,89.61,0
911.05,51.35,115.34,2201.91,614.71,3279.92,27.84,89.2,0
852.6,55.21,130.13,2447.9,637.01,3246.38,30.44,91.14,0
847.05,33.05,126.83,2519.95,651.27,3135.69,28.73,88.99,0
829.71,56.03,118.34,2173.11,592.89,3076.26,30.11,86.18,0
794.43,53.93,120.75,2058.5,612.69,3200.14,28.89,90.41,0
829.2,61.05,117.44,2212.04,592.56,3168.94,28.76,88.82,0
876.7,29.85,170.73,2597.39,650.32,3016.75,28.11,80.63,1
886.79,56.6,120.79,2081.5,617.47,3036.03,30.28,88.05,0
867.32,64.99,114.19,2178.55,651.17,3245.77,30.26,84.22,0
828.22,61.64,139.14,2199.08,612.92,3243.86,29.79,88.07,0
811.66,51.15,136.94,2072.37,643.96,3064.72,30.06,87.11,0
827.18,53.09,119.65,1976.69,580.41,3320.39,28.58,88.92,0
851.61,46.2,121.83,2392.67,607.68,3177.7,28.97,86.58,0
863.05,57.12,118.2,2314.75,618.74,3278.97,28.83,94.77,0
840.51,49.96,113.65,2151.6,635.11,3196.76,27.54,92.1,0
838.49,51.39,118.9,2381.71,651.91,3165.83,27.22,90.9,0
857.35,60.05,111.31,2226.52,613.06,3266.17,29.43,90.72,0
852.03,47.6,114.59,2135.31,639.48,3183.91,27.92,87.6,0
860.54,51.49,119.71,2102.45,625.79,3169.1,27.12,86.95,0
827.94,52.76,125.45,2312.97,620.4,3335.27,27.37,89.83,0
843.35,53.03,112.98,2163.86,621.98,3310.97,29.11,89.85,0
840.23,43.63,119.81,2303.36,585.87,3131.85,28.06,91.5,0
839.27,55.97,135.47,2301.8,639.39,3148.25,27.86,92.09,0
898.13,57.61,139.81,2294.62,581.66,3241.8,27.83,89.32,0
867.91,55.38,121.65,2151.64,638.82,3023.8,27.79,92.49,0
855.11,63.8,141.2,2219.95,642.88,3178.99,28.72,86.19,0
883.15,49.23,118.71,2353.96,594.36,3123.39,29.53,90.17,0
861.63,46.3,106.32,2341.21,602.46,3176.34,27.51,78.92,0
890.52,57.95,125.21,1847.09,629.39,3153.87,26.84,89.28,0
842.22,57.91,122.57,2178.4,618.18,3288.96,28.94,91.33,0
893.27,55.06,118.07,2085.73,697.71,3083.55,27.91,85.76,0
814.33,57.28,104.51,2214.83,664.9,3236.05,26.94,87.78,0
884.97,53.15,111.92,2126.89,608.14,3302.5,25.36,87.83,0
825.72,53.92,115.74,2024.56,641.74,3346.68,29.1,88.03,0
868.7,56.75,125.72,2234.35,607.68,3225.37,28.1,89.13,0
864.55,48.82,128.52,2018.77,629.06,3132.19,29.52,86.38,0
873.8,55.59,129.18,2359.77,631.93,3150.98,27.54,89.35,0
830.69,54.73,110.16,2072.05,574.2,3345.75,27.41,82.3,0
771.63,45.99,109.51,2002.45,623.23,3203.55,30.27,86.55,0
818.31,55.4,107.03,2155.36,612.02,3336.23,29.41,84.89,0
886.29,52.07,130.61,2228.43,604.7,3051.04,30.22,85.04,0
832.19,46.57,148.88,2225.67,612.75,3354.85,28.33,94.07,1
844.99,51.67,133.7,2277.78,633.33,3160.53,30.41,88.97,0
914.76,46.58,130.37,1919.08,586.45,3108.58,30.15,91.21,0
860.56,55.64,128.65,2199.64,629.46,3210.61,27.78,85.74,0
847.61,56.91,117.89,2298.75,622.18,3145.59,28.24,86.77,0
789.92,56.65,109.03,2335.61,674.82,3083.57,28.48,91.08,0
890.88,61.87,121.9,2281.56,651.3,3229.92,28.56,86.28,0
876.79,56.21,126.49,2090.39,611.37,3325.56,30.67,87.68,0
871.57,60.49,125.79,2260.65,626.95,3125.71,29.46,84.6,0
847.86,60.24,120.86,2234.86,559.89,3128.23,28.67,87.48,0
882.38,48.4,116.42,2447.76,624.54,3261.23,29.54,86.32,0
822.73,47.35,112.62,2360.2,597.03,3289.92,28.54,91.69,0
830.79,59.85,118.14,2414.72,674.61,3247.42,27.55,89.48,0
884.9,53.88,120.44,2370.58,643.73,3283.98,27.34,84.49,0
814.84,56.9,117.78,2242.66,639.13,3182.85,26.8,86.13,0
850.26,55.85,118.68,2325.49,600.73,3039.33,29.02,81.31,0
801.93,51.86,122.73,2154.6,614.3,3130.2,28.49,84.72,0
836.07,61.5,122.39,2264.62,637.78,3219.73,28.37,88.97,0
904.75,58.62,103.93,2398.19,626.78,3122.35,28.37,92.62,0
827.11,50.75,118.2,1884.69,628.54,3191.81,28.58,83.67,0
822.56,53.91,118.61,2267.52,631.58,3285.59,28.0,88.27,0
837.81,56.45,144.07,2345.67,584.81,3241.59,29.4,85.96,0
830.13,48.29,111.52,2044.01,610.4,3206.82,28.13,87.02,0
864.08,57.05,127.59,2080.59,602.49,3046.85,26.74,92.37,0
812.32,61.38,130.9,2147.84,591.97,3121.33,28.93,88.4,0
840.85,57.29,121.45,2034.39,641.7,3094.76,29.24,90.41,0
834.12,59.47,118.78,2238.93,641.86,3202.64,28.79,87.85,0
818.97,54.06,106.73,2419.74,602.46,3240.97,28.18,85.07,0
872.78,56.26,112.68,2255.89,613.37,3149.92,28.29,85.5,0
806.56,52.61,129.23,2511.43,630.01,3176.53,28.75,88.66,0
810.49,61.53,115.48,2273.35,655.66,3178.78,30.14,87.3,0
862.42,49.3,113.39,2003.48,649.76,3213.12,27.15,89.68,0
850.27,53.92,132.49,2300.08,610.93,3184.65,30.01,88.92,0
796.99,60.39,115.37,2181.16,586.95,3151.14,29.51,82.72,0
854.24,55.73,109.82,1953.84,636.54,3102.7,30.67,86.0,0
872.75,54.16,108.13,2334.98,613.65,3215.81,27.14,89.59,0
852.77,59.28,137.98,2117.1,619.76,3161.52,28.46,87.95,0
876.63,57.86,140.05,2500.18,624.37,3149.48,28.06,86.23,0
842.82,58.57,122.21,2236.65,629.18,3197.99,28.22,94.42,0
868.09,55.12,112.0,2225.47,628.32,3066.62,29.61,89.95,0
841.7,50.04,110.76,2469.21,616.3,3021.46,28.8,90.71,0
842.88,53.16,119.31,1983.93,596.73,3089.77,30.17,88.97,0
888.65,43.25,124.37,2244.97,629.7,3211.74,27.43,90.64,0
866.81,53.88,132.77,2127.6,599.24,3024.44,31.07,87.81,0
799.38,57.72,118.41,2627.32,617.03,3281.7,28.4,84.84,0
803.42,56.03,103.94,2232.61,640.08,3187.98,28.45,86.45,0
815.14,60.46,114.91,2278.2,601.93,3127.75,28.71,86.65,0
851.07,56.0,117.48,2126.75,641.1,3256.95,27.19,84.96,0
848.35,53.38,130.92,2283.18,659.56,3285.01,28.33,88.51,0
903.15,57.75,125.41,2393.75,626.48,3142.96,28.44,84.7,0
869.35,54.45,120.99,2180.47,632.49,3155.1,25.89,91.88,0
889.36,47.44,122.98,2275.97,642.89,3120.17,29.02,90.61,0
809.06,57.43,117.59,2206.94,640.84,3263.91,27.94,92.0,0
839.45,60.81,125.48,2230.46,663.47,3283.8,28.64,89.51,0
857.75,59.12,121.98,2030.88,617.65,3210.24,27.01,91.01,0
897.37,56.91,119.38,2123.09,636.77,3226.87,26.83,89.61,0
851.4,60.01,118.74,1957.35,642.77,3208.04,28.21,91.36,0
832.17,55.94,117.73,2254.25,673.04,3163.7,28.28,88.85,0
880.74,52.53,120.85,1881.67,635.96,3300.49,29.52,90.44,0
836.93,60.23,106.45,1828.57,621.71,3167.32,29.45,87.85,0
874.54,61.76,122.11,2454.35,605.51,3051.69,28.42,90.89,0
864.88,27.65,159.75,1791.16,644.67,3042.03,28.6,88.84,1
855.32,51.76,110.24,2127.28,681.17,3243.37,28.28,87.22,0
857.86,64.57,117.58,2112.39,603.3,3173.21,28.45,87.94,0
851.83,64.12,127.74,2215.01,602.92,3143.51,29.94,86.63,0
889.3,50.73,123.13,2469.67,564.66,3231.0,26.65,85.53,0
904.03,58.46,134.27,2466.86,643.26,3147.04,28.33,87.4,0
841.23,64.91,127.64,2258.68,603.93,3022.37,28.89,92.15,0
849.16,51.46,120.53,1999.4,668.27,3252.62,30.03,84.29,0
827.85,54.44,120.56,2255.73,587.89,3246.16,29.64,85.94,0
823.64,56.47,222.68,2465.29,629.07,3251.36,25.69,89.14,1
896.5,54.0,135.29,2024.61,621.01,3240.36,28.57,88.71,0
829.03,52.57,129.15,2296.34,630.89,3143.3,30.81,86.69,0
883.01,50.71,106.75,1808.29,594.85,3135.44,29.76,87.96,0
843.57,54.76,103.86,2162.44,608.82,3039.84,27.15,89.45,0
794.61,63.84,97.17,1951.43,674.28,3236.22,27.93,86.25,0
824.62,46.66,110.23,2066.27,603.25,3203.14,26.65,94.24,0
859.95,51.4,108.04,2164.2,600.83,3070.46,29.26,85.26,0
854.25,56.02,111.57,2297.88,619.96,3186.87,27.95,88.68,0
934.43,53.24,121.8,2200.36,628.67,3173.26,27.38,85.98,0
890.7,50.79,130.0,1874.97,595.9,3286.39,28.93,90.26,0
812.45,53.61,121.09,1985.54,635.01,3250.5,29.17,89.99,0
877.26,59.96,114.36,2321.8,605.83,3282.81,26.27,81.68,0
871.75,53.05,115.29,2175.47,584.84,3084.27,29.5,91.21,0
850.34,49.06,127.42,2132.78,611.03,3124.43,30.21,88.29,0
896.3,61.33,135.12,2149.65,694.23,3317.55,29.92,91.1,0
887.99,50.44,120.08,1998.27,603.31,3196.33,28.45,86.41,0
784.22,49.78,118.83,2306.98,628.62,3201.71,29.45,91.14,0
889.24,61.98,131.62,2291.45,658.8,3197.11,28.52,87.83,0
990.63,45.19,115.75,2458.27,851.49,3569.38,28.55,88.28,1
819.39,62.96,131.48,2292.54,625.5,3219.79,28.73,89.52,0
802.38,49.11,104.34,2232.76,668.96,3167.16,27.81,84.04,0
871.02,48.69,100.95,2100.63,603.87,3233.02,29.94,86.85,0
799.63,57.6,134.59,2159.94,600.9,3228.53,28.92,86.91,0
837.37,56.5,117.89,2241.49,604.27,3291.95,27.02,83.77,0
861.42,55.07,109.41,2240.84,645.9,3174.93,28.9,85.11,0
853.9,60.36,111.28,2106.93,708.91,3168.17,28.28,85.91,0
820.31,51.93,129.64,2227.66,628.69,3237.31,26.87,83.85,0
838.65,56.5,130.69,1882.09,603.86,3279.99,28.1,86.16,0
852.04,59.88,128.75,2525.85,617.85,3134.41,27.3,86.53,0
861.0,54.67,119.86,2393.58,623.53,3150.04,28.25,90.06,0
828.17,53.14,116.55,2250.32,633.69,3246.92,28.62,90.0,0
861.25,57.02,128.95,2543.43,606.18,3209.75,28.95,93.11,0
822.89,55.67,146.11,2258.58,580.19,3274.37,30.18,85.66,0
849.85,60.4,141.65,2243.16,599.76,3167.52,29.27,86.83,0
838.01,58.32,120.98,2019.95,609.61,3182.87,29.28,93.98,0
1071.26,49.47,126.77,2705.01,789.22,3373.2,29.16,92.46,1
977.68,47.71,119.05,2452.45,863.3,3485.1,28.97,96.57,1
792.76,56.93,119.4,2051.34,618.25,3174.02,26.96,89.21,0
871.86,46.45,120.27,2263.14,646.56,3219.48,29.86,86.28,0
820.5,49.23,103.7,2154.69,630.88,2978.41,28.48,91.37,0
906.59,54.53,127.94,2173.95,605.03,3305.49,27.16,89.35,0
861.72,68.55,108.9,2253.42,636.07,3139.91,28.62,87.46,0
859.69,56.44,113.43,2023.11,667.65,3066.24,29.08,90.93,0
852.03,56.96,112.77,2054.28,577.24,3299.15,28.93,84.33,0
824.71,58.21,107.72,2261.04,619.84,3090.11,30.04,89.57,0
796.71,53.39,131.74,2182.59,641.87,3223.48,26.66,84.71,0
855.08,53.0,120.82,2284.49,605.95,3275.99,30.23,86.77,0
823.16,56.81,117.03,1943.19,632.52,3287.16,28.9,86.55,0
828.14,52.32,129.19,2354.17,621.47,3078.91,29.83,85.39,0
827.54,52.01,133.4,2369.87,592.96,3209.43,30.17,89.77,0
793.24,55.38,128.26,2269.27,673.3,3245.71,28.39,84.36,0
848.12,62.45,116.0,2062.58,584.62,3116.81,30.85,88.02,0
814.17,55.63,128.39,2129.26,632.55,3225.09,28.03,89.39,0
814.23,53.38,116.55,2138.38,607.6,3173.59,31.19,87.66,0
826.55,48.55,117.19,2220.95,595.73,3251.97,29.49,89.64,0
842.38,65.22,116.46,2447.13,570.83,3421.67,27.32,88.6,0
895.5,56.62,116.43,2105.26,676.6,3165.46,27.13,89.8,0
811.64,54.16,108.51,2316.19,622.59,3103.66,28.82,88.22,0
907.15,55.94,117.65,2330.19,653.39,3135.28,28.51,85.38,0
796.8,58.1,111.53,2107.6,622.74,3290.52,28.99,92.8,0
815.31,51.81,109.19,2051.97,630.93,3210.9,28.06,83.45,0
880.35,59.92,113.9,2274.93,593.25,3075.12,29.09,88.94,0
830.31,60.04,119.37,2212.81,654.39,3340.98,29.09,93.87,0
865.09,56.78,132.54,2201.75,636.38,3220.41,29.49,88.56,0
867.46,57.07,131.33,2011.26,639.9,3070.05,27.87,88.86,0
827.65,53.82,100.35,2307.82,614.04,3025.44,29.43,88.77,0
833.15,65.6,106.87,2312.2,633.12,3315.38,29.92,91.15,0
911.81,60.78,105.52,2177.48,571.66,3101.43,28.51,88.13,0
926.48,55.06,136.85,2172.55,594.27,3255.26,26.43,88.66,0
861.8,49.94,122.2,2114.95,592.1,3212.44,28.6,86.53,0
899.28,50.69,127.51,2262.75,635.27,3247.64,29.35,86.81,0
809.79,46.31,136.59,1954.15,630.77,3322.42,29.98,88.62,0
913.85,57.83,132.33,2478.14,582.15,3160.19,30.26,83.86,0
876.67,52.9,110.11,2372.22,594.16,3268.06,29.49,94.49,0
863.19,44.18,121.09,2160.27,584.86,3194.73,30.05,85.89,0
849.13,66.4,119.91,2185.89,626.43,3256.3,26.89,90.84,0
872.48,49.56,104.82,2588.66,630.69,3237.78,28.02,77.87,0
857.25,54.0,122.29,2185.67,655.46,3247.3,27.94,92.33,0
864.14,59.21,130.77,2175.49,656.3,3057.08,24.97,87.89,0
822.13,51.54,120.01,2444.41,646.22,3048.48,29.43,83.45,0
906.47,51.87,127.58,1880.49,628.47,3235.11,27.41,83.78,0
873.07,49.5,111.02,2083.47,612.03,3102.18,26.77,91.41,0
819.74,49.75,103.53,2094.3,590.25,3274.06,28.87,90.23,0
881.1,42.47,220.5,2333.14,624.08,3289.48,29.32,86.37,1
871.14,54.89,123.85,2360.74,598.73,3235.98,28.56,91.0,0
835.1,55.78,113.9,2265.28,653.7,3309.63,28.12,86.4,0
815.1,58.22,118.29,2357.76,662.76,3289.66,29.67,90.42,0
844.78,53.32,132.87,2094.71,567.6,3248.82,30.27,92.28,0
818.58,54.71,118.79,1979.96,605.85,3262.94,29.83,84.97,0
882.37,55.51,128.99,2350.04,592.99,3215.17,27.37,92.14,0
875.04,52.4,131.99,2421.84,638.44,3252.15,27.98,92.47,0
794.13,48.08,123.3,2015.35,611.23,3215.6,28.92,88.65,0
924.78,51.81,98.59,2206.77,605.39,3225.17,27.19,85.97,0
826.43,54.03,116.86,2275.72,626.89,3247.01,26.03,86.36,0
817.46,64.23,121.39,2162.15,658.79,3295.11,30.38,85.32,0
857.06,53.83,126.64,2288.73,580.02,3155.74,27.87,91.45,0
864.06,59.63,112.92,2138.25,625.96,3187.12,28.73,83.28,0
892.69,54.81,123.55,2171.76,603.0,3398.77,29.64,82.29,0
805.17,54.09,120.11,2315.89,568.46,3129.73,30.1,86.57,0
850.18,47.46,104.62,2321.72,595.38,3198.84,29.16,86.75,0
810.95,51.96,125.5,1983.67,585.47,3187.83,26.64,84.93,0
848.49,56.84,130.24,2128.63,604.04,3257.34,27.74,87.08,0
819.38,58.94,107.99,2169.36,618.77,3235.27,30.28,85.96,0
816.6,57.31,114.85,2310.85,627.99,3185.44,30.26,90.94,0
844.12,48.79,130.67,2031.93,583.38,3172.74,29.8,84.84,0
855.12,53.23,119.44,2240.74,658.39,3324.1,30.1,90.02,0
845.86,54.52,120.03,2300.93,634.37,3125.07,29.32,91.67,0
809.25,57.1,148.23,2397.82,579.89,3289.76,28.05,82.5,0
862.01,61.45,111.69,2200.5,619.44,3228.85,28.29,85.97,0
856.14,60.16,113.29,2060.23,613.43,3296.87,28.24,89.46,0
864.84,51.42,116.43,1959.08,568.59,3049.94,27.42,90.73,0
831.13,49.42,118.53,2145.18,615.44,3157.89,26.08,89.56,0
870.37,55.68,124.19,2111.21,571.42,3172.72,29.43,89.93,0
797.78,53.66,117.26,2081.29,625.31,3147.81,27.92,85.77,0
829.3,56.26,120.62,2417.18,649.01,3179.79,30.76,85.43,0
865.67,61.4,111.72,2260.24,600.39,3284.03,26.9,86.01,0
852.59,49.31,111.75,2095.92,607.9,3200.95,30.65,87.68,0
880.1,65.2,115.52,2263.36,637.14,3275.44,29.36,90.65,0
853.41,47.75,112.58,2164.83,668.03,3228.88,29.43,88.8,0
823.99,49.0,139.91,2302.46,614.55,3211.03,27.3,87.89,0
861.09,53.48,121.03,2150.64,655.86,3129.12,28.14,85.09,0
856.1,59.52,130.26,2161.51,610.45,3083.44,29.55,82.24,0
805.68,54.88,125.34,1902.65,617.74,3173.0,28.22,88.09,0
809.62,62.55,115.85,2225.55,672.12,3279.0,28.69,87.69,0
856.16,61.36,134.11,2233.83,598.47,3176.83,26.58,86.35,0
858.0,65.37,117.65,2388.9,633.38,3206.55,26.98,91.1,0
777.58,64.81,111.52,2327.18,646.76,3137.27,27.76,89.11,0
910.97,54.67,143.6,1980.41,606.72,3195.49,28.15,88.48,0
876.6,49.16,123.64,2230.9,580.05,3195.35,26.74,90.63,0
884.99,53.41,111.06,2313.44,622.44,3112.55,29.37,82.41,0
834.33,47.59,119.62,2030.1,615.56,3062.47,30.52,82.25,0
920.67,54.87,133.28,2073.17,593.27,3126.06,27.92,85.0,0
823.03,54.03,182.78,2178.95,655.55,3636.67,27.97,90.33,1
840.21,58.98,113.48,2243.17,629.53,3192.9,26.72,86.4,0
832.67,63.03,126.57,2258.57,649.07,3140.53,24.59,82.02,0
825.83,46.54,123.07,2188.56,600.11,3177.06,27.92,88.38,0
866.51,56.81,114.44,2330.98,678.57,3128.24,27.73,84.79,0
840.44,47.23,114.33,2216.84,643.62,3276.96,27.91,85.17,0
854.53,60.55,124.54,1952.26,578.47,3194.7,28.4,82.85,0
903.17,52.25,200.36,2317.3,622.22,3288.23,28.01,90.96,1
844.09,59.32,127.49,2408.68,630.15,3185.7,28.49,89.85,0
858.91,54.4,129.32,2373.69,668.96,3309.17,28.16,88.41,0
903.57,54.65,117.57,2374.07,595.4,3260.32,27.51,83.55,0
873.88,52.41,115.85,2087.71,619.18,3183.72,27.91,87.79,0
793.84,43.06,132.41,2374.68,585.64,3215.88,29.07,91.29,0
829.13,56.56,128.75,2176.75,632.73,3214.08,24.72,90.15,0
848.48,58.84,89.82,2136.34,623.67,3339.06,28.52,89.79,0
844.04,44.46,143.6,2283.89,625.16,3143.85,28.13,77.03,1
840.37,55.48,120.83,2164.76,604.3,3342.63,30.38,92.72,0
836.52,60.26,111.35,2044.03,592.07,3296.74,28.06,80.26,0
858.79,59.83,133.05,2107.46,612.26,3466.2,28.66,90.51,0
839.82,51.9,117.32,1906.99,626.21,3091.57,26.34,87.79,0
908.98,52.23,107.59,2363.01,631.99,3233.23,26.88,88.07,0
888.19,50.99,128.31,2253.75,653.72,3177.48,28.02,85.05,0
878.09,62.96,126.79,1988.74,618.18,3308.76,27.32,89.76,0
859.45,56.47,119.5,2285.4,585.87,3230.73,26.1,90.11,0
863.4,58.72,139.02,1977.76,624.51,3261.31,26.21,86.8,0
836.34,48.01,127.86,2258.03,665.61,3057.72,28.45,89.04,0
801.84,55.11,113.9,2052.35,587.44,3321.08,26.2,90.51,0
782.58,54.07,129.69,2103.64,619.05,3295.35,29.38,84.24,0
861.17,61.13,130.45,2104.97,604.59,3248.81,28.53,88.0,0
844.79,56.52,142.61,2164.24,668.77,3238.98,28.95,92.29,0
837.79,64.07,132.77,2281.76,598.6,3212.37,28.25,90.92,0
901.56,52.94,129.38,2464.64,626.63,3257.84,28.86,83.66,0
853.64,57.95,120.85,2055.29,659.24,3280.25,27.82,89.21,0
869.74,51.15,124.1,2140.74,692.23,3177.43,29.15,85.07,0
879.03,55.02,112.69,2267.84,654.57,3118.32,26.49,87.28,0
887.26,53.33,114.36,2068.86,601.49,3174.07,27.44,88.56,0
829.42,41.14,127.95,2251.21,588.18,3183.4,26.52,86.12,0
838.76,55.39,102.77,2331.72,625.66,3202.61,29.94,88.99,0
828.33,54.05,141.05,2322.47,619.23,3111.87,26.79,91.3,0
888.25,22.05,129.51,2286.95,654.63,3085.26,25.44,79.85,1
879.05,48.72,126.39,2164.45,617.87,3193.25,28.11,88.47,0
829.68,58.92,124.92,2169.3,682.98,3118.94,29.19,86.85,0
815.99,48.49,133.91,2196.41,637.89,3190.78,27.26,92.18,0
867.0,24.58,158.15,2479.18,633.96,3261.33,28.2,84.72,1
832.4,50.77,123.93,2175.7,619.84,3204.18,27.82,93.56,0
910.62,58.63,127.36,2072.44,651.7,3051.62,28.99,88.23,0
844.91,57.7,119.1,2421.93,623.78,3236.92,27.86,88.2,0
856.35,54.97,125.69,2065.01,647.76,3216.31,27.92,86.2,0
857.31,56.94,104.48,2145.93,612.57,3339.06,26.24,82.37,0
813.27,47.5,113.77,2379.81,637.24,3174.04,28.52,86.4,0
858.38,52.69,125.01,2262.93,584.88,3018.58,28.92,87.73,0
873.31,53.17,134.32,2114.47,645.15,3168.79,29.91,89.47,0
1068.14,49.19,141.62,2541.45,782.12,3490.75,32.08,100.86,1
847.91,58.04,139.25,2119.13,608.19,3157.22,28.8,87.25,0
868.65,64.44,139.03,2016.08,606.15,3189.9,30.72,85.14,0
863.39,57.94,117.79,1826.12,615.51,3140.88,28.63,86.44,0
816.25,54.78,112.09,2125.92,612.22,3140.79,29.86,88.8,0
925.52,53.39,107.85,2479.48,602.89,3230.74,27.76,90.55,0
861.89,56.55,99.96,2088.12,627.02,3227.5,27.33,85.77,0
871.97,53.69,121.65,2424.75,639.04,3143.21,29.18,88.49,0
837.32,55.11,106.51,2276.98,628.68,3296.15,31.21,84.89,0
826.43,56.11,109.98,2282.54,622.95,3152.38,29.86,87.0,0
832.58,63.59,115.93,2060.46,598.98,3277.28,26.52,86.45,0
821.09,49.14,129.57,2260.39,589.32,3284.37,29.21,84.74,0
844.47,52.58,103.61,2216.62,608.99,3020.86,28.45,86.12,0
928.11,61.0,128.82,2199.18,614.4,3260.4,30.23,83.95,0
833.88,45.64,105.79,2253.7,607.64,3266.52,29.32,84.29,0
816.36,59.87,124.93,2290.51,589.02,3143.47,28.47,92.08,0
916.32,60.41,130.25,2164.74,638.01,3294.49,29.49,95.02,0
833.27,43.95,112.96,2306.57,588.43,3202.37,29.35,84.96,0
858.03,48.93,104.15,2305.2,599.97,3266.44,27.86,89.1,0
863.17,54.8,117.59,2170.18,592.66,3149.1,29.33,90.22,0
916.88,55.29,102.82,2131.25,632.01,3329.91,26.61,92.56,0
879.58,50.53,109.49,2327.1,674.31,3178.02,26.93,87.84,0
802.54,60.39,142.35,2148.45,610.08,3256.81,28.44,86.27,0
882.98,56.1,136.6,2205.57,675.91,3203.63,28.68,85.13,0
888.7,54.67,115.95,2131.36,661.31,3185.56,28.46,83.59,0
879.28,48.12,136.05,2400.95,611.35,3111.5,29.65,86.99,0
862.56,58.51,113.7,2343.79,607.29,3144.41,26.55,89.72,0
856.32,57.33,123.06,2182.7,624.98,3310.68,28.39,89.41,0
786.78,49.98,121.86,2261.14,600.53,3207.44,29.06,88.49,0
883.87,56.02,110.14,2257.17,659.85,3098.31,26.06,90.37,0
835.57,55.16,117.07,2374.31,568.49,3219.5,28.39,87.42,0
817.73,49.53,123.97,2142.26,653.94,3341.71,29.94,87.33,0
852.58,52.07,107.13,2062.24,625.27,3254.05,27.7,84.73,0
862.32,51.44,200.6,2342.57,663.32,3247.57,29.48,90.94,1
861.5,57.98,114.31,2290.18,586.39,3229.01,29.33,84.36,0
845.05,54.96,101.55,2285.68,646.31,3227.29,26.04,88.49,0
850.9,54.17,107.13,2346.07,588.44,3140.44,28.8,88.66,0
872.42,62.2,115.22,2383.42,636.23,3238.74,28.14,84.37,0
923.35,51.84,119.89,2229.71,598.45,3254.89,27.0,83.27,0
886.68,54.31,141.32,2196.36,640.49,3181.7,29.77,92.34,0
878.94,60.85,114.83,2068.72,630.74,3142.44,28.14,90.62,0
838.43,53.98,117.39,2290.82,573.59,3321.51,27.8,86.88,0
846.77,61.68,118.91,2036.42,641.07,3171.21,27.71,82.48,0
834.51,56.94,115.17,2128.42,605.36,3163.77,28.89,79.99,0
836.26,58.8,112.74,2170.6,608.47,3207.4,26.09,83.85,0
899.44,45.68,113.72,2219.13,642.57,3109.17,27.62,84.88,0
859.42,51.68,124.04,2320.61,629.73,3133.31,27.49,91.07,0
863.65,48.94,110.12,2287.58,641.9,3354.64,27.06,89.14,0
850.37,62.51,114.1,2370.24,666.26,3196.85,26.92,87.34,0
831.75,65.7,117.47,2067.81,632.58,3151.46,30.07,85.65,0
844.91,62.52,117.76,2290.5,638.41,3281.5,27.7,87.91,0
877.82,50.75,125.27,2160.03,641.52,3200.96,27.28,87.57,0
802.31,56.27,121.27,2473.84,587.54,3254.4,29.12,88.39,0
850.92,60.55,128.64,2245.35,597.85,3230.46,28.86,84.87,0
867.66,48.1,124.24,2160.01,643.9,3289.88,28.38,83.48,0
887.37,57.3,135.93,2109.46,588.28,3179.88,28.43,90.03,0
828.13,53.06,124.69,2211.71,597.48,3206.2,28.11,86.92,0
913.21,48.26,111.19,2064.49,596.93,3047.36,29.18,84.38,0
874.38,66.56,115.57,2396.02,604.28,3275.37,27.13,89.12,0
803.94,56.21,196.04,2540.79,649.49,3294.31,24.64,90.16,1
842.69,56.67,128.99,2270.56,628.35,3191.19,27.71,86.1,0
822.93,63.08,117.25,2270.78,619.56,3258.23,29.12,89.28,0
896.32,52.73,190.42,2369.96,601.84,3526.32,29.06,86.01,1
822.31,58.56,116.66,2028.94,635.05,3236.5,28.45,90.03,0
853.89,59.17,168.35,2015.24,614.36,3248.82,26.07,87.24,1
849.3,51.92,131.85,2366.72,635.2,3202.52,28.91,87.43,0
810.92,64.88,101.7,2080.77,649.22,3230.95,28.86,89.6,0
851.03,48.27,126.98,2441.32,650.15,3288.48,27.14,89.96,0
857.7,57.88,121.59,2332.67,632.19,3175.02,29.15,87.14,0
801.85,52.31,111.32,2111.74,581.48,3134.55,28.29,85.72,0
861.54,47.19,115.38,1981.78,636.24,3166.14,27.36,90.72,0
785.43,46.99,116.26,2224.49,616.46,3206.77,30.82,88.95,0
835.63,56.14,102.93,2438.7,595.61,3045.13,28.42,84.97,0
841.66,58.8,117.68,2284.02,609.92,3202.86,26.29,89.65,0
833.93,66.64,120.84,2384.03,618.42,3159.48,24.84,89.34,0
817.67,57.57,114.33,2083.84,633.65,3279.05,29.93,85.05,0
875.32,54.48,122.78,2165.03,607.4,3213.5,27.48,88.83,0
830.75,56.92,130.41,2275.54,620.72,3106.39,29.86,83.93,0
825.26,57.1,133.98,2170.98,607.94,3216.8,28.12,90.45,0
845.76,63.57,107.92,2404.4,615.55,3193.71,30.0,93.02,0
844.96,48.85,121.56,2365.96,662.54,3142.99,28.66,90.19,0
903.93,50.03,122.72,2085.46,607.82,3198.21,28.08,80.06,0
823.37,60.47,116.3,2272.56,587.36,3145.66,29.38,87.81,0
890.07,53.0,124.63,2245.21,605.3,3163.8,27.69,85.36,0
888.44,56.75,130.8,1953.44,583.64,3164.19,29.08,82.52,0
808.18,46.52,125.28,2279.2,600.63,3149.89,28.25,94.23,0
892.1,46.81,118.22,2221.86,628.45,3099.06,28.15,89.31,0
838.6,53.17,201.37,2290.55,665.81,3298.63,29.82,88.77,1
845.0,59.53,121.93,2022.68,637.87,3224.36,25.97,83.77,0
866.44,58.52,124.94,2366.07,626.83,3332.74,26.57,84.04,0
836.3,58.64,127.14,2250.67,609.24,3233.44,29.42,87.67,0
844.77,54.58,136.19,1716.26,550.14,3252.24,27.66,88.34,0
852.1,50.85,124.72,2263.97,650.99,3323.18,27.55,95.12,0
891.97,51.51,112.68,2121.09,617.06,3082.35,28.01,84.13,0
875.33,55.48,132.79,2142.37,647.14,3183.14,27.81,89.39,0
841.35,52.3,94.72,2009.8,607.49,3036.8,26.86,89.85,0
898.05,68.66,119.3,2130.7,641.35,3136.46,27.79,94.71,0
844.67,66.19,112.52,2303.68,621.99,3226.52,27.2,88.85,0
834.59,57.83,107.84,2257.4,608.63,3168.63,29.67,90.96,0
835.88,60.58,115.35,2097.04,622.38,3367.22,27.91,87.77,0
852.36,51.49,116.78,1968.4,618.17,3356.96,29.25,92.6,0
873.62,65.09,132.17,2309.58,626.18,3144.69,27.45,88.79,0
819.93,49.68,126.54,1957.07,652.67,3093.44,30.47,88.16,0
869.86,66.99,109.0,2040.83,611.54,3216.91,29.66,92.06,0
1050.97,44.34,138.43,2541.24,743.2,3348.29,33.25,99.57,1
875.6,51.32,117.11,2294.0,590.79,3222.34,29.41,87.47,0
895.86,49.18,129.33,2078.22,602.46,3389.06,28.31,90.55,0
822.81,50.04,114.06,2116.18,604.86,3159.48,29.13,89.85,0
850.52,46.39,119.06,2050.96,579.79,3247.33,28.15,84.1,0
851.09,45.66,117.63,2249.91,586.26,3237.53,26.98,87.95,0
879.9,49.29,107.59,2059.12,648.17,3253.8,28.63,82.46,0
857.66,51.9,115.26,1985.39,599.19,3231.83,27.97,92.46,0
851.81,54.72,132.97,2347.15,647.32,3145.66,27.93,88.84,0
845.95,47.26,117.48,2309.85,641.4,3066.35,28.34,89.83,0
891.04,57.64,118.68,2249.71,634.31,3254.95,28.96,90.54,0
859.81,53.32,122.67,2451.79,585.99,3195.66,26.95,86.82,0
883.58,52.07,108.53,1955.0,648.34,3181.05,26.67,89.29,0
831.85,51.66,112.17,2432.8,629.55,3240.42,26.54,85.01,0
843.18,63.56,117.5,2325.16,652.91,3237.25,29.38,94.84,0
894.44,55.43,104.0,2027.81,666.45,3206.52,26.84,92.65,0
861.92,61.55,101.62,2269.21,567.29,3119.86,27.11,86.14,0
832.28,53.54,121.21,1974.95,596.88,3341.04,24.95,87.86,0
818.9,46.57,121.46,2255.43,643.8,3229.56,27.41,86.03,0
838.76,52.91,124.71,2472.42,645.86,3180.26,30.23,88.71,0
874.89,50.19,104.31,2125.29,625.21,3100.45,29.63,87.51,0
855.85,56.92,115.89,1983.43,624.8,3111.5,28.22,83.45,0
835.92,57.53,114.23,2111.69,657.85,3306.47,28.82,85.2,0
853.93,54.6,113.04,2132.7,648.53,3209.79,27.72,85.89,0
856.08,58.05,126.0,2437.66,641.32,3330.81,28.58,92.67,0
859.38,54.64,98.07,2032.78,626.58,3185.99,27.93,93.2,0
832.7,51.97,125.15,2189.62,608.52,3099.11,29.5,89.8,0
837.38,55.09,123.23,2042.27,646.5,3038.16,27.87,90.26,0
850.42,59.34,116.54,2372.59,596.47,3119.57,29.43,88.73,0
868.77,52.61,115.07,2114.72,678.21,3030.08,26.67,94.51,0
879.43,52.6,109.5,2142.87,644.0,3323.94,28.9,89.98,0
868.81,52.99,133.24,2465.19,655.47,3256.14,28.72,84.72,0
893.41,53.95,109.47,2484.57,638.53,3277.67,28.13,87.08,0
866.32,56.2,117.44,2096.82,645.93,3245.1,29.86,86.48,0
837.77,57.52,125.37,1966.5,570.49,3255.97,29.73,86.59,0
850.45,52.13,134.98,2252.75,682.41,3230.66,27.09,83.05,0
834.27,55.07,123.87,2413.85,614.61,3346.11,28.42,86.67,0
837.45,58.27,104.93,2193.82,627.91,3155.08,26.11,85.98,0
864.43,54.31,120.54,2262.4,621.28,3099.1,28.1,84.36,0
823.36,47.92,108.32,2190.98,589.49,3309.64,28.41,85.82,0
835.85,49.49,104.61,2294.19,663.23,3175.41,27.33,83.84,0
896.41,57.83,117.78,2336.97,638.78,3221.24,29.09,93.06,0
848.4,56.88,123.36,1993.04,602.33,3192.73,28.53,90.44,0
821.99,54.42,111.72,2186.22,619.26,3272.49,27.71,82.48,0
783.92,49.83,100.83,1915.94,584.65,3219.22,27.86,88.06,0
823.86,52.73,100.63,2051.4,618.94,3109.27,27.52,91.06,0
860.72,61.21,133.36,2113.62,650.55,3190.6,28.81,87.21,0
864.8,54.22,116.71,2231.05,635.92,3266.61,27.57,88.89,0
866.23,59.76,112.06,2142.4,594.26,3172.02,29.57,86.16,0
874.58,51.74,220.56,2292.69,632.87,3538.61,28.35,88.09,1
876.68,56.03,103.36,2328.52,592.05,3151.67,28.95,87.84,0
878.28,58.56,109.8,2131.69,654.57,3081.68,27.36,85.25,0
805.06,57.66,105.26,2274.34,604.15,3352.31,25.82,82.38,0
849.08,59.32,88.81,2072.98,618.93,3104.22,29.47,92.72,0
888.47,28.66,133.54,2470.72,647.42,2998.61,30.14,87.8,1
843.81,60.9,115.68,2210.35,631.27,3129.68,29.7,80.97,0
849.76,62.43,102.84,2141.77,609.36,3393.53,27.97,87.11,0
811.76,58.04,100.55,1990.87,617.24,3362.07,29.9,91.75,0
819.08,50.32,125.93,2156.71,629.78,3220.89,28.49,87.49,0
891.51,54.17,116.99,2055.46,603.99,3230.55,29.68,82.99,0
795.06,53.28,117.51,2236.06,604.48,3091.83,26.95,84.39,0
816.48,51.75,105.66,2263.64,642.69,3200.22,29.63,90.68,0
784.41,55.06,126.55,2240.95,621.5,3266.01,28.11,89.26,0
803.09,57.03,118.97,1944.48,601.33,3268.84,27.22,87.45,0
836.35,57.79,122.04,2053.6,585.85,2962.16,27.15,89.17,0
856.88,58.34,115.83,2058.3,613.78,3180.41,30.18,89.9,0
853.0,57.1,139.3,2074.37,644.29,3190.2,28.11,87.68,0
842.35,60.31,105.95,2037.15,612.08,3254.73,32.09,81.79,0
778.68,59.42,114.94,2386.95,629.77,3053.06,29.71,86.44,0
877.34,54.69,111.66,2134.98,664.34,3122.85,29.36,91.64,0
861.69,53.44,106.76,2420.21,693.2,3183.64,28.74,85.43,0
919.77,59.22,117.95,2060.58,657.17,3129.08,28.95,87.74,0
851.18,51.97,110.49,1711.39,625.58,3093.72,28.12,89.74,0
885.63,51.51,131.26,2430.25,604.73,3242.72,28.69,91.31,0
840.82,62.6,131.33,2080.2,663.12,3351.75,28.18,92.98,0
845.38,58.78,119.77,2146.48,643.36,3103.02,26.75,86.03,0
828.63,60.06,117.54,2302.54,643.67,3269.62,28.79,89.18,0
863.95,56.51,131.07,2136.93,623.74,3238.61,28.74,91.22,0
827.5,56.92,112.07,2053.68,617.98,3155.07,30.13,89.78,0
837.91,64.25,111.37,2454.87,573.91,3129.75,27.05,91.37,0
861.87,54.21,107.06,2180.29,583.2,3057.7,27.78,85.75,0
871.95,55.26,134.52,2361.01,640.15,3235.32,27.19,88.58,0
852.72,48.37,109.9,2148.96,614.16,3132.55,27.57,82.85,0
808.63,52.83,114.58,2182.62,619.02,3173.29,29.5,85.52,0
833.31,44.98,94.64,1981.19,594.83,3154.49,29.02,87.11,0
1096.01,64.75,120.45,2495.53,799.34,3205.94,31.76,91.76,1
860.11,53.87,132.32,2572.34,620.16,3250.01,29.24,84.71,0
824.88,59.14,116.74,2407.73,604.8,3146.86,27.29,89.43,0
890.78,59.23,124.7,2335.49,633.84,3344.68,27.81,88.02,0
844.93,65.93,117.13,2292.23,629.95,3296.15,28.47,87.53,0
835.2,52.74,124.65,2353.26,574.71,3298.67,28.58,89.92,0
815.82,56.27,109.27,2603.22,582.74,3233.18,29.16,84.41,0
835.25,55.68,105.57,2186.25,613.71,3243.0,29.0,87.59,0
840.48,54.75,139.54,2322.98,607.79,3155.74,29.79,85.39,0
839.07,50.17,105.94,2163.68,587.51,3152.35,27.96,86.81,0
812.13,42.04,115.45,2236.45,604.01,3198.89,28.74,87.35,0
850.25,54.32,128.48,2087.22,631.12,3221.58,26.41,91.47,0
840.23,45.64,107.64,2275.89,601.4,3294.74,27.33,92.89,0
861.68,52.01,114.05,2348.63,629.85,3296.77,28.84,83.36,0
828.86,52.77,119.82,2245.57,595.84,3392.14,28.2,86.72,0
874.79,56.75,124.56,2152.52,618.73,3149.04,28.73,89.42,0
802.15,55.55,126.1,2364.18,665.53,3218.77,28.82,90.06,0
902.06,48.49,180.36,2384.83,615.62,3382.85,28.89,87.53,1
833.74,57.53,121.09,2119.28,613.21,3065.41,28.13,88.99,0
811.24,58.24,102.79,2234.08,658.59,3153.7,28.99,90.52,0
824.02,50.82,124.62,2183.25,627.91,3017.11,29.54,80.88,0
867.99,50.66,112.09,2188.69,614.34,3086.44,28.23,90.09,0
852.94,56.69,103.42,2420.46,590.5,3331.21,27.6,94.26,0
856.88,55.08,110.3,2088.44,586.49,3236.25,28.02,92.89,0
882.29,55.4,115.77,2163.98,613.76,3228.77,28.14,83.62,0
888.03,54.93,127.84,2339.97,627.67,3229.94,28.35,85.28,0
864.09,49.45,125.92,2132.38,633.51,3330.82,30.11,92.84,0
851.69,59.0,128.46,2237.25,618.06,3145.17,28.03,92.42,0
850.38,54.73,114.17,2472.21,619.29,3237.25,29.37,83.58,0
908.5,51.69,130.07,2209.13,627.92,3173.61,28.67,91.12,0
870.98,40.65,116.4,2258.1,606.71,3227.37,28.73,84.51,0
830.38,56.66,131.33,2194.19,633.33,3300.36,29.25,89.12,0
879.62,59.8,108.63,2202.98,642.13,3238.37,29.49,84.68,0
844.93,54.03,115.91,2193.61,590.42,3207.07,26.35,88.34,0
875.44,60.27,102.59,2083.73,632.66,3353.2,29.3,79.03,0
894.7,55.13,113.9,2093.05,588.78,3255.23,27.28,89.19,0
789.76,57.56,117.33,2380.55,630.14,3156.56,27.18,85.59,0
807.62,60.9,119.33,2339.72,642.23,3179.21,28.12,90.71,0
833.0,54.33,118.74,2026.04,616.38,3311.21,28.43,87.86,0
848.55,65.55,102.28,2107.22,599.21,3173.98,28.89,90.27,0
860.96,51.66,127.47,2429.69,659.27,3158.95,28.73,88.41,0
857.43,56.88,120.01,2272.67,653.76,3257.76,27.26,88.33,0
847.05,62.73,121.84,2205.56,620.16,3289.2,26.69,93.01,0
831.75,58.56,129.07,2119.05,608.03,3128.62,27.42,84.43,0
864.66,53.76,120.28,2055.21,629.17,3184.08,29.47,87.67,0
792.5,54.04,110.81,2137.84,626.26,3161.58,29.64,87.0,0
892.2,54.52,135.49,2265.2,592.43,3206.32,26.66,82.35,0
863.49,48.74,119.28,2262.58,633.54,3152.01,29.45,90.77,0
879.66,51.16,121.01,2112.91,616.85,3167.13,27.57,88.47,0
821.33,56.69,112.45,2222.83,620.22,3223.52,29.48,88.65,0
854.93,61.44,93.7,2106.45,626.86,3250.47,29.69,88.8,0
845.12,59.5,127.16,2064.54,609.92,3120.59,29.13,87.71,0
852.48,51.53,102.63,2302.39,609.5,3225.45,26.83,87.78,0
891.45,59.69,108.55,2264.69,648.1,3217.38,27.08,89.99,0
792.37,65.49,107.36,2258.23,631.24,3268.36,28.95,89.99,0
893.64,62.35,135.81,2129.8,623.8,3276.44,28.28,87.62,0
825.36,51.53,117.07,2214.03,628.02,3062.18,29.37,91.96,0
846.43,53.02,125.72,2385.02,606.52,3162.96,28.13,83.24,0
841.5,54.2,114.02,2384.34,669.59,3289.2,28.48,89.78,0
874.58,52.43,110.67,2234.08,612.32,3219.58,28.96,87.46,0
790.79,45.81,105.47,2054.25,615.74,3164.73,29.37,85.7,0
848.31,62.7,134.63,2234.96,610.57,3375.3,28.39,82.94,0
829.05,56.15,127.71,2441.68,637.71,3051.37,28.64,85.57,0
845.19,45.16,113.94,2138.54,619.09,3258.71,29.97,85.86,0
790.78,61.11,114.43,2256.27,640.97,3296.94,28.77,88.38,0
871.55,58.0,120.24,2319.87,628.92,3240.44,27.65,92.53,0
879.5,52.17,118.21,2148.1,633.53,3184.14,29.5,93.77,0
859.02,52.14,115.46,2340.87,589.97,3326.53,28.73,83.98,0
862.42,53.25,128.29,2034.85,638.35,3174.88,28.11,94.77,0
786.15,53.37,125.66,2143.7,584.65,3268.41,29.01,91.53,0
824.83,48.82,120.19,2212.83,619.45,3293.7,31.2,87.81,0
796.86,58.42,109.47,2347.85,614.56,3280.66,27.3,90.01,0
826.78,56.5,108.84,2184.3,590.03,3047.37,27.09,90.78,0
846.84,45.96,122.7,2146.36,618.29,3153.63,28.8,91.08,0
800.45,54.99,119.71,2200.62,623.91,3324.68,31.04,91.45,0
866.29,56.36,132.33,2250.71,660.36,3178.29,28.62,92.44,0
847.88,49.76,121.23,2207.3,653.9,3143.03,27.78,87.0,0
892.93,61.38,113.1,2323.6,583.81,3289.27,29.72,81.3,0
825.2,55.67,113.73,2381.86,623.86,3205.94,28.8,85.17,0
805.99,54.61,127.77,2181.92,569.06,3158.03,27.1,89.24,0
843.59,47.87,106.24,2063.53,634.55,3268.71,29.36,86.44,0
854.77,58.14,133.26,2268.75,641.81,3239.14,29.64,92.87,0
881.72,54.14,102.1,2120.57,668.37,3187.4,28.18,88.25,0
868.61,49.02,102.84,2162.14,631.95,3335.86,30.0,89.37,0
808.28,58.32,102.75,2101.65,629.37,3169.57,28.51,92.33,0
842.01,69.29,120.42,2301.67,620.61,3195.89,27.55,86.21,0
864.55,42.66,117.7,2006.6,602.17,3113.35,29.58,85.33,0
876.19,53.85,113.95,2164.56,599.0,3257.43,26.99,90.24,0
852.93,53.51,115.65,2247.54,664.38,3151.6,28.92,87.31,0
810.29,59.58,122.56,2295.03,634.42,3295.82,27.04,85.03,0
827.41,60.51,115.7,1893.0,619.41,3235.63,27.89,84.05,0
843.73,63.56,127.2,2099.82,669.99,3261.58,28.59,87.45,0
812.06,51.74,124.18,2150.23,638.83,3277.3,28.53,86.38,0
781.26,55.94,108.83,2430.66,595.53,3139.85,27.44,84.55,0
883.98,51.46,108.68,2494.79,622.06,3198.53,26.57,89.67,0
864.6,57.27,135.89,2005.91,611.31,3356.73,29.45,84.04,0
832.3,62.31,134.75,2213.53,612.96,3101.01,27.99,88.98,0
856.69,57.93,117.35,2137.91,556.71,3241.28,29.3,83.63,0
847.8,49.23,115.67,2237.23,620.27,3278.49,29.67,86.98,0
821.57,54.14,107.03,2099.32,642.14,3228.84,29.98,84.53,0
768.89,51.29,121.85,2269.79,634.77,3096.3,26.52,93.19,0
864.74,62.14,125.51,2088.14,585.42,3340.22,28.91,89.03,0
813.5,57.14,123.49,2198.66,602.42,3272.14,29.01,83.44,0
859.12,41.97,112.12,2297.11,614.06,3274.17,26.62,86.78,0
856.49,52.99,114.76,2296.12,621.97,3197.55,27.81,92.6,0
851.4,57.64,124.85,2343.84,565.06,3238.86,30.04,91.41,0
814.24,54.41,130.65,1965.85,641.86,3179.85,29.29,84.58,0
819.18,64.67,105.61,2201.23,622.09,3369.59,27.69,86.72,0
881.76,59.74,117.82,2533.96,641.81,3096.92,28.79,93.87,0
893.48,57.93,115.67,2121.56,617.95,3236.62,27.13,85.27,0
854.24,58.01,114.18,2291.2,601.31,3267.7,28.01,92.52,0
880.1,50.26,107.29,2312.53,572.54,3136.83,28.3,89.1,0
824.14,59.16,117.51,2353.12,609.7,3314.36,27.52,84.91,0
867.73,58.15,120.07,2154.94,624.05,3227.43,30.36,86.73,0
808.96,51.64,124.13,2309.8,619.38,3178.35,31.38,85.84,0
850.31,60.67,109.72,2035.82,645.79,3260.4,28.41,90.0,0
861.81,46.6,131.75,2236.57,611.03,3391.95,29.41,91.68,0
892.04,48.98,130.28,2377.87,602.29,3431.88,27.91,85.54,0
823.93,51.76,115.36,2167.42,603.43,3154.9,30.02,90.95,0
828.59,58.21,113.77,2325.17,632.27,3315.28,28.4,84.13,0
837.84,55.07,121.69,2117.2,633.35,3015.91,27.89,88.52,0
867.2,55.24,116.94,2138.02,609.32,3215.21,27.68,85.31,0
907.24,63.07,124.08,2165.7,620.07,3241.55,26.86,83.65,0
859.17,54.65,118.02,2309.88,629.77,3187.91,25.66,84.48,0
875.72,59.23,114.04,2288.23,576.58,3252.37,26.3,92.1,0
848.72,56.54,137.43,1982.99,626.7,3194.28,27.89,93.38,0
851.21,61.11,123.1,2003.17,599.12,3277.13,30.04,86.27,0
789.05,57.8,124.0,2125.95,672.16,3190.83,29.45,85.42,0
834.12,63.29,111.27,2322.12,622.75,3177.32,26.99,90.98,0
873.08,53.74,139.97,2284.07,630.69,3226.23,26.82,88.38,0
839.39,50.17,125.88,2115.65,600.77,3195.76,28.16,88.23,0
879.41,61.79,130.78,2181.42,659.18,3184.11,30.32,87.87,0
814.48,61.85,128.13,2560.77,628.99,3229.6,28.31,85.8,0
841.16,58.82,124.14,1938.66,602.49,3223.08,28.28,84.42,0
833.16,58.01,127.67,2084.57,640.26,3227.49,30.74,84.43,0
864.64,61.28,118.16,2212.45,662.82,3180.57,28.09,88.55,0
894.85,57.31,112.65,2334.61,648.63,3223.56,30.5,85.08,0
867.56,58.37,123.67,2186.93,574.26,3196.15,29.62,84.97,0
819.21,52.64,138.92,1991.39,625.67,3254.53,27.59,86.06,0
889.53,27.65,174.85,2175.51,643.0,3129.26,28.9,84.32,1
877.44,53.81,110.22,2246.87,657.11,3381.76,26.98,86.1,0
844.59,53.55,119.51,2154.84,616.32,3368.82,28.29,86.68,0
826.48,52.9,115.33,2296.53,642.23,3356.54,28.49,90.56,0
856.85,57.88,139.58,2228.5,622.14,3126.34,28.53,87.43,0
819.29,60.18,113.85,2330.11,643.9,3245.52,27.39,87.44,0
866.76,50.0,117.93,1999.1,631.81,3368.7,29.89,89.64,0
855.41,56.97,114.97,1995.75,602.5,3131.31,26.19,87.78,0
892.89,49.37,128.85,1911.08,609.3,3122.19,27.93,84.53,0
866.68,52.49,122.75,2086.25,616.4,3308.07,27.55,82.88,0
822.42,56.56,124.92,1913.65,639.87,3239.29,30.45,85.48,0
792.35,41.64,116.71,2089.18,622.99,3097.68,27.29,84.82,0
833.74,57.78,113.44,2387.7,600.07,3111.79,29.65,84.22,0
818.44,55.26,125.54,2271.9,625.91,3273.05,27.92,89.8,0
794.2,59.11,122.14,2146.06,633.9,3105.36,30.13,87.89,0
883.41,52.01,114.04,2462.43,657.8,3249.78,26.6,82.98,0
860.21,50.27,120.66,2349.25,602.02,3293.52,27.21,94.72,0
895.95,64.06,116.14,2016.69,669.83,3196.75,27.33,88.28,0
863.96,51.3,120.55,1953.7,633.64,3187.26,25.76,88.38,0
841.9,61.14,106.59,2347.55,634.64,3087.21,28.56,93.05,0
819.96,60.66,117.98,2037.5,623.52,3234.33,30.05,88.68,0
891.33,51.69,129.98,1949.39,649.59,3240.64,31.81,93.26,0
894.04,60.13,106.53,2061.03,646.46,3157.35,27.88,87.58,0
919.93,56.1,128.37,2216.17,599.31,3081.32,30.74,90.01,0
853.92,58.62,131.25,1964.64,566.77,3263.72,27.56,93.64,0
880.86,50.53,125.23,2428.92,654.15,3300.28,27.87,83.88,0
924.08,46.64,118.12,2485.82,618.21,3190.05,28.15,86.88,0
875.82,54.39,130.59,2372.79,614.52,3166.0,29.68,84.73,0
875.89,41.25,120.16,2067.91,639.71,3199.4,29.38,86.66,0
859.68,53.15,214.46,2071.46,598.7,3296.83,29.96,90.48,1
871.64,56.59,139.85,2006.67,615.76,3202.79,27.81,81.32,0
844.32,56.85,119.0,2258.18,602.24,3249.48,29.61,86.62,0
883.9,63.45,110.97,2198.57,673.37,3266.03,28.34,88.83,0
832.62,52.42,112.06,2123.51,607.72,3301.46,29.64,82.22,0
838.29,48.48,125.47,2053.68,672.38,3088.88,28.29,93.39,0
796.58,59.38,130.3,2114.69,610.15,3234.57,28.02,84.01,0
816.74,59.7,113.42,2296.14,632.87,3167.97,28.7,86.38,0
875.54,23.46,148.09,2733.79,595.95,3157.63,26.73,81.82,1
929.04,52.05,108.62,1818.02,608.85,3162.07,29.53,90.03,0
898.33,50.32,127.32,2111.04,605.32,3260.01,27.41,86.45,0
828.58,52.84,119.96,2054.72,661.89,3148.22,26.51,94.19,0
803.22,54.35,126.72,1929.59,618.23,3394.79,26.51,84.43,0
852.75,46.44,119.57,2238.79,634.81,3193.66,29.17,84.78,0
846.42,49.63,133.16,2335.81,640.87,3273.64,27.15,92.39,0
860.09,56.75,128.38,2118.16,611.75,3169.56,28.48,92.2,0
793.07,58.06,125.21,2061.34,586.27,3231.27,29.82,82.25,0
824.39,62.97,130.4,2459.94,595.18,3216.33,25.81,82.94,0
853.88,54.19,109.7,2206.73,625.17,3258.89,26.93,88.86,0
903.3,54.3,121.78,2257.82,630.47,3308.98,28.71,89.3,0
852.03,50.9,112.65,2163.72,599.25,3113.64,29.0,90.35,0
813.64,61.92,122.74,2441.5,622.73,3140.57,29.72,81.59,0
853.56,58.87,115.81,2172.08,618.64,3173.01,28.0,86.41,0
791.89,52.85,112.33,2313.9,651.18,3107.83,28.75,87.7,0
843.12,47.18,123.59,2263.38,599.78,3141.97,26.98,94.55,0
819.33,58.01,120.52,2439.79,563.13,3192.31,29.29,86.95,0
838.19,52.63,121.38,2114.91,605.38,3206.09,28.22,87.23,0
921.61,56.43,122.4,2362.27,617.52,3300.39,28.33,90.48,0
861.65,46.7,125.34,2238.3,594.99,3431.62,27.85,87.61,0
884.01,50.1,124.88,2084.12,597.76,3252.22,29.81,87.04,0
794.9,51.51,124.75,2347.53,622.32,3081.67,29.17,92.94,0
848.05,55.18,114.79,2169.87,643.11,3268.54,29.98,87.93,0
908.53,58.0,168.48,2344.2,615.04,3433.5,26.97,93.06,1
872.57,55.39,131.52,2129.77,632.97,3088.69,28.28,88.03,0
847.18,52.95,118.97,2084.39,650.38,3236.91,28.91,83.4,0
807.35,59.47,132.43,2333.48,608.12,3107.86,28.67,90.35,0
893.75,61.69,127.99,2136.15,669.5,3382.32,30.36,87.23,0
852.83,62.77,113.26,2356.77,618.35,3245.9,31.91,86.42,0
885.75,57.71,136.23,2247.36,651.89,3183.71,29.57,85.96,0
807.71,57.27,127.95,2202.29,669.97,3075.05,28.12,92.69,0
908.81,66.01,125.28,2080.64,610.07,3040.19,27.73,85.76,0
849.74,58.58,130.29,2090.22,643.69,3220.66,29.32,88.38,0
829.9,49.82,118.14,2346.54,591.97,3143.74,29.16,84.87,0
833.1,59.9,109.66,1867.8,607.93,3337.39,29.36,87.07,0
845.12,55.02,116.73,2146.73,641.39,3172.8,28.84,90.9,0
830.69,55.36,124.35,2322.48,596.05,3312.64,28.67,87.84,0
883.87,56.83,137.63,2350.38,627.68,3346.56,27.47,88.53,0
834.33,46.07,107.48,2351.26,637.78,3340.72,28.74,87.47,0
820.91,58.16,123.21,2006.96,608.56,3170.97,27.55,90.44,0
856.93,56.19,117.29,2179.18,604.31,3273.99,27.21,91.19,0
897.14,57.39,100.3,2294.76,594.84,3299.5,29.83,86.38,0
836.32,52.55,105.72,2204.76,629.47,3153.85,26.88,86.69,0
882.44,61.15,117.72,2294.89,607.03,3080.49,28.61,86.55,0
810.21,57.68,132.84,2531.78,627.46,3227.64,26.91,96.53,0
894.28,55.12,113.89,2307.46,629.53,3149.15,30.62,88.57,0
793.43,57.03,131.13,2055.02,605.58,3224.98,30.09,87.23,0
838.88,55.57,94.32,2136.93,604.06,3202.34,29.9,83.88,0
819.24,59.23,139.86,2378.78,629.04,3197.71,27.6,87.05,0
893.16,41.11,107.12,2228.08,652.15,3140.13,29.82,85.92,0
888.98,55.93,101.81,2160.82,636.29,3167.98,29.37,91.22,0
802.06,45.76,115.3,2057.44,681.56,3190.48,30.24,89.21,0
825.53,57.95,125.66,2132.68,629.97,3244.01,30.12,86.89,0
862.52,59.25,105.46,2046.94,628.58,3270.1,28.54,85.98,0
864.64,51.56,111.92,2063.11,603.12,3204.1,29.9,90.66,0
875.7,48.24,117.4,2093.61,608.78,3102.19,28.26,88.28,0
866.12,52.95,117.88,1982.59,638.62,3134.0,26.08,84.92,0
831.52,61.8,118.73,2419.41,633.97,3332.41,30.31,86.61,0
834.79,54.89,119.08,2350.47,604.49,3176.66,28.8,86.52,0
870.21,67.82,114.12,2403.58,611.82,3221.99,29.59,92.96,0
851.33,50.28,122.33,2507.37,621.47,3186.12,28.85,89.03,0
821.14,56.7,103.49,1815.86,619.63,3341.0,28.58,87.18,0
862.43,62.6,125.21,2097.79,639.56,3201.56,28.78,88.32,0
817.53,59.64,130.03,2021.57,628.86,3218.21,28.09,87.03,0
872.53,52.07,114.86,2423.1,572.6,3299.01,29.31,88.47,0
869.35,51.34,118.03,1984.35,558.68,3178.13,29.4,86.9,0
843.68,57.69,126.48,1969.91,621.43,3136.84,29.3,87.6,0
787.0,48.23,116.89,2215.15,658.19,3261.48,27.89,87.24,0
838.72,64.78,127.06,1828.09,617.54,3314.26,30.0,89.24,0
834.5,56.04,112.35,2250.71,591.38,3266.39,29.62,83.45,0
883.81,54.34,130.19,2146.25,557.99,3187.58,27.63,90.46,0
821.25,55.68,127.87,2182.49,589.86,3194.37,29.8,89.64,0
848.73,52.31,101.33,1996.49,642.79,3180.19,27.4,89.51,0
846.47,58.93,117.71,2194.86,657.12,3157.5,30.02,87.68,0
876.96,47.77,144.21,2075.88,577.74,3230.2,28.95,88.91,0
850.09,55.37,128.29,2052.77,627.87,3103.12,28.63,85.83,0
829.46,58.04,120.81,1929.31,603.88,3057.05,27.97,84.62,0
825.01,63.02,120.13,2149.25,616.14,3300.08,28.62,90.68,0
897.27,52.04,123.52,2303.67,573.1,3109.89,27.48,88.28,0
835.39,55.71,123.29,2119.7,595.18,3195.79,27.86,88.63,0
898.82,53.98,108.74,2222.26,583.12,3152.05,27.42,85.95,0
791.17,49.74,121.41,2266.16,668.92,3199.44,28.86,90.46,0
893.85,53.02,110.67,2364.31,597.96,3228.13,28.54,88.91,0
854.49,30.95,119.73,2263.72,631.39,2959.91,25.44,92.08,1
903.44,51.75,121.59,2220.51,594.49,3184.36,26.1,87.75,0
840.14,59.87,119.34,2188.62,611.8,3215.17,28.41,87.56,0
790.32,48.93,110.91,2508.33,590.05,3223.21,28.78,91.98,0
878.98,54.93,123.52,2269.39,587.71,3234.07,27.43,90.4,0
847.55,50.47,114.53,2179.18,621.78,3170.12,28.28,86.56,0
854.46,56.91,115.31,2221.16,595.08,3196.76,28.12,85.99,0
822.73,54.96,119.39,2421.95,626.58,3361.82,29.98,90.07,0
857.47,50.55,124.84,2408.37,610.8,3138.88,28.23,90.5,0
842.63,65.04,117.93,2192.61,650.83,3155.42,29.05,86.72,0
857.69,51.74,104.55,2213.71,658.36,3110.25,29.54,86.99,0
838.66,52.73,115.82,2425.3,635.43,3206.68,28.17,88.72,0
801.45,55.9,135.74,2231.01,631.34,3225.52,30.34,84.23,0
853.93,54.19,117.25,2236.99,617.84,3187.98,29.39,86.86,0
868.77,56.99,123.14,2160.83,593.29,3192.26,27.65,84.64,0
853.82,46.7,115.36,2036.35,669.03,3348.79,29.36,85.09,0
830.1,56.91,131.74,2150.87,614.5,3106.17,29.68,88.41,0
881.48,61.92,117.91,2276.2,604.25,3201.58,26.22,84.88,0
844.69,55.48,118.89,2286.15,594.35,3067.08,29.71,87.08,0
848.16,52.69,113.71,2305.54,623.67,3268.47,27.45,89.88,0
830.06,45.8,126.2,1959.32,614.75,3192.05,26.42,87.42,0
859.68,56.12,116.75,2199.07,625.88,3120.91,26.99,86.72,0
893.09,58.06,103.54,2221.64,651.17,3295.04,29.73,88.03,0
791.84,57.81,109.98,2126.07,582.05,3413.85,30.12,83.63,0
817.74,50.24,130.92,1729.92,626.11,3052.24,30.19,90.25,0
855.77,53.57,105.34,2013.78,637.49,3320.72,26.85,86.97,0
864.24,49.92,123.81,2136.44,642.1,3164.04,28.68,93.11,0
893.13,47.37,106.79,2306.08,606.2,3225.4,27.92,87.39,0
853.51,53.98,128.74,2167.75,596.74,3134.04,29.4,94.69,0
907.39,50.79,113.66,2198.53,623.8,3149.19,31.08,87.75,0
861.99,48.45,121.07,2339.29,617.65,3243.51,30.17,84.83,0
839.15,52.18,123.49,2119.18,640.94,3114.7,28.58,94.12,0
848.22,52.53,121.76,2061.49,660.95,3306.87,26.94,84.05,0
827.48,60.87,135.61,2159.73,618.67,3209.25,28.63,88.33,0
876.35,53.56,113.72,2328.12,624.24,3296.21,31.08,86.44,0
879.21,44.58,137.72,2176.33,597.01,3218.1,30.21,87.3,0
850.06,41.67,115.48,1938.86,608.7,3248.92,29.76,92.39,0
863.62,51.61,121.09,2048.48,639.5,3268.8,29.03,88.75,0
806.7,59.74,113.22,2000.56,625.38,3206.2,29.12,80.66,0
872.24,52.82,121.46,2367.04,625.78,3239.11,27.37,87.45,0
894.95,54.99,99.56,2106.16,632.52,3221.82,29.13,84.99,0
815.45,57.81,125.36,2385.45,614.09,3170.94,27.08,84.34,0
843.47,61.53,124.26,2305.17,633.68,3213.75,29.28,85.01,0
881.47,50.12,108.76,2493.61,577.91,3231.13,30.37,90.01,0
811.93,56.75,114.04,2432.19,610.59,3238.2,27.76,89.38,0
861.37,57.13,127.7,2133.63,656.02,3351.79,28.79,91.35,0
778.83,55.26,130.58,2363.8,632.14,3213.28,25.97,87.96,0
873.85,59.67,122.07,2217.81,629.65,3123.89,27.44,79.72,0
802.33,67.64,116.42,2120.24,567.7,3175.89,28.64,88.72,0
860.94,55.17,124.39,2166.12,643.12,3274.22,27.28,86.9,0
916.42,66.15,126.73,2304.06,649.37,3130.49,26.88,93.86,0
814.6,64.46,118.39,2275.28,578.79,3237.56,26.3,84.21,0
826.98,54.86,119.97,1898.92,634.49,3284.79,27.66,85.84,0
879.3,60.18,119.94,2103.57,646.96,3182.03,28.33,89.74,0
898.49,54.78,115.29,2048.1,599.13,3196.02,27.63,90.0,0
826.01,57.29,127.68,2098.14,629.57,3129.23,26.33,82.7,0
807.87,64.54,127.95,2322.64,597.41,3138.03,30.77,89.26,0
801.16,53.87,132.96,1975.09,624.59,3111.12,28.02,86.15,0
836.15,58.66,115.84,2236.15,631.95,3289.78,27.96,92.37,0
866.51,58.29,127.75,2300.32,636.56,3055.28,28.99,84.99,0
864.86,52.15,126.69,2212.86,595.98,3240.83,26.43,93.14,0
821.29,59.55,91.25,2133.78,635.53,3234.53,28.68,87.87,0
789.95,58.46,121.95,2015.87,608.49,3225.05,31.39,85.56,0
886.28,66.2,107.83,2377.22,631.53,3231.16,29.89,89.24,0
894.55,51.94,119.45,2356.66,621.59,3323.22,29.63,90.02,0
864.61,57.34,123.44,1978.82,577.9,3154.45,29.0,87.01,0
840.54,60.32,108.18,2416.06,587.07,3081.62,28.05,86.33,0
851.55,58.17,121.26,2529.5,661.6,3145.33,27.85,86.99,0
763.99,53.19,114.41,2143.2,620.04,3116.71,29.12,85.1,0
909.18,24.45,152.29,2036.87,596.73,3235.69,26.78,84.23,1
818.65,52.96,111.86,2091.12,595.07,3207.16,29.53,89.4,0
830.81,51.51,125.95,2197.01,664.21,3181.57,30.18,89.16,0
838.61,51.96,107.8,2116.17,614.64,3245.01,26.32,86.35,0
858.11,39.99,114.43,2241.66,647.89,3157.64,26.6,84.12,0
827.04,55.39,130.45,2206.32,621.31,3064.55,27.9,90.47,0
833.27,47.89,122.83,2110.72,598.31,3158.22,26.65,84.03,0
896.33,56.16,112.7,2116.41,581.75,3250.14,29.53,90.27,0
842.38,61.58,136.23,2176.29,617.31,3243.62,25.63,89.38,0
889.0,51.98,118.46,2118.57,642.13,3165.62,29.58,91.84,0
817.0,51.82,107.15,2043.08,625.95,3135.4,28.69,91.81,0
880.83,59.07,123.35,2194.45,627.39,3314.47,27.68,87.79,0
851.97,52.61,102.77,2413.39,654.11,3179.29,29.24,88.73,0
861.28,53.65,120.76,2388.7,635.43,3164.47,27.65,90.77,0
804.33,53.04,127.62,2146.6,627.33,3244.72,29.55,90.15,0
822.77,62.22,125.09,2199.1,635.07,3202.87,28.14,88.75,0
840.38,44.24,133.19,2103.45,590.68,3350.87,29.63,89.42,0
855.5,42.83,113.46,2090.52,629.49,3268.03,28.12,90.82,0
918.45,55.83,118.58,2061.67,634.89,3255.88,27.55,86.19,0
866.14,59.34,105.77,2262.94,611.8,3147.94,28.34,90.53,0
835.34,45.2,116.97,1995.34,634.39,3292.32,29.17,88.07,0
858.45,54.58,119.47,2142.39,599.11,3281.57,30.66,90.28,0
896.56,60.67,127.48,1876.11,653.32,3156.42,28.55,85.85,0
802.59,51.89,103.71,2279.56,612.76,3134.38,28.63,84.36,0
861.58,58.58,131.04,2549.61,623.39,3071.06,29.39,88.34,0
869.97,59.14,108.31,2132.18,626.86,3242.86,29.62,91.61,0
849.96,49.23,103.81,2099.58,640.31,3217.86,28.95,88.38,0
866.99,48.32,122.63,2421.47,582.03,3140.56,28.08,85.75,0
872.69,55.86,103.1,2202.75,663.12,3352.63,30.3,84.24,0
822.39,50.35,117.28,2066.99,608.04,3141.09,29.05,92.12,0
842.67,47.7,113.88,2030.62,603.35,3202.78,28.46,88.19,0
857.34,55.39,133.33,2254.9,582.99,3148.21,29.05,87.42,0
831.0,56.16,133.51,2057.89,657.33,3208.28,29.36,92.36,0
853.55,52.1,111.9,2153.85,608.62,3121.87,29.9,84.76,0
934.38,52.91,106.52,2285.78,636.77,3284.99,29.91,88.7,0
797.66,61.14,106.5,2080.93,598.65,3200.68,29.14,91.26,0
861.01,53.92,144.3,2394.5,629.57,3181.49,29.27,90.41,0
843.91,56.36,132.52,2261.37,625.03,3247.18,27.89,87.99,0
862.75,37.12,180.02,2035.59,640.26,3523.17,29.39,89.91,1
877.73,56.86,116.6,2225.72,626.18,3277.99,31.54,83.99,0
822.86,48.69,116.85,2209.97,566.6,3244.53,27.4,91.25,0
881.56,52.39,126.08,2170.4,616.4,3131.52,28.7,89.21,0
872.5,61.96,118.22,2279.32,641.13,3205.17,29.42,88.66,0
850.12,47.71,131.24,2169.32,599.6,3317.5,28.54,90.5,0
893.54,58.27,123.08,2259.86,584.2,3238.84,28.28,86.5,0
833.94,54.92,119.32,2261.86,603.47,3173.49,29.63,91.82,0
865.2,52.58,122.53,2163.04,611.08,3251.47,30.33,82.68,0
829.84,59.14,129.11,2582.7,566.01,3154.2,28.53,86.28,0
914.3,66.23,126.58,2157.23,636.52,3199.16,27.48,87.68,0
816.45,53.83,123.07,2240.61,633.34,3140.6,29.31,86.37,0
860.37,47.75,121.13,2112.2,612.88,3149.91,26.48,84.74,0
802.98,65.47,133.97,2334.45,623.28,3300.89,28.27,92.11,0
848.88,54.91,110.49,2186.64,618.54,3213.57,26.46,86.54,0
888.75,55.92,141.85,2474.51,581.62,3224.66,27.52,87.81,0
850.44,60.33,131.13,2085.78,649.34,3215.84,28.67,82.29,0
877.24,55.65,120.45,2263.81,615.06,3433.3,28.23,91.05,0
886.99,54.25,115.7,2312.55,595.12,3162.88,28.22,89.07,0
857.56,58.79,126.71,2340.83,605.0,3183.46,31.67,89.44,0
806.36,55.2,126.73,2150.32,626.07,3321.21,27.75,85.02,0
827.72,56.87,112.63,2130.33,609.27,3164.83,28.57,88.93,0
857.41,55.52,114.18,2350.43,583.58,3230.85,28.07,87.44,0
836.4,62.05,98.64,2345.78,662.5,3259.17,28.4,82.65,0
855.58,49.15,112.34,2344.59,610.74,3126.21,29.38,88.1,0
862.06,57.16,127.44,2297.52,603.97,3210.89,28.77,90.56,0
806.97,63.62,131.9,2177.49,616.73,3227.42,27.9,95.19,0
806.73,55.69,101.11,2091.39,632.41,3295.67,29.06,81.35,0
863.27,51.41,114.44,2300.52,625.02,3221.03,28.62,88.95,0
861.25,61.43,108.08,2261.86,615.0,3212.86,27.23,85.94,0
878.96,54.78,124.64,2033.31,601.59,3219.46,30.03,85.39,0
832.44,57.11,121.46,2312.56,672.84,3094.39,26.69,88.36,0
850.0,63.0,119.61,2183.08,665.26,3266.77,30.06,82.81,0
777.62,55.41,138.7,2123.91,642.74,3069.5,27.88,84.6,0
835.25,57.0,117.85,2306.13,625.6,3214.92,27.46,87.87,0
901.82,55.13,118.86,1870.43,626.32,3234.95,26.66,85.53,0
849.22,50.48,136.3,2173.33,624.09,3195.27,27.01,89.55,0
895.49,50.56,112.76,2032.65,638.33,3177.91,27.31,86.63,0
849.6,54.0,131.54,2106.11,646.03,3275.45,29.91,87.52,0
869.81,54.85,119.95,2182.98,618.68,3343.65,25.73,87.83,0
1060.81,51.37,114.19,2439.78,784.63,3593.99,30.58,99.2,1
840.61,56.23,130.14,2253.07,584.49,3087.27,28.68,91.28,0
855.96,55.32,111.42,2517.11,591.8,3248.32,28.42,91.13,0
842.68,53.48,96.32,2408.11,631.9,3373.67,29.02,85.47,0
842.16,52.84,129.01,2428.49,621.09,3147.57,29.06,87.56,0
892.82,59.46,116.18,2367.3,637.9,3251.83,30.19,86.29,0
873.22,61.96,131.99,1970.69,651.43,3161.88,27.58,91.14,0
885.66,51.76,111.58,2063.25,591.52,3296.66,29.09,86.02,0
859.07,30.28,107.43,2084.83,626.68,3112.94,27.82,85.13,1
804.92,57.14,138.26,2226.95,625.34,3334.23,28.9,95.08,0
1055.49,48.06,144.34,2750.59,813.16,3288.63,29.46,99.09,1
865.8,51.4,146.02,2135.07,631.05,2959.13,28.72,87.63,0
853.24,52.29,128.69,2410.03,614.14,3034.24,28.36,92.1,0
843.58,54.07,109.41,2320.63,598.56,3210.69,28.5,90.87,0
882.37,57.49,126.7,2190.15,610.13,3285.7,27.95,94.0,0
835.78,55.99,116.35,2361.24,633.48,3161.63,27.93,95.57,0
909.83,57.78,142.61,2265.36,653.03,3219.81,27.88,88.07,0
894.38,63.87,111.2,2017.04,622.43,3088.51,27.31,83.29,0
866.62,49.79,128.77,2208.52,604.3,3238.39,29.68,92.77,0
866.63,63.48,103.9,2157.82,608.09,3264.35,27.81,87.17,0
873.71,53.85,125.03,2230.56,608.85,3253.66,28.46,90.93,0
805.1,54.56,110.86,1882.52,635.97,3256.55,29.06,87.5,0
875.98,57.42,105.45,1951.77,604.47,3183.73,29.25,87.5,0
817.63,56.37,116.08,2485.26,610.55,3346.91,28.3,83.08,0
816.98,49.33,109.88,2288.68,627.05,3064.76,27.43,88.11,0
878.1,55.48,121.03,2324.49,601.03,3147.9,26.53,90.15,0
844.77,50.12,132.2,2185.18,638.45,3202.62,27.2,85.46,0
865.92,53.14,141.03,2106.2,583.59,3210.47,27.7,88.81,0
896.94,45.57,106.41,2227.78,624.52,3196.61,27.49,86.23,0
877.27,54.87,120.93,2461.71,598.78,3148.78,28.75,87.25,0
844.3,57.07,112.18,2060.09,634.17,3194.14,29.63,91.74,0
867.81,55.75,126.33,2273.04,587.45,3218.18,27.2,93.38,0
896.07,51.46,111.1,2205.57,610.34,3189.12,28.94,89.67,0
854.15,58.57,113.3,2270.56,609.6,3219.41,26.74,89.47,0
879.03,57.83,117.8,2502.68,598.0,3189.26,27.92,89.24,0
881.81,50.99,129.65,2479.54,615.78,3336.87,27.61,89.23,0
845.56,55.56,110.72,2154.73,594.8,3161.29,27.78,90.04,0
860.82,47.58,137.15,2045.75,606.14,3178.58,29.49,84.61,0
913.6,61.01,116.54,2008.1,620.17,3268.83,28.0,89.23,0
1016.25,45.92,148.29,2490.17,769.77,3358.03,31.59,99.91,1
821.22,51.82,134.29,2022.08,651.15,3125.92,28.43,88.3,0
861.19,60.55,131.31,2039.53,647.44,3257.56,28.92,84.03,0
814.29,49.57,120.75,2198.44,643.98,3146.08,29.33,92.68,0
863.44,53.1,129.84,2259.73,622.45,3254.43,28.01,90.6,0
869.23,59.97,130.14,2106.41,571.9,3246.72,27.7,88.4,0
825.6,59.75,120.97,2265.81,631.82,3230.35,27.78,87.62,0
891.12,57.85,137.34,2471.55,630.0,3147.16,28.1,86.31,0
891.17,56.68,119.96,2174.79,651.11,3119.73,29.46,88.98,0
906.35,55.3,121.68,2129.18,620.53,3071.17,27.78,89.51,0
870.7,51.27,135.01,2242.26,619.07,3239.01,27.08,89.78,0
838.19,55.91,126.54,1945.61,671.72,3178.67,28.73,82.43,0
807.79,61.26,116.08,2174.8,666.37,3128.65,28.89,86.96,0
871.83,58.45,133.6,2069.53,648.65,3408.06,29.35,88.67,0
856.52,44.47,120.53,2211.26,655.83,3271.2,30.17,84.21,0
835.02,51.89,113.76,2177.2,614.22,3163.58,28.51,87.04,0
835.25,64.07,105.01,2416.16,637.79,3349.39,27.71,88.37,0
798.24,54.89,121.88,2045.9,635.32,3238.64,29.66,88.84,0
845.58,48.38,130.76,2017.96,625.61,3053.49,28.35,84.03,0
832.87,65.19,116.17,2255.88,598.77,3364.85,28.77,92.4,0
833.51,44.21,133.83,2255.97,621.55,3378.73,28.92,87.99,0
862.21,56.95,112.08,2074.47,600.01,3318.6,27.69,88.13,0
847.15,57.76,116.32,2107.42,632.97,3346.77,29.69,85.01,0
839.72,54.19,133.07,2005.1,653.45,3222.97,28.89,91.58,0
857.8,47.36,185.19,1975.29,632.09,3410.55,28.42,85.81,1
903.56,58.93,107.71,2234.21,601.34,3257.04,26.2,88.01,0
844.31,48.42,105.35,2199.44,628.85,3239.04,28.47,84.11,0
862.34,53.59,171.4,2206.11,661.11,3296.3,24.9,92.49,1
863.17,53.07,111.97,2156.65,648.68,3200.24,27.92,90.77,0
871.21,54.99,111.82,1901.58,624.12,3109.07,28.57,88.22,0
869.7,51.14,127.17,2196.76,623.74,3081.13,29.87,92.68,0
812.4,59.03,125.46,2561.96,614.37,3151.57,29.48,88.68,0
839.97,64.88,118.7,2095.91,636.37,3308.83,30.11,84.49,0
852.54,55.07,103.57,2326.3,653.81,3102.34,31.12,87.46,0
825.2,62.06,114.12,2301.69,638.71,3089.35,27.84,88.87,0
854.5,49.96,127.08,2299.57,604.29,3163.7,28.63,87.27,0
819.48,49.33,115.87,2432.41,634.21,3209.75,28.66,84.99,0
875.82,56.49,117.31,2390.08,680.55,3048.3,28.99,86.46,0
823.21,50.62,124.45,1931.7,589.48,3266.21,29.01,87.47,0
793.06,50.66,124.1,2135.9,602.76,3116.38,27.84,88.82,0
824.92,52.56,125.31,2340.11,619.46,3355.35,27.77,92.93,0
858.89,64.62,121.96,2271.26,576.12,3266.64,28.49,90.01,0
844.9,57.72,120.67,1846.48,688.83,3253.4,31.44,91.25,0
843.17,58.38,119.59,2292.45,602.32,3288.34,28.94,85.56,0
841.52,53.51,132.6,2284.11,530.38,3258.7,28.45,87.14,0
883.82,51.26,126.55,2209.41,585.04,3224.21,29.16,88.67,0
851.89,51.88,115.12,2076.39,583.64,3204.78,27.35,91.63,0
840.43,61.75,122.27,2443.56,604.68,3120.43,28.89,84.63,0
873.72,56.76,115.44,2235.55,571.72,3198.26,28.82,94.95,0
843.23,58.02,120.85,2027.03,640.07,3279.51,28.46,87.26,0
811.11,54.53,104.7,2215.88,613.86,3154.8,31.57,88.63,0
850.85,55.6,112.09,2087.25,612.92,3139.65,29.19,88.82,0
859.82,53.87,122.0,1959.55,645.19,3271.5,29.82,89.38,0
813.44,53.26,131.46,2251.36,606.55,3308.86,29.21,86.41,0
845.59,57.96,117.81,2170.01,626.69,3254.84,30.46,83.92,0
859.99,58.04,116.51,2130.37,645.4,3259.21,27.14,86.78,0
857.75,57.2,111.44,2193.87,594.35,3117.82,28.2,90.63,0
804.33,47.99,101.6,2581.72,622.06,3157.95,27.95,84.05,0
861.4,51.25,129.2,2245.71,557.82,3335.81,27.24,88.23,0
817.22,54.94,113.43,2282.28,632.54,3246.31,26.59,84.37,0
807.85,44.84,128.23,2185.24,606.09,3194.4,30.39,89.23,0
862.07,62.92,121.63,2380.04,634.86,3162.01,29.32,89.65,0
853.04,49.14,110.82,2191.5,639.67,3117.81,26.29,89.41,0
846.6,56.04,123.43,2194.81,612.71,3116.6,29.8,91.91,0
872.39,48.61,101.48,2103.71,566.26,3190.41,28.48,90.34,0
853.41,52.12,115.37,2220.26,586.22,3167.77,27.53,86.68,0
858.89,60.48,147.02,2044.39,660.64,3186.7,28.69,86.44,0
883.63,58.06,115.39,1807.49,599.3,3203.11,28.45,85.18,0
862.49,57.59,126.74,1992.14,645.82,3133.48,28.32,90.85,0
850.58,53.16,124.33,2072.07,602.69,3242.76,30.61,87.51,0
814.23,62.43,126.32,2086.12,627.28,3181.47,27.89,87.67,0
840.69,52.3,125.29,2247.47,656.88,3340.52,29.65,87.29,0
825.49,49.35,105.39,2144.18,624.12,3076.39,28.2,81.15,0
852.0,64.4,114.69,2029.55,595.73,3311.78,28.62,91.73,0
860.45,39.14,138.79,2297.3,646.52,3063.09,29.44,84.15,1
804.59,56.31,127.96,2166.39,643.85,3206.83,27.3,87.48,0
846.29,53.04,112.45,2198.32,645.45,3322.98,29.22,87.25,0
901.62,56.61,119.91,2106.38,571.99,3213.65,29.01,87.54,0
892.65,55.56,128.73,2140.88,614.14,3268.99,28.86,88.8,0
843.84,55.95,124.2,2171.94,603.97,3159.64,27.15,87.61,0
786.04,59.4,102.08,2173.9,593.15,3177.02,28.97,88.52,0
831.51,50.45,116.92,2304.99,638.64,3237.4,28.44,95.77,0
874.26,55.09,111.96,2091.23,634.73,3206.48,24.81,84.8,0
863.4,52.71,104.29,2077.58,634.8,3298.58,30.35,84.18,0
825.82,62.37,106.25,2156.9,636.43,3253.14,28.88,82.81,0
910.94,55.74,120.2,2402.67,614.98,3135.68,28.54,83.76,0
869.0,54.51,131.65,2446.13,611.56,3085.35,28.5,86.53,0
840.12,51.15,118.73,2242.48,633.28,3102.92,29.23,89.75,0
910.03,62.32,120.74,2007.02,627.81,3225.09,28.07,87.0,0
822.47,54.6,126.69,2411.67,654.21,3211.43,29.56,87.91,0
868.94,55.15,113.23,2148.4,668.04,3163.13,27.34,87.69,0
818.8,60.43,108.82,2353.45,659.49,3127.68,29.79,84.94,0
848.17,55.74,129.86,2144.89,559.01,3354.96,26.44,87.18,0
900.24,56.24,215.02,2483.28,623.04,3380.32,25.34,93.2,1
857.36,56.58,117.64,2453.02,610.99,3259.11,29.18,86.12,0
825.21,61.9,113.4,2557.11,653.08,3141.62,27.04,87.55,0
837.59,62.83,112.86,1826.56,627.48,3245.0,28.98,88.13,0
855.27,58.25,107.88,2007.76,630.62,3205.57,28.27,91.81,0
861.27,49.82,113.62,2217.81,600.26,3274.31,28.44,87.0,0
875.21,57.35,126.05,2120.6,630.78,3218.61,28.5,87.74,0
840.87,60.77,128.12,1975.29,641.55,3082.38,27.97,87.0,0
857.47,57.4,112.94,1877.27,611.02,3066.61,27.27,86.45,0
862.31,54.31,129.94,2202.5,648.59,3020.89,29.14,89.05,0
871.04,54.51,105.14,1993.65,652.04,3224.5,27.54,94.4,0
856.78,62.45,104.94,2221.27,660.71,3146.08,30.52,90.41,0
850.88,65.28,132.76,2197.0,591.37,3186.87,29.35,90.37,0
811.62,60.45,125.79,2252.5,644.09,3162.14,26.06,87.58,0
835.47,50.59,132.02,2489.35,644.72,3172.68,27.68,87.85,0
851.81,52.8,103.59,1985.3,632.89,3072.51,28.68,86.73,0
818.34,53.67,105.41,2265.85,617.46,3149.09,28.0,90.47,0
835.29,62.09,111.43,2196.7,632.06,3164.77,27.22,88.63,0
827.1,60.27,122.38,2268.85,640.49,3095.2,26.28,83.84,0
873.59,57.66,122.72,2238.87,595.67,3195.74,28.87,92.26,0
948.13,56.94,127.45,2105.83,632.61,3390.8,26.92,85.93,0
847.73,58.35,136.46,2478.57,616.49,3283.23,27.7,88.41,0
819.73,55.57,116.06,2148.55,640.3,2984.54,27.71,82.94,0
854.86,58.6,137.43,2159.41,658.31,3237.12,28.49,91.08,0
809.3,54.96,112.36,2260.53,629.34,3143.19,30.5,87.94,0
888.43,58.6,125.17,2405.98,650.84,3348.76,28.79,88.37,0
900.33,57.28,128.64,2097.51,629.97,3091.07,28.93,84.93,0
892.79,39.96,163.2,2399.72,647.88,3136.16,27.58,86.08,1
834.2,57.4,105.97,2544.03,620.96,3073.31,27.46,84.69,0
849.69,54.31,114.23,2378.83,687.03,3189.86,28.89,85.22,0
912.8,58.27,124.33,2364.66,617.55,3201.79,28.55,86.58,0
816.0,63.21,93.49,2122.83,623.67,3202.82,27.23,90.36,0
876.03,51.57,121.6,2141.27,634.83,3117.25,29.06,89.71,0
803.69,58.92,119.3,2115.57,650.4,3371.64,29.1,88.44,0
871.06,50.73,111.37,2390.7,657.16,3155.28,27.91,92.04,0
817.84,53.9,104.95,2343.5,598.45,3228.85,27.97,86.8,0
889.86,61.62,118.77,2467.58,607.34,3189.82,28.68,87.66,0
889.91,54.71,260.13,2335.83,640.88,3114.9,29.15,89.93,1
867.05,60.01,114.37,2279.93,618.92,3138.28,29.65,90.67,0
797.95,56.37,112.58,2325.67,603.5,3125.88,26.56,86.02,0
1051.09,52.91,125.12,2579.65,819.6,3320.7,29.82,93.93,1
849.02,52.76,177.0,2182.87,642.01,3443.32,25.42,87.24,1
862.18,59.31,118.74,2512.87,599.54,3263.84,28.0,88.62,0
840.9,57.3,132.13,2277.07,583.0,3286.9,29.6,85.7,0
824.28,54.04,142.77,2310.02,603.11,3206.32,28.54,83.06,0
818.29,51.76,106.7,2203.63,595.95,3186.89,29.19,87.62,0
917.16,47.76,114.37,2275.61,605.14,3244.04,30.19,83.65,0
835.53,37.96,112.5,2244.3,631.08,3128.7,28.88,89.05,0
864.32,62.1,115.88,2112.26,604.16,3320.38,26.42,86.27,0
778.56,58.0,131.3,2428.95,617.26,3194.88,27.37,85.93,0
830.17,52.76,103.54,2196.39,621.15,3152.36,28.92,95.2,0
893.65,54.4,119.21,2571.91,637.57,3272.22,31.63,90.61,0
789.89,57.89,118.26,2230.72,594.87,3120.1,27.84,89.53,0
845.63,60.51,104.5,2214.95,610.37,3120.12,29.42,85.96,0
1066.79,45.87,153.36,2583.59,792.65,3329.44,31.57,92.84,1
842.92,58.78,136.26,2265.62,592.06,3277.32,28.88,99.16,0
857.34,45.02,123.76,1862.39,610.62,3216.41,27.36,86.07,0
802.55,51.31,117.22,2117.72,627.41,3160.35,28.33,90.44,0
842.72,62.21,119.56,2174.03,611.87,3172.01,27.32,83.38,0
802.53,53.47,126.83,2493.46,664.6,3162.85,29.62,83.72,0
797.97,48.19,118.34,2290.45,570.44,3214.93,28.74,88.89,0
845.08,51.89,119.33,2263.96,615.36,3150.21,29.87,86.57,0
812.75,58.59,118.98,2142.63,629.5,3178.74,28.17,84.21,0
813.33,56.52,113.37,2417.47,643.89,3195.19,28.1,83.17,0
898.87,59.42,115.97,2200.26,635.05,3230.77,27.8,90.34,0
807.49,61.98,112.91,2258.83,628.71,3212.31,29.98,86.68,0
879.05,61.24,137.18,2227.68,638.84,3202.96,27.63,90.37,0
856.35,57.66,122.81,2332.62,647.47,3309.79,27.4,84.73,0
851.86,49.73,121.31,2350.59,658.81,3164.88,28.29,85.39,0
855.57,53.67,122.16,2407.95,643.96,3251.89,29.06,86.75,0
853.04,50.65,142.43,2449.27,660.04,3218.93,28.26,83.72,0
788.77,61.01,125.88,2265.27,639.25,3285.83,28.95,93.84,0
857.73,50.03,121.75,2179.54,632.88,3219.31,29.86,88.6,0
878.82,47.77,121.55,2098.03,619.27,3057.21,26.59,90.26,0
812.49,50.51,127.36,2007.92,602.38,3244.4,28.83,87.02,0
865.34,56.69,101.75,2260.32,615.41,3199.51,29.05,89.06,0
846.98,59.53,120.65,2400.94,603.41,3235.14,28.45,86.69,0
855.12,53.92,126.22,2222.19,682.64,3239.43,29.53,88.0,0
826.13,53.07,112.28,2043.6,625.05,3161.48,26.61,92.05,0
796.4,56.37,120.47,2353.27,614.72,3139.46,30.81,84.01,0
866.66,56.73,131.21,1906.09,625.8,3068.33,29.79,94.31,0
837.43,63.12,114.64,2232.47,644.71,3155.4,27.77,90.62,0
851.68,56.66,111.37,2074.06,579.02,3190.94,29.51,86.97,0
867.05,46.09,116.64,2415.95,623.11,3134.22,29.96,89.88,0
838.55,61.44,138.74,2236.56,635.34,3236.23,26.7,86.36,0
832.45,55.03,124.11,2190.1,614.38,3213.41,31.04,87.74,0
869.55,61.15,117.13,2214.67,633.0,3183.37,29.93,85.98,0
844.45,49.72,124.12,2175.37,653.21,3317.06,27.05,86.57,0
918.99,52.13,102.19,2214.45,602.26,3222.03,30.68,85.38,0
861.84,55.46,119.5,2082.51,617.73,3150.88,27.92,90.76,0
883.53,61.07,111.09,2176.32,614.57,3271.79,25.66,89.06,0
825.5,55.78,112.84,2063.87,655.1,3177.33,29.39,91.41,0
868.5,53.07,98.6,2251.83,613.96,3209.58,30.16,90.79,0
832.57,51.87,121.8,2210.05,570.62,3163.61,29.22,85.27,0
857.09,54.3,108.67,2311.5,609.65,3227.33,29.19,87.13,0
856.88,56.04,109.43,2407.7,624.61,3038.4,31.22,90.1,0
879.21,56.44,150.45,2257.67,642.96,3189.78,28.69,92.16,0
859.44,58.53,135.44,1830.3,581.61,3250.33,26.94,88.05,0
830.06,57.78,129.47,2092.48,634.72,3205.75,29.38,87.99,0
887.35,48.74,114.28,2372.1,629.75,3268.13,28.97,83.99,0
846.53,59.09,142.42,2007.56,596.84,3309.52,28.67,85.54,0
835.67,56.37,108.55,2151.17,609.83,3296.14,29.0,89.11,0
843.41,53.58,119.6,2171.28,651.74,3089.54,29.04,84.98,0
860.34,52.9,91.7,2344.06,608.7,3390.16,28.59,88.77,0
874.21,56.68,115.05,2150.65,631.42,3158.45,27.66,89.93,0
838.14,57.13,117.67,2118.25,635.16,3187.05,28.22,85.14,0
879.36,55.21,121.58,2267.8,607.16,3179.47,29.73,89.99,0
846.03,48.25,130.64,2272.04,631.0,3165.25,28.33,87.54,0
895.65,46.97,138.42,2261.09,639.23,3089.38,28.37,86.87,0
916.2,57.55,111.51,2234.28,620.49,3207.34,26.93,90.98,0
874.02,57.46,118.59,2215.74,618.95,3258.28,27.55,86.16,0
843.24,47.07,119.42,2271.3,600.69,3300.31,28.66,90.96,0
893.53,51.56,145.21,2433.46,642.75,3537.49,27.73,89.72,1
923.39,58.72,121.36,2289.8,631.45,3279.18,30.31,84.99,0
860.76,47.1,127.88,2137.06,591.13,3239.89,28.74,87.15,0
849.49,51.21,114.86,2136.17,649.53,3168.66,30.34,89.65,0
762.08,54.83,116.16,2484.39,621.52,3179.39,28.61,91.16,0
1044.07,47.59,150.36,2287.57,803.27,3270.26,31.34,85.61,1
866.73,58.09,125.51,2353.06,605.24,3246.48,28.48,86.85,0
813.52,51.43,128.39,2165.1,584.17,3026.61,28.76,88.41,0
865.11,55.18,135.73,2298.61,618.64,3068.61,28.55,86.06,0
873.72,58.08,123.23,2322.02,644.99,3223.14,29.06,91.88,0
848.29,49.06,119.68,2094.0,600.62,3231.7,27.41,85.32,0
855.93,48.54,130.8,2227.71,611.3,3336.26,29.8,89.72,0
857.4,48.95,116.82,2369.0,669.87,3234.36,28.28,83.0,0
840.51,59.68,116.14,2248.81,606.28,3261.88,29.88,82.89,0
829.57,56.59,121.85,2394.92,628.26,3290.5,30.95,87.26,0
801.43,50.17,121.83,2252.1,621.12,3165.68,27.83,84.27,0
858.67,60.73,104.37,2186.46,665.09,3148.3,30.2,93.08,0
847.02,56.23,120.53,2170.2,625.44,3123.76,28.18,83.64,0
865.88,59.79,122.62,2113.42,631.09,3205.58,27.62,90.68,0
859.92,52.11,120.24,2474.38,601.44,3251.38,30.44,88.24,0
830.58,57.63,114.51,2299.0,643.5,3167.2,28.77,89.08,0
840.85,49.98,121.45,2120.4,623.69,3176.98,28.19,85.42,0
851.69,60.96,127.63,2151.8,624.14,3429.5,26.95,87.65,0
846.54,55.66,117.31,2070.82,634.29,3306.54,28.53,84.06,0
867.42,64.5,121.3,1987.25,650.9,3211.07,29.89,88.81,0
850.01,63.32,122.32,2121.65,637.08,3289.61,28.73,84.55,0
827.91,51.0,116.5,2025.05,637.34,3145.98,30.96,90.99,0
889.75,57.36,121.61,2283.71,606.6,3220.53,28.0,86.4,0
816.63,48.47,110.35,2295.6,596.09,3209.94,31.01,84.37,0
840.92,50.07,127.24,2118.24,617.48,3200.53,27.64,91.32,0
880.67,54.29,122.8,2141.76,597.27,3100.58,28.69,90.87,0
852.04,59.34,96.53,2282.74,631.89,3220.62,27.0,87.31,0
804.01,58.98,130.37,2287.03,622.19,3267.61,26.72,88.8,0
847.96,54.76,100.33,2246.28,618.11,3249.39,29.09,87.5,0
847.5,49.19,113.29,2170.73,598.27,3270.87,30.74,86.18,0
889.44,52.28,126.96,1888.98,653.16,3084.58,25.91,88.48,0
837.82,53.33,116.39,2255.56,640.35,3235.69,28.06,88.39,0
870.63,44.14,120.6,2411.25,601.19,3310.28,28.44,91.19,0
909.92,61.52,121.01,2155.21,633.43,3271.64,29.77,90.83,0
882.88,59.08,112.61,2229.94,590.6,3265.94,29.65,94.33,0
853.71,55.76,119.01,2204.64,636.19,3230.48,30.42,87.61,0
846.73,54.82,121.43,2199.56,643.37,3168.98,28.84,90.83,0
838.75,48.87,104.24,2142.04,640.86,3188.6,28.31,89.26,0
875.07,65.3,132.66,2102.45,669.27,3163.48,27.28,91.06,0
798.92,58.43,114.41,2199.9,630.82,3040.27,26.53,93.29,0
833.89,50.44,123.19,2218.9,614.48,3195.83,26.69,88.32,0
840.06,56.77,114.36,1984.65,599.31,3231.41,27.71,86.52,0
844.89,52.38,124.59,2189.45,619.57,3301.92,28.11,86.15,0
898.36,57.4,118.35,2310.6,622.28,3105.73,27.81,90.24,0
873.26,55.15,109.16,2344.84,633.16,3240.86,27.82,83.13,0
840.73,61.31,111.36,1982.61,607.99,3207.56,28.92,92.08,0
892.6,57.5,110.65,2191.56,646.81,3115.08,27.31,88.0,0
856.47,49.88,95.71,1896.62,579.03,3142.96,32.16,88.43,0
833.96,54.14,132.5,2004.01,608.19,3215.03,28.22,85.64,0
866.54,59.15,109.59,2223.87,592.6,3334.53,29.03,86.23,0
795.77,47.49,119.21,2046.55,607.87,3133.85,28.7,89.02,0
841.3,52.2,138.38,2310.72,595.53,3090.6,27.31,87.64,0
842.89,60.71,108.8,2282.68,655.04,3275.54,30.23,86.93,0
825.9,52.33,127.3,2229.01,674.55,3424.91,27.09,88.71,0
869.76,57.07,111.42,2094.96,617.05,3281.85,28.54,83.95,0
857.06,47.82,120.56,2380.59,642.41,3340.34,29.28,90.07,0
829.07,57.33,116.74,2296.51,639.98,3168.71,28.01,91.97,0
882.05,51.73,112.38,2331.03,664.23,3219.3,27.95,88.54,0
783.54,51.42,129.19,2117.15,619.11,3246.61,28.69,90.16,0
825.13,56.93,126.92,2386.71,648.94,3151.36,28.13,90.37,0
817.42,50.62,122.79,2190.46,626.9,3224.35,30.47,92.81,0
839.26,60.61,140.18,2276.73,640.02,3276.45,28.97,86.88,0
847.39,54.32,103.51,2397.22,611.87,3104.12,28.39,91.29,0
808.68,54.14,130.04,2533.27,635.67,3225.5,27.18,87.0,0
851.92,58.73,137.31,2091.09,606.29,3152.51,27.67,89.05,0
865.02,56.84,115.37,2157.04,625.99,3225.89,26.36,90.72,0
827.39,53.64,113.18,2445.71,674.83,3181.25,28.8,86.22,0
870.61,53.4,106.7,2142.67,611.25,3248.32,28.32,92.38,0
854.1,57.92,119.61,2172.75,635.96,3167.97,27.78,86.09,0
830.77,61.42,129.44,2083.8,602.69,3216.0,29.16,91.01,0
1073.48,43.2,115.59,2607.65,875.76,3398.79,30.38,88.51,1
868.33,52.26,135.02,2382.1,601.65,3255.73,28.91,87.75,0
892.89,56.96,119.49,2123.15,642.37,3199.94,27.8,88.8,0
872.5,62.19,124.5,2482.31,638.41,3282.45,29.9,89.39,0
832.49,54.96,125.24,2164.0,597.41,2980.97,29.73,86.88,0
885.37,54.07,113.8,2208.47,604.73,3130.32,25.59,91.9,0
800.57,58.56,122.76,2186.27,594.49,3170.14,28.35,82.92,0
800.07,49.81,123.35,2203.3,600.17,3226.82,29.51,87.65,0
857.1,54.68,131.29,1913.4,654.62,3157.12,28.08,89.64,0
941.79,61.18,128.93,2113.35,598.98,3267.39,29.79,86.34,0
826.86,53.2,115.69,2170.68,620.63,3061.29,29.19,87.09,0
836.62,49.67,109.7,2235.2,619.05,3300.74,28.49,88.29,0
887.77,58.51,124.08,2202.56,609.83,3151.93,27.85,91.74,0
834.49,53.11,124.5,2134.56,612.66,3225.47,27.3,86.72,0
846.09,48.18,123.7,2170.8,610.92,3140.92,28.52,86.31,0
857.51,63.85,121.6,2345.59,635.05,3273.19,26.71,92.66,0
864.09,47.65,121.34,2203.01,612.23,3250.17,29.68,89.59,0
819.73,56.25,121.26,2157.09,592.39,3260.37,29.01,86.69,0
810.05,53.16,112.95,2369.98,602.7,3216.99,29.68,85.19,0
835.96,56.43,112.72,2366.5,620.18,3242.18,29.72,87.91,0
866.29,57.11,133.89,2303.55,602.56,3231.91,28.51,94.44,0
807.7,48.55,124.95,2192.44,640.93,3239.77,29.13,85.32,0
859.81,59.81,110.25,2106.06,636.52,3207.02,28.48,89.27,0
840.87,49.08,116.35,1913.0,648.76,3322.35,29.05,86.78,0
889.03,41.47,110.85,2292.42,682.63,3041.25,28.49,88.62,0
836.74,55.46,124.63,2171.95,587.94,3234.96,28.45,91.38,0
831.41,51.53,122.35,2240.18,664.66,3280.56,29.06,93.7,0
817.29,65.36,128.97,1821.19,596.87,3249.82,26.35,88.14,0
886.14,55.76,112.15,2182.56,640.92,3181.49,27.44,89.19,0
851.12,60.75,119.35,2322.73,657.36,3206.66,29.67,87.37,0
856.78,52.1,117.95,2267.9,641.26,3193.27,27.91,89.39,0
856.69,57.37,118.32,2168.68,602.63,3198.38,28.78,88.75,0
846.32,62.31,118.02,2080.44,616.3,3127.05,29.87,88.77,0
813.24,41.81,122.35,2525.46,572.77,3097.84,29.52,84.26,0
781.73,61.07,114.77,2167.59,636.46,3180.2,28.27,84.77,0
846.58,50.43,105.63,2314.29,617.19,3106.03,25.29,90.57,0
912.31,45.89,132.5,2095.51,564.12,3292.85,28.6,88.04,0
831.33,59.64,124.43,2219.68,626.06,3087.85,27.05,86.72,0
842.01,52.39,136.78,2200.37,624.04,3216.53,27.27,84.62,0
818.25,45.77,111.05,2318.24,582.09,3095.93,27.55,91.29,0
831.29,67.69,117.19,2140.64,636.15,3238.79,26.38,88.01,0
776.82,58.8,97.98,2106.78,582.45,3255.81,30.38,90.83,0
824.8,56.5,133.7,2095.03,616.44,3280.09,28.11,93.78,0
820.01,56.35,118.52,2382.8,614.49,3168.25,28.64,91.71,0
872.07,62.08,120.0,2064.38,599.87,3313.02,26.31,89.17,0
809.93,46.86,124.29,2053.33,559.14,3112.96,28.55,85.06,0
879.13,57.26,96.62,2003.21,669.82,3135.85,28.2,92.73,0
838.24,52.4,114.3,2063.29,598.93,3219.43,28.66,83.92,0
869.52,58.45,114.36,2352.71,624.49,3081.85,27.04,88.16,0
876.34,54.19,121.14,2405.88,671.37,3258.49,30.63,93.1,0
831.34,44.66,114.53,2553.72,618.6,3208.26,27.28,85.11,0
848.78,51.06,129.23,2042.63,613.85,3185.19,29.51,85.92,0
863.99,53.63,117.76,2234.69,656.71,3219.2,29.01,86.59,0
854.85,52.12,143.96,2002.78,635.51,3172.22,30.04,89.21,0
846.18,50.19,141.18,2112.02,598.5,3082.45,27.79,80.08,0
890.75,49.53,115.12,2105.02,586.83,3315.76,26.66,91.19,0
868.32,54.34,118.23,2080.2,624.8,3272.75,28.7,83.33,0
879.87,52.79,107.29,2158.8,605.7,3144.63,28.94,93.41,0
848.75,52.47,121.61,2182.69,657.7,3224.44,27.88,93.13,0
805.87,63.37,122.48,2034.73,646.64,3336.51,27.6,86.53,0
855.09,60.63,125.62,2165.16,631.19,3296.04,26.57,89.11,0
886.78,60.66,104.33,2191.88,653.37,3349.59,29.09,86.42,0
888.81,62.69,105.33,2248.8,613.9,3151.68,29.81,86.23,0
860.9,51.57,133.35,1960.35,607.56,3326.86,29.73,82.22,0
831.05,54.17,127.04,2158.14,627.76,3269.76,29.25,90.82,0
889.25,53.55,110.79,2272.19,656.8,3208.71,27.02,89.25,0
837.75,46.91,113.75,2021.75,625.79,3398.87,29.38,88.96,0
848.46,47.37,118.78,2461.5,565.9,3178.56,28.13,93.14,0
814.45,50.28,132.81,2010.49,642.77,3148.24,30.78,88.75,0
872.51,48.46,121.01,2230.73,603.28,3403.9,28.39,84.99,0
857.12,57.27,100.45,2524.13,581.82,3265.46,26.7,90.34,0
856.34,51.86,132.61,2395.22,630.77,3247.77,27.05,83.11,0
879.07,54.85,119.83,2152.98,634.34,3201.61,26.55,85.51,0
842.95,55.21,130.88,2260.6,616.85,3142.67,30.02,84.55,0
836.78,62.22,107.61,2161.32,600.27,3109.82,30.27,85.4,0
873.3,55.13,109.47,2147.98,593.64,3212.75,29.12,84.89,0
859.63,59.96,123.0,2189.24,575.85,3156.91,28.77,93.04,0
809.6,58.72,115.1,1845.17,640.88,3205.21,28.86,88.93,0
762.49,53.43,125.68,2051.32,595.74,3189.9,26.28,83.86,0
853.06,48.98,141.41,2167.79,589.3,3213.86,30.3,90.55,0
890.92,58.88,117.85,2259.79,668.15,3192.66,27.8,86.05,0
821.67,63.33,127.46,2338.12,634.78,3047.04,29.89,92.93,0
917.02,54.47,114.71,2419.18,645.02,3304.25,29.47,87.86,0
840.41,56.79,124.68,2054.73,615.61,3296.32,27.57,90.4,0
840.18,48.74,116.18,2055.66,602.07,3196.89,28.85,88.7,0
865.29,55.36,123.72,2320.0,634.39,3146.34,28.31,87.37,0
833.19,61.48,107.41,2403.41,583.78,3136.61,26.92,86.04,0
787.45,64.82,124.77,2198.61,608.78,3214.38,27.52,87.77,0
842.21,55.82,119.8,2194.41,598.8,3168.13,29.06,85.59,0
827.17,60.5,116.64,2225.83,619.12,3308.63,29.87,85.53,0
852.1,54.75,116.62,2419.99,586.98,3156.6,28.56,91.04,0
794.14,55.11,118.82,2322.85,623.57,3154.32,28.94,87.61,0
848.34,52.5,119.48,1974.79,665.74,3217.8,27.04,88.18,0
822.53,53.83,127.9,2255.67,679.07,3254.49,26.12,85.93,0
817.2,62.64,124.73,1889.35,644.71,3290.43,26.89,87.79,0
858.5,60.83,103.33,2357.36,571.03,3153.16,28.54,84.64,0
855.86,67.23,133.98,2328.7,626.62,3212.99,27.63,81.48,0
861.34,57.32,113.24,2230.62,629.07,3149.89,29.29,90.11,0
890.78,60.54,131.83,2158.89,595.56,3347.5,26.81,80.58,0
874.71,59.95,117.03,2247.6,614.74,3272.47,28.89,88.28,0
877.25,53.68,114.36,2086.62,635.47,3246.45,28.47,87.29,0
838.88,50.29,126.69,2141.33,656.68,3284.88,27.88,89.12,0
837.75,55.79,102.42,2070.39,603.77,3169.33,28.7,93.9,0
828.96,49.44,113.04,2085.65,582.59,3268.44,28.96,86.57,0
879.02,57.54,108.15,2110.55,647.44,3219.73,27.9,91.95,0
863.79,54.66,124.66,2072.06,621.35,3173.08,28.35,89.71,0
846.03,55.67,116.16,2435.98,585.72,3247.8,30.04,84.86,0
1010.98,49.18,98.49,2573.86,746.74,3483.43,27.75,91.76,1
792.5,54.54,111.2,2130.49,569.87,3297.03,27.99,80.74,0
826.06,58.12,127.87,2129.59,614.91,3058.08,29.53,87.97,0
849.47,65.14,111.82,2156.55,597.44,3215.4,29.54,90.44,0
890.1,49.52,190.7,2334.38,561.72,3284.41,29.17,84.74,1
822.3,57.98,116.36,2331.56,588.93,3082.19,29.85,87.7,0
846.71,54.3,130.75,2303.54,672.05,3396.61,29.54,82.5,0
823.7,52.29,138.88,2551.89,656.94,3212.5,26.91,81.13,0
865.9,56.54,112.76,2076.18,570.57,3245.92,28.32,90.75,0
848.33,54.05,105.59,1991.61,646.37,3253.21,27.82,85.57,0
1025.44,42.85,118.72,2845.98,769.38,3428.28,34.8,91.99,1
813.7,53.65,118.71,2225.47,619.23,3142.21,28.73,91.17,0
881.48,46.74,125.42,1979.03,634.86,3251.18,28.82,88.47,0
864.24,50.44,110.29,2314.19,599.68,3103.91,28.04,90.96,0
894.14,58.67,103.17,2279.79,590.14,3294.84,27.69,91.57,0
1058.96,47.44,130.77,3049.93,707.81,3363.95,30.14,91.27,1
837.54,50.82,125.96,2080.89,638.05,3415.33,26.94,94.02,0
885.72,53.95,138.67,2203.1,652.84,3226.49,28.42,84.6,0
838.09,62.86,146.15,1916.69,610.85,3055.91,29.14,84.99,0
885.9,51.65,116.27,2020.9,622.21,3069.89,29.21,84.58,0
824.17,54.52,110.37,2207.78,625.93,3147.3,29.52,84.47,0
873.01,55.03,105.97,2105.84,621.09,3240.62,27.27,88.37,0
833.44,54.72,130.66,2113.54,601.16,3265.28,29.53,82.75,0
875.97,53.24,122.26,2047.25,628.89,3374.84,28.18,88.1,0
868.26,57.02,123.05,2119.58,631.09,3086.17,26.01,86.22,0
865.38,63.23,111.51,2223.73,655.83,3187.11,29.02,91.44,0
832.48,51.85,130.94,2270.11,638.38,3176.16,30.86,90.86,0
880.38,56.84,104.62,2281.38,642.1,3260.25,28.11,83.53,0
853.03,54.85,122.65,2179.85,611.86,3119.34,27.6,89.41,0
873.87,52.02,119.44,2135.05,616.26,3151.33,29.6,91.33,0
852.16,44.86,126.88,2186.43,617.74,3087.64,27.17,91.16,0
859.49,41.75,118.04,2226.11,627.73,3157.2,28.01,89.2,0
780.39,55.36,115.62,2208.74,573.45,3122.96,27.07,91.87,0
865.49,60.27,111.97,2264.08,582.78,3278.19,27.72,87.03,0
913.88,54.06,119.77,2477.79,608.54,3238.81,28.49,89.47,0
829.08,54.26,114.29,2245.69,605.62,3250.32,28.95,85.59,0
881.92,55.74,106.97,2242.31,642.52,3407.35,28.25,87.0,0
869.78,60.76,127.82,2398.88,587.14,3106.58,28.74,88.92,0
917.29,61.37,144.61,2042.8,656.83,3202.18,30.47,87.19,0
869.43,50.33,123.79,1847.03,662.16,3182.73,29.94,92.22,0
834.88,54.11,121.18,2170.57,641.41,3204.43,30.57,85.87,0
854.1,57.09,124.16,2076.67,639.34,3127.6,25.78,82.51,0
885.71,47.01,131.26,2203.52,615.43,3202.2,27.13,82.78,0
900.77,57.13,126.92,2239.75,612.83,3226.72,31.34,89.99,0
830.16,56.03,108.65,2210.57,644.13,3225.23,28.6,92.69,0
852.77,59.95,115.26,2198.83,636.93,3131.92,28.73,91.18,0
842.33,57.72,127.85,2283.41,624.12,3279.36,27.28,88.75,0
838.95,59.33,132.2,2243.52,605.79,3311.61,29.72,85.23,0
810.6,63.62,131.58,1873.24,635.67,3187.07,28.63,90.73,0
845.22,61.86,129.85,2252.02,612.24,3117.79,29.86,84.04,0
801.4,51.32,115.06,2216.07,640.81,3177.01,29.08,87.0,0
885.32,55.34,120.75,2126.99,617.26,3210.13,31.74,87.22,0
887.95,52.88,125.24,2225.92,675.3,3150.93,31.28,86.37,0
842.11,62.6,119.17,2271.11,613.51,3112.69,30.05,86.88,0
832.2,71.04,129.56,2110.41,662.68,3256.5,28.05,87.29,0
934.06,24.49,95.82,2217.94,672.53,3154.9,28.03,83.99,1
824.22,59.77,118.0,1863.51,588.13,3142.79,27.29,85.0,0
873.1,57.36,119.09,2133.05,614.49,3152.1,27.75,94.48,0
840.46,59.71,138.85,2358.6,615.7,3135.93,30.07,92.3,0
858.19,63.59,114.72,2155.64,613.69,3198.31,28.09,91.25,0
826.94,61.49,141.65,2480.88,581.86,3172.04,30.62,89.9,0
848.63,52.87,125.57,2197.97,622.5,3073.59,30.02,84.74,0
825.27,49.47,110.09,2136.33,612.39,3290.78,28.76,85.79,0
818.24,57.54,113.37,2333.7,626.06,3184.23,27.92,85.99,0
900.3,51.83,117.04,2259.55,633.25,3204.13,29.43,88.09,0
837.67,51.88,130.49,1946.16,596.56,3279.35,27.64,81.44,0
860.71,62.76,126.75,2289.05,658.88,3231.17,30.85,88.66,0
857.78,39.92,121.0,2210.15,574.71,3249.62,29.32,80.98,0
908.01,58.29,112.34,2467.29,639.25,3142.85,31.11,83.25,0
891.05,44.38,110.99,2367.48,598.35,3238.88,31.66,86.93,0
825.45,54.7,120.99,1908.05,611.48,3073.18,30.42,87.06,0
850.09,55.95,116.33,2155.35,612.61,3214.94,27.14,91.1,0
818.68,58.38,116.97,2184.73,600.88,3152.76,26.6,88.82,0
841.86,55.84,116.97,2286.14,636.62,3078.96,28.0,87.25,0
867.84,56.24,119.76,2085.04,654.89,3206.09,27.7,82.9,0
825.99,53.1,130.7,2237.13,621.44,3118.1,26.97,86.61,0
867.16,22.69,127.71,2128.6,606.5,3118.03,27.61,87.56,1
825.8,63.23,132.81,2207.6,639.05,3303.32,26.4,82.26,0
811.41,51.01,126.98,1981.12,639.67,3177.98,28.03,82.32,0
855.9,55.35,128.84,2387.16,575.45,3069.09,28.51,91.93,0
823.31,52.99,123.17,2153.19,619.04,3237.01,30.12,85.9,0
859.29,50.31,122.35,2179.67,632.76,3186.98,27.29,89.23,0
780.19,48.48,135.78,2182.45,590.29,3185.37,29.43,90.74,0
884.74,52.47,122.86,2278.37,590.08,3023.29,27.98,89.82,0
847.36,59.21,139.36,2290.45,623.92,3186.75,28.53,81.82,0
857.97,54.66,107.41,2476.99,646.91,3241.66,28.67,84.43,0
858.48,55.24,118.41,2141.53,600.66,3301.13,26.57,87.2,0
850.93,65.11,106.54,2093.03,675.4,3277.17,26.97,85.95,0
767.51,46.46,133.49,2184.15,588.44,3191.95,27.42,80.99,0
859.34,57.69,120.7,2257.75,579.15,3380.2,29.54,82.55,0
827.62,51.4,126.86,2012.06,618.13,3120.78,28.87,93.93,0
859.41,39.28,116.14,2299.66,598.06,3294.74,27.18,88.39,0
818.78,56.32,132.02,2288.05,655.74,3175.04,30.33,82.06,0
850.98,46.93,128.69,2516.55,597.85,3153.52,30.98,87.08,0
780.7,57.8,116.92,2154.82,628.82,3108.45,29.1,88.26,0
819.88,49.16,128.06,2134.4,635.59,3112.62,28.74,85.64,0
984.83,48.92,105.12,2053.92,815.65,3523.84,30.71,100.32,1
873.36,62.94,126.48,1990.68,663.25,3271.99,28.49,88.02,0
877.98,52.34,109.41,2210.3,555.98,3177.86,27.17,89.66,0
844.61,44.59,111.53,2396.56,589.47,3292.05,27.63,89.79,0
849.59,56.9,103.17,2227.29,615.55,3189.05,28.32,83.06,0
870.32,48.94,120.94,2054.93,600.37,3159.98,27.41,83.3,0
808.57,49.54,146.84,2103.5,630.42,3337.0,29.27,90.34,0
876.14,41.53,128.54,2254.13,637.26,3162.93,28.01,85.8,0
854.2,50.65,130.09,2214.48,614.21,3115.76,27.94,82.34,0
831.49,47.24,122.37,2130.13,576.85,3263.68,30.4,87.63,0
1038.52,47.77,99.02,2555.03,725.79,3304.57,32.06,96.44,1
815.43,51.58,118.5,2036.22,609.32,3362.79,29.53,91.11,0
874.15,53.03,121.89,2259.11,622.55,3198.52,29.14,86.06,0
873.48,70.9,119.49,2229.17,625.61,3175.67,29.35,86.82,0
861.54,59.72,117.59,1842.04,578.49,3290.15,27.54,87.99,0
827.13,57.38,130.67,2160.16,640.48,3233.32,28.9,90.11,0
841.58,47.89,111.54,1993.37,646.14,3234.11,28.36,85.86,0
909.93,54.06,132.69,1989.34,623.6,3101.63,30.36,88.72,0
826.76,53.66,116.62,2233.92,644.54,3145.25,28.08,83.16,0
834.99,55.51,124.82,2219.68,597.65,3219.38,27.7,84.34,0
862.29,61.32,121.05,1786.71,599.85,3172.75,29.31,87.36,0
836.71,52.2,131.27,2375.84,597.63,3178.35,25.73,87.68,0
884.66,61.0,115.9,2157.02,576.32,3240.65,26.6,80.83,0
880.08,63.18,140.93,2125.96,641.3,3272.69,27.06,89.66,0
862.83,53.6,115.2,2203.1,578.13,3149.26,27.8,93.16,0
873.33,54.15,109.71,2129.49,616.42,3205.84,27.51,86.33,0
811.96,54.52,121.52,1995.48,613.11,2917.57,27.87,89.27,0
875.53,61.89,117.29,2340.96,595.52,3236.57,29.82,85.97,0
845.04,52.58,134.93,2357.63,646.62,3371.06,28.6,89.5,0
842.04,56.15,121.82,2434.55,629.82,3302.58,28.21,86.75,0
817.42,54.8,126.06,2545.31,629.38,3165.31,28.55,90.03,0
872.46,51.61,112.28,2175.75,595.34,3142.78,28.08,85.68,0
792.02,54.49,124.64,2111.45,623.82,3127.04,26.88,90.71,0
884.21,66.73,122.17,2201.77,623.13,3179.99,27.63,85.87,0
869.2,59.81,124.5,2371.37,626.73,3158.71,28.79,81.52,0
782.95,59.62,116.52,2164.15,650.95,3166.8,28.49,92.75,0
888.98,55.22,124.58,2365.12,619.33,3191.76,30.34,90.11,0
844.86,50.63,123.39,2056.31,589.27,3149.8,27.26,92.23,0
863.38,52.77,118.61,2280.52,611.98,3189.6,28.29,88.05,0
839.83,61.49,106.33,2343.2,661.01,3197.03,28.71,86.98,0
870.89,51.9,108.71,2387.64,637.28,3174.08,28.53,85.6,0
859.66,56.02,160.94,2091.51,646.68,3554.76,28.15,85.83,1
820.57,55.92,113.64,2255.85,590.0,3172.05,28.5,88.73,0
892.01,52.91,122.56,1945.59,640.06,3326.5,29.72,85.63,0
822.49,57.95,106.16,2424.29,618.48,3244.14,26.58,89.74,0
796.75,54.92,117.82,2332.87,633.87,3260.55,27.22,88.97,0
878.13,54.34,114.51,2463.39,599.59,3211.53,28.76,92.57,0
831.46,55.08,124.15,2461.66,583.06,3175.62,28.0,87.55,0
888.31,58.83,115.37,2248.94,658.87,3339.25,26.91,93.92,0
833.74,48.73,119.03,2204.14,609.69,3175.37,30.2,86.51,0
821.36,55.66,132.53,2283.69,687.24,3168.16,27.13,88.26,0
827.77,57.49,119.13,2111.01,623.41,3179.31,29.0,94.39,0
829.17,55.36,129.7,2196.99,636.25,3256.58,29.46,84.3,0
866.65,54.3,111.0,2354.32,625.61,3264.23,30.06,84.02,0
837.27,48.32,124.58,2298.66,574.36,3283.81,30.02,87.24,0
835.41,52.76,124.23,2338.63,595.94,3228.61,28.84,88.62,0
848.36,54.92,120.63,2281.47,623.94,3302.58,29.06,90.78,0
893.0,55.98,113.88,2391.89,623.96,3192.83,28.26,85.22,0
836.82,57.4,131.63,2097.27,663.46,3194.5,30.0,90.8,0
922.67,58.45,117.53,2418.09,617.25,3040.13,26.38,86.67,0
818.49,43.79,132.24,2097.4,601.33,3185.47,25.68,82.98,0
831.1,53.39,123.61,1957.6,598.6,3139.35,28.6,86.66,0
840.55,53.52,121.3,2111.61,585.39,3122.0,29.18,91.54,0
850.34,54.51,117.39,2469.14,606.02,3204.07,31.7,85.17,0
886.39,48.6,94.63,2148.33,591.67,3291.86,26.86,84.49,0
854.11,52.94,117.51,2159.16,594.51,3227.34,28.86,84.58,0
842.03,58.78,116.46,2094.33,621.56,3063.21,29.57,84.01,0
842.02,61.2,101.93,2224.93,641.35,3125.31,28.53,89.46,0
875.65,48.79,137.38,2129.73,649.58,3187.43,27.07,88.76,0
871.2,49.36,105.42,1982.04,614.13,3223.34,28.64,85.68,0
870.73,54.29,117.65,2181.25,613.34,3196.16,27.01,88.76,0
835.73,51.13,126.99,1987.36,629.25,3266.18,27.58,84.56,0
820.08,56.65,130.76,2266.0,639.67,3175.7,31.03,89.22,0
858.1,50.94,128.38,2023.96,631.48,3200.82,28.13,92.54,0
823.19,54.23,131.99,2137.83,628.5,3167.78,27.66,84.71,0
846.74,50.75,102.97,2310.57,669.15,3147.4,26.13,89.65,0
825.34,56.0,113.14,2100.6,617.33,3132.04,25.3,85.77,0
855.5,48.58,125.67,2237.34,607.37,3223.64,28.52,87.04,0
825.88,58.03,112.44,2208.57,642.68,3289.45,26.95,88.66,0
855.39,54.09,110.14,2005.12,649.22,3211.98,30.93,93.94,0
831.92,52.73,105.46,2201.43,580.18,3266.3,29.2,81.06,0
858.46,51.64,119.82,2447.88,576.74,3099.45,28.63,84.37,0
881.98,55.85,120.81,1973.03,617.72,3116.76,29.51,88.42,0
862.38,51.48,123.95,2280.25,656.86,3269.07,28.36,89.73,0
823.5,52.34,139.27,2237.08,656.52,3277.12,28.69,91.81,0
835.03,49.66,124.4,2503.14,616.85,3292.76,28.13,87.22,0
878.56,56.64,126.2,2347.68,664.58,3282.73,29.22,91.2,0
865.3,52.8,130.32,2235.46,642.68,3306.46,28.14,86.97,0
887.46,56.84,103.6,2108.39,619.89,3082.58,30.36,88.14,0
788.87,60.94,108.71,2329.68,613.15,3296.72,26.43,91.22,0
834.0,60.0,113.44,1932.9,634.86,3232.15,28.07,85.33,0
868.92,51.56,112.7,2190.57,628.24,3131.46,29.61,84.39,0
817.97,54.78,126.02,2244.07,633.44,3153.82,30.89,86.25,0
818.67,49.16,125.47,2195.61,580.52,3103.89,28.4,88.59,0
842.65,52.61,134.07,2098.34,648.65,3173.41,28.5,85.84,0
824.77,57.97,107.81,1894.64,625.94,3251.86,28.23,89.58,0
849.03,58.94,121.59,2326.25,622.9,3044.66,28.28,89.38,0
880.75,60.13,125.48,2002.53,627.93,3160.36,27.94,87.8,0
774.52,47.25,118.11,2167.61,674.65,3147.19,29.39,87.91,0
852.08,60.62,133.09,2297.01,598.68,3219.37,28.14,89.42,0
851.94,61.75,122.47,2251.88,652.1,3197.52,29.07,95.55,0
877.68,47.21,109.41,2086.46,614.41,3222.5,28.58,87.12,0
844.64,49.38,140.68,2339.99,614.46,3198.97,29.16,90.15,0
860.99,55.22,118.7,2065.6,604.28,3377.16,26.66,89.44,0
866.14,58.04,118.3,2121.8,602.85,3185.12,29.64,86.7,0
861.55,58.98,116.26,1911.28,615.2,3141.79,27.43,91.08,0
863.43,59.34,111.62,2146.04,640.21,3354.52,28.54,80.73,0
862.1,55.04,110.3,2260.28,656.68,3387.95,26.29,89.19,0
851.69,52.71,123.07,2139.15,589.12,3215.01,26.11,81.54,0
866.38,54.07,117.33,2441.99,679.75,3350.13,29.0,88.88,0
872.86,59.72,130.86,2297.36,640.32,3074.66,27.0,88.95,0
824.88,51.33,119.41,2137.51,594.65,3219.42,27.5,87.91,0
840.28,53.36,109.35,2027.35,624.33,3135.77,28.12,82.74,0
838.79,62.96,119.43,2295.03,641.53,3143.89,26.27,81.68,0
857.65,53.39,118.77,1999.64,602.41,3177.56,28.89,95.13,0
816.16,62.45,113.63,2041.36,614.94,3176.14,27.62,90.81,0
854.62,49.07,107.33,2260.7,573.16,3182.71,26.99,87.02,0
876.27,54.39,132.33,2139.89,615.75,3221.49,25.56,88.92,0
896.36,54.37,135.2,2226.6,636.99,3317.26,28.45,89.75,0
872.3,60.29,125.61,2221.72,636.04,3256.99,29.67,83.55,0
894.21,60.79,106.42,2060.07,652.65,3118.74,27.92,90.4,0
864.03,55.19,115.43,2195.55,603.77,3126.06,30.05,85.63,0
851.55,51.79,112.52,2311.88,592.48,3241.65,27.69,91.17,0
886.25,60.61,119.52,2301.52,664.32,3204.62,27.68,83.24,0
827.2,58.72,131.32,2136.34,632.01,3171.45,26.92,91.72,0
852.58,45.89,129.93,2212.03,601.88,3246.76,28.76,89.0,0
828.04,57.27,123.91,2080.32,595.56,3117.19,29.38,88.16,0
821.48,56.26,122.02,1984.66,640.76,3294.79,29.19,88.39,0
820.39,53.56,100.68,2250.12,645.86,3318.92,28.09,85.56,0
848.97,57.93,144.21,1956.54,624.83,3212.13,26.99,89.1,0
859.86,52.39,105.67,2316.18,600.25,3228.69,29.34,88.97,0
850.38,62.8,118.19,2265.83,658.07,3259.22,28.62,87.85,0
813.26,49.57,114.38,2196.0,613.43,3247.03,27.67,84.61,0
862.23,60.75,130.09,2282.3,612.2,3285.18,26.8,90.38,0
864.54,48.7,107.75,2442.88,611.6,3286.28,28.63,88.01,0
787.47,48.03,132.59,1982.3,631.25,3310.85,27.94,90.18,0
852.86,67.86,125.01,2111.4,631.12,3134.62,27.84,85.87,0
872.74,44.94,111.7,2327.38,609.25,3255.1,28.26,94.36,0
842.47,53.45,116.42,2139.97,601.98,3243.57,27.74,93.34,0
785.58,51.09,128.16,2012.64,590.14,3183.48,29.04,90.82,0
881.15,56.9,119.43,2307.02,646.45,3206.76,30.54,91.28,0
820.9,51.12,114.25,2254.5,626.39,3209.58,28.24,84.73,0
855.49,55.24,145.54,2399.14,608.82,3203.46,29.06,87.97,0
902.31,56.34,117.79,2157.21,600.64,3117.51,28.49,96.18,0
820.57,56.22,122.99,1836.0,617.84,3060.77,27.72,89.88,0
874.77,64.31,112.15,1944.36,605.55,3332.94,30.18,92.69,0
854.74,53.81,105.11,2280.59,670.56,3257.31,32.23,92.39,0
908.34,52.5,121.96,2424.1,626.1,3382.47,28.14,92.18,0
892.03,54.27,126.23,2118.15,632.32,3218.44,29.36,91.66,0
863.62,55.37,129.37,2300.19,585.88,3248.42,29.71,86.12,0
806.42,49.58,112.48,2373.9,625.32,3418.91,27.76,87.86,0
801.49,60.92,112.03,2035.61,600.76,3319.36,28.52,83.06,0
904.64,48.3,124.74,2134.45,619.97,3206.84,28.83,91.25,0
872.62,60.59,114.03,2272.54,634.06,3122.23,27.67,87.38,0
817.4,64.87,120.78,2235.44,662.23,3183.17,27.71,87.71,0
815.91,45.62,129.12,2116.08,639.17,3356.73,30.56,81.52,0
865.75,51.1,123.32,2203.26,601.96,3009.61,27.75,88.91,0
777.44,64.02,121.86,2143.28,622.1,3218.62,28.45,87.31,0
897.58,59.81,107.07,2342.45,613.98,3336.15,28.98,92.73,0
912.81,31.87,135.75,1996.32,629.94,3098.5,30.19,82.57,1
848.17,50.51,129.07,2262.5,622.33,3270.99,29.81,91.26,0
831.33,56.18,119.03,2173.35,618.58,3304.79,28.98,85.53,0
802.78,62.6,107.66,2331.96,630.58,3286.35,28.37,93.3,0
843.46,52.0,130.45,2108.16,626.33,3237.56,27.7,86.36,0
899.42,60.09,124.65,2082.57,649.28,3079.63,28.91,90.9,0
895.08,26.21,183.43,2110.87,624.44,3159.73,28.53,91.39,1
888.73,58.89,108.97,2065.79,661.98,3157.03,27.89,88.74,0
831.15,58.22,110.75,2299.87,619.79,3013.04,29.24,87.06,0
838.41,55.28,116.95,2447.27,605.76,3353.87,27.05,86.83,0
807.34,56.23,133.05,1988.05,540.3,3159.34,26.96,89.15,0
891.49,56.08,105.56,2103.26,625.65,3267.9,26.13,86.71,0
822.68,47.65,123.56,2251.96,605.61,3186.28,28.4,85.47,0
844.63,59.47,120.96,2277.94,653.61,3236.8,27.94,92.14,0
875.77,42.0,113.15,2503.36,657.23,3249.58,30.49,84.7,0
877.93,55.7,129.02,2268.17,669.67,3285.44,27.73,89.34,0
825.95,62.1,139.83,2329.17,677.72,3189.46,26.05,85.59,0
863.09,55.75,114.31,2227.54,610.79,3078.56,29.33,85.23,0
826.5,52.69,121.6,2304.43,604.34,3210.93,28.44,87.95,0
892.63,50.9,127.34,2282.71,610.71,3260.35,28.76,94.58,0
847.42,63.37,117.07,2252.74,661.11,3184.2,27.58,86.16,0
830.14,59.01,117.29,2405.41,632.8,3113.73,28.67,88.2,0
806.15,45.18,218.18,2391.49,658.05,3370.5,30.0,84.72,1
766.66,52.19,105.88,2228.1,642.09,3199.55,28.08,87.72,0
892.23,54.27,125.81,2133.47,663.62,3187.0,28.9,83.49,0
879.62,61.8,124.33,2049.14,634.74,3274.56,28.21,90.24,0
922.8,56.8,118.24,2178.59,598.61,3030.78,27.61,90.91,0
798.51,51.42,128.13,2572.9,660.16,3116.88,31.41,87.67,0
843.55,53.37,115.97,2226.65,644.8,3223.3,26.71,87.49,0
850.36,51.69,117.83,2630.19,663.76,3236.89,27.5,82.28,0
834.45,45.55,121.57,2189.73,653.17,3076.79,26.47,87.32,0
860.99,51.71,132.98,2363.33,608.92,3291.19,30.54,92.64,0
830.02,62.24,113.68,2349.47,642.28,3276.59,28.11,81.42,0
886.01,54.74,109.78,2401.45,620.44,3249.23,27.9,83.75,0
815.14,51.73,111.55,2329.94,671.55,3041.91,31.78,88.97,0
846.4,51.3,135.79,2368.88,596.41,3129.51,28.25,90.4,0
817.71,57.53,117.55,2190.9,605.37,3188.22,29.43,83.68,0
850.33,62.39,111.15,2169.46,556.27,3126.75,28.83,86.14,0
856.58,55.5,115.46,2310.94,625.68,3152.09,28.57,86.71,0
875.15,67.6,136.61,2352.88,625.74,3174.97,29.42,90.92,0
844.35,58.07,109.34,2167.61,625.54,3262.41,28.21,92.76,0
860.46,50.85,117.12,2501.95,646.5,3206.44,26.87,87.38,0
868.43,60.49,111.7,2115.91,620.28,3164.24,29.25,87.62,0
860.9,48.09,122.57,2229.3,600.17,3219.87,29.0,89.81,0
848.89,60.61,120.23,2330.25,625.11,3198.11,27.38,88.3,0
874.14,57.33,113.46,2103.64,654.11,3197.25,27.59,89.85,0
825.45,58.0,112.04,2363.99,615.02,3141.58,29.77,96.66,0
841.85,51.54,109.22,2352.35,591.4,3232.79,26.92,85.88,0
821.17,56.41,128.48,2076.04,636.77,3128.33,30.09,90.34,0
849.3,50.44,124.94,2085.44,636.23,3219.56,28.26,89.92,0
862.82,49.65,118.01,2256.44,640.1,3278.06,28.54,86.38,0
820.16,51.06,128.55,2318.95,643.37,3152.66,28.38,88.07,0
829.39,54.02,108.57,2195.23,626.14,3202.62,28.81,85.95,0
866.51,57.81,121.33,2333.07,606.93,3304.36,29.66,88.0,0
834.81,57.36,132.22,2172.08,617.08,3208.19,28.17,88.48,0
824.54,55.04,106.81,2245.32,603.66,3237.59,26.55,88.53,0
866.7,55.02,120.83,2117.46,613.76,3131.16,28.85,89.2,0
847.99,53.77,123.57,2346.41,593.54,3184.48,28.19,87.64,0
800.25,52.27,127.63,2171.2,595.11,3293.51,26.6,87.34,0
874.46,52.36,128.54,1868.08,618.0,3213.04,28.86,83.17,0
847.17,52.2,115.36,2382.71,638.28,3096.33,27.38,92.57,0
816.67,55.54,115.44,2186.69,616.8,3000.27,28.78,87.61,0
861.8,60.73,108.61,1880.59,668.49,3211.99,28.15,83.55,0
838.91,53.09,121.61,2275.9,660.64,3142.87,26.89,90.06,0
902.32,54.91,109.8,2285.53,670.85,3250.87,28.2,80.91,0
816.17,56.52,115.5,2189.44,613.34,3311.37,28.25,90.38,0
881.44,54.9,136.24,2452.93,589.52,3142.89,28.53,87.91,0
815.14,57.92,120.37,2258.18,626.64,3322.82,28.5,90.05,0
835.41,60.72,130.37,2282.5,604.08,3172.12,31.77,89.09,0
813.53,45.69,114.09,2253.35,647.68,3248.21,27.67,90.65,0
835.3,55.64,135.58,2202.47,608.95,3200.28,29.74,86.01,0
826.04,55.39,116.52,2145.07,651.24,3239.42,27.14,84.14,0
871.13,63.22,111.89,2431.24,609.33,3163.71,29.06,89.65,0
836.97,62.5,129.75,1939.28,631.0,3262.32,27.94,87.07,0
880.79,54.43,104.86,2285.55,641.38,3211.31,26.6,84.66,0
866.9,62.49,123.04,2254.87,588.9,3184.09,28.77,90.47,0
861.91,52.65,126.22,2241.8,605.08,3275.66,29.12,80.93,0
851.17,56.99,107.54,2246.62,650.82,3347.39,27.42,92.26,0
835.89,63.91,124.52,2505.44,654.94,3219.28,29.37,89.51,0
849.08,51.84,124.25,2163.54,621.36,3171.93,27.6,92.29,0
841.56,49.06,106.48,2273.47,630.79,3054.29,29.09,91.12,0
817.19,54.82,127.33,2495.96,602.03,3186.31,27.65,89.91,0
881.35,56.02,126.72,2156.49,601.46,3206.31,27.36,88.83,0
859.03,56.57,120.1,2092.23,641.25,3096.73,29.02,92.35,0
835.2,50.84,110.41,2405.58,637.47,3129.96,27.02,82.93,0
866.62,52.96,119.87,2066.68,640.94,3134.5,30.26,85.41,0
821.68,67.22,151.99,2092.69,616.73,3189.49,28.96,91.01,0
851.85,57.23,109.94,2055.11,589.92,3007.1,27.95,85.52,0
859.93,51.48,123.03,2281.85,605.24,3272.02,30.2,82.01,0
864.99,59.99,127.32,2042.7,601.81,3134.77,28.74,91.15,0
840.43,60.56,134.78,2673.66,619.67,3220.48,29.39,87.32,0
835.76,62.65,118.18,2325.86,618.03,3198.65,26.57,91.38,0
824.69,59.27,115.75,2209.44,626.9,3303.36,29.88,90.33,0
793.86,55.13,125.37,1979.65,617.26,3302.74,28.9,97.5,0
843.58,52.21,101.6,2356.63,604.15,3212.07,28.38,91.79,0
811.6,58.7,124.13,2287.51,623.7,3233.38,27.88,88.24,0
810.27,51.01,146.29,2250.13,649.48,3340.59,29.02,89.12,0
887.14,50.22,122.1,2035.73,610.05,3332.33,30.3,81.94,0
863.99,49.21,115.2,1948.0,616.67,3070.72,27.97,89.32,0
835.85,47.22,121.6,2150.7,645.56,3168.39,29.6,85.03,0
866.57,27.55,137.83,2425.09,665.63,3197.12,27.43,88.12,1
808.53,62.48,108.4,2178.38,632.99,3107.71,28.5,90.79,0
838.58,45.82,117.12,2209.2,608.81,3305.2,30.26,86.02,0
857.82,59.6,128.9,2002.52,641.58,3265.25,29.64,91.82,0
854.86,53.14,139.13,2397.93,606.16,3456.19,30.93,84.48,0
822.55,57.45,130.87,2314.87,586.8,3067.82,26.73,89.98,0
834.67,58.11,112.94,1989.6,570.01,3204.91,28.07,88.42,0
781.58,61.77,99.51,1823.18,637.07,3202.02,30.62,91.52,0
863.55,50.65,130.43,2103.07,573.85,3063.76,29.18,87.89,0
869.04,67.38,131.48,2062.9,611.12,3323.72,28.26,89.04,0
854.15,53.5,122.26,2535.13,576.15,3291.95,29.12,88.77,0
835.52,51.39,133.73,2434.58,617.57,3195.93,30.14,81.24,0
871.12,62.39,110.11,2065.32,613.14,3216.55,28.25,96.03,0
852.11,50.08,120.76,2174.15,610.11,3234.99,28.23,85.97,0
847.83,55.99,107.98,2144.72,658.1,3107.33,26.33,88.41,0
802.84,52.74,127.06,2071.34,633.82,3221.23,27.6,85.17,0
874.82,57.91,125.78,2538.36,582.26,3155.83,28.39,89.73,0
845.06,54.7,138.98,2327.19,617.11,3229.8,29.76,86.37,0
883.82,55.12,111.89,2077.14,589.2,3086.79,27.42,89.05,0
808.06,52.18,133.8,2124.9,646.36,3155.11,28.31,94.44,0
795.99,58.84,112.06,2365.74,627.75,3270.68,30.72,88.4,0
859.13,49.99,121.64,2227.79,588.23,3098.63,29.47,78.96,0
845.78,51.17,110.57,2366.98,611.87,3266.57,26.92,83.05,0
836.23,55.55,116.99,2091.66,649.94,3216.7,27.46,90.97,0
839.77,59.49,128.55,2201.22,601.2,3303.92,29.68,86.01,0
826.16,55.51,106.49,2350.33,637.2,3266.01,28.46,86.38,0
828.78,57.52,109.77,2310.32,619.01,3261.38,29.13,84.65,0
842.33,59.03,125.23,2149.25,627.98,3334.52,28.63,84.44,0
847.53,63.12,117.42,2209.69,608.01,3163.54,28.52,83.71,0
831.32,56.22,108.43,2289.19,631.02,3166.57,27.4,89.85,0
868.14,63.08,108.46,2291.0,641.84,3122.5,26.42,88.27,0
890.58,58.95,109.68,2173.4,605.84,3184.83,29.7,93.03,0
849.47,47.6,121.32,2339.0,613.64,3177.29,29.3,89.09,0
837.57,49.55,105.28,2240.19,659.49,3241.4,27.62,89.79,0
854.88,56.59,124.28,2255.51,577.12,3221.58,29.06,92.66,0
816.69,55.34,134.12,2154.13,623.78,3152.21,29.57,84.84,0
817.01,57.3,141.68,2121.58,614.02,3313.36,30.69,86.01,0
829.24,62.87,112.8,2431.76,636.72,3135.3,28.41,85.13,0
801.22,54.71,108.23,2217.31,633.54,3266.1,29.45,87.88,0
1074.75,55.86,140.35,2487.03,799.46,3556.19,32.7,100.54,1
846.93,55.1,95.86,2196.98,611.2,3380.7,29.61,87.01,0
861.72,60.05,126.43,2119.76,658.46,3415.12,30.11,88.95,0
837.15,60.2,131.51,2131.57,548.09,3181.87,27.26,90.45,0
1087.7,55.24,138.93,2182.88,768.82,3373.78,31.19,89.46,1
871.52,57.13,105.59,2235.64,591.48,3322.01,28.69,86.24,0
818.58,51.59,130.26,2217.47,629.25,3179.78,29.45,81.02,0
833.75,59.71,117.06,1976.19,624.03,3281.97,27.01,87.87,0
791.24,59.49,102.07,2528.38,625.94,3235.12,26.97,92.86,0
887.08,57.85,109.45,2287.68,596.29,3035.95,28.06,82.87,0
878.21,56.62,118.01,2220.04,630.3,3127.2,27.92,87.47,0
842.81,58.55,122.87,2147.24,652.74,3125.77,30.93,90.46,0
823.38,54.54,122.26,2056.82,656.62,3267.7,29.25,86.05,0
864.47,64.85,113.19,2019.29,626.56,3179.86,26.83,91.18,0
890.87,55.17,187.77,2020.31,620.19,3201.53,30.27,85.55,1
922.53,54.21,105.61,2131.55,652.59,3194.01,26.81,89.93,0
826.18,53.26,127.19,2364.19,603.48,3180.02,30.18,85.18,0
845.46,50.65,132.89,2154.34,622.29,3263.26,27.64,89.28,0
826.28,59.32,123.53,2297.28,660.61,3194.12,27.2,88.25,0
810.95,55.14,136.32,2619.55,622.66,3005.46,27.95,84.38,0
884.24,53.12,104.28,2036.8,629.12,3207.43,28.08,82.7,0
810.33,52.21,107.2,2365.46,628.83,3232.6,28.57,90.76,0
815.47,52.05,119.54,2363.83,643.67,3226.88,27.87,85.62,0
805.13,53.61,122.2,2070.2,638.22,3105.86,29.24,87.54,0
897.1,54.95,113.85,2021.96,627.93,3337.87,26.69,85.14,0
863.43,51.03,105.29,2243.1,631.53,3241.3,27.67,87.41,0
892.22,52.55,110.4,1993.21,608.08,3124.45,27.9,88.11,0
880.63,52.18,111.67,2255.26,615.41,3205.33,28.83,88.73,0
876.3,56.01,117.45,2571.87,614.31,3207.59,27.72,90.98,0
831.07,58.96,123.65,2239.71,588.41,3125.71,28.78,84.19,0
869.08,61.08,130.91,2216.57,613.81,3172.69,27.5,88.36,0
859.07,51.53,125.65,2327.39,570.08,3192.62,27.33,85.99,0
809.5,56.7,120.84,2155.38,653.69,3242.71,28.53,88.06,0
867.69,51.63,121.81,2192.35,628.04,3348.09,30.44,86.78,0
868.49,53.34,121.2,2323.83,611.75,3369.72,27.4,87.79,0
845.21,44.4,99.09,2246.35,637.8,3311.6,27.5,88.04,0
864.25,62.78,107.0,2085.86,603.87,3287.82,28.34,79.95,0
810.16,56.47,125.73,2424.5,611.47,3092.77,28.12,90.08,0
817.79,48.1,136.48,2224.69,621.34,3260.01,28.26,87.85,0
847.0,53.41,129.01,2320.16,574.52,3064.15,27.77,86.83,0
829.77,56.13,111.98,1964.25,650.2,3271.84,31.5,83.75,0
889.68,48.79,99.54,2464.65,630.53,3244.39,29.15,85.44,0
851.6,52.74,133.82,2194.2,652.08,3235.8,26.47,89.1,0
878.33,55.59,134.49,2245.2,626.51,3163.17,28.98,93.62,0
785.87,63.65,110.45,2235.83,644.35,3171.89,27.49,90.74,0
844.66,52.36,117.91,2038.01,646.08,3175.4,28.46,88.57,0
868.99,52.97,123.92,2329.44,635.24,3237.81,29.66,82.21,0
858.22,55.52,120.72,2183.32,620.15,3232.17,28.85,92.1,0
841.87,57.64,130.45,2467.42,665.01,3321.5,27.36,90.18,0
905.26,58.36,132.53,2073.39,617.82,3169.56,26.23,89.25,0
859.09,59.37,109.08,2118.14,625.19,3269.48,28.1,88.04,0
841.51,51.07,116.84,2196.04,580.74,3293.26,27.01,91.84,0
860.56,56.02,120.93,2076.2,604.76,3325.68,30.37,90.18,0
819.52,56.27,119.84,2286.88,611.56,3202.58,26.37,88.44,0
852.34,50.06,122.57,2294.63,626.24,3291.22,29.17,84.72,0
800.35,51.9,127.45,2108.4,633.51,3133.39,28.54,92.15,0
875.99,61.21,120.38,2003.58,635.14,3216.73,27.67,89.73,0
848.87,61.39,107.28,2081.61,603.24,3096.36,29.18,89.85,0
890.21,55.73,115.32,2241.56,626.68,3198.78,29.23,89.72,0
836.75,53.9,129.32,2136.78,591.75,3135.66,28.53,90.16,0
846.61,45.49,115.72,2463.41,606.52,3198.42,26.72,89.71,0
893.9,52.3,114.43,1945.56,612.76,3216.14,29.07,85.51,0
823.25,46.49,127.05,2138.76,634.62,3206.03,27.94,96.72,0
767.81,44.07,102.49,2371.33,612.17,3325.1,27.02,93.92,0
862.87,55.46,117.19,2046.38,632.16,3068.55,28.98,84.03,0
828.03,62.23,115.13,2159.95,599.24,3206.6,27.86,86.98,0
815.85,55.81,120.63,2281.17,656.49,3163.96,27.93,87.69,0
856.99,61.06,115.63,2215.31,630.73,3237.27,29.68,89.01,0
824.35,46.75,99.54,2123.75,582.09,3168.87,30.6,90.05,0
844.4,56.52,123.32,2176.89,613.68,3208.73,28.38,88.58,0
814.91,53.31,114.06,2611.96,624.71,3425.53,29.18,87.02,0
846.47,50.93,118.75,2094.8,565.19,3072.82,27.44,90.37,0
843.89,62.24,134.07,2052.36,652.28,3222.69,29.37,88.22,0
887.79,50.13,114.36,2054.1,624.13,3256.58,29.16,87.69,0
861.23,59.04,129.55,2324.46,638.13,3124.0,29.69,90.49,0
873.06,54.05,123.35,2239.45,628.83,3303.52,27.95,92.99,0
826.21,48.81,246.47,2358.74,626.9,3448.66,29.08,88.18,1
910.33,62.47,112.28,1874.99,609.82,3253.97,27.39,85.05,0
852.24,55.83,138.81,1898.25,622.17,3365.26,26.33,87.12,0
872.19,56.8,133.84,2396.78,619.59,3281.6,26.38,89.19,0
879.99,58.33,149.59,2183.51,601.74,3101.69,29.61,87.25,0
872.48,61.36,117.89,2298.47,656.19,3224.77,26.52,87.42,0
788.1,59.34,118.45,2340.11,628.33,3189.74,27.01,87.14,0
899.94,60.29,109.26,2362.16,624.28,3030.49,29.11,89.57,0
836.74,47.17,99.1,2253.04,591.54,3143.15,29.27,91.57,0
871.05,58.7,128.42,2037.71,655.34,3173.36,30.42,91.51,0
839.71,52.95,132.88,2157.71,635.01,3238.63,28.28,87.49,0
837.12,49.22,117.25,2320.28,591.21,3258.41,27.22,87.95,0
856.36,48.57,109.78,2244.23,670.85,3028.42,29.51,89.55,0
838.21,53.78,120.73,2336.23,618.57,3235.24,29.3,93.03,0
858.52,54.96,111.76,2276.46,614.79,3245.54,29.24,88.76,0
876.38,53.69,135.55,2112.68,601.44,3400.61,28.59,83.92,0
886.85,53.09,127.2,2266.13,620.37,3041.96,27.47,89.87,0
851.88,55.41,125.2,2063.47,607.52,3224.86,29.41,89.29,0
799.07,45.63,128.23,2461.87,601.37,3154.71,28.88,86.8,0
867.36,46.9,95.69,2487.82,630.76,3253.91,28.21,89.37,0
861.74,67.14,102.13,2381.34,637.39,3033.05,27.08,90.37,0
822.15,53.2,126.47,2266.58,585.12,3251.43,29.72,83.51,0
856.76,30.65,121.23,2220.08,627.76,3215.9,26.53,83.13,1
876.23,52.22,113.47,1973.74,617.97,3260.73,27.23,87.76,0
842.81,62.72,118.63,2248.3,618.61,3142.29,27.4,88.87,0
799.38,58.79,114.51,2160.2,638.02,3175.2,28.17,88.03,0
907.46,46.28,110.2,2361.16,594.71,3204.5,28.79,92.45,0
822.2,49.83,129.53,2242.9,623.41,3186.66,28.85,86.57,0
862.65,54.46,115.45,2287.13,613.57,3104.8,28.71,88.82,0
842.85,60.79,110.66,2013.56,586.35,3196.02,28.31,82.98,0
840.87,61.68,117.32,2100.38,631.11,3103.91,26.54,87.98,0
811.28,58.25,115.67,2202.54,633.0,3266.88,26.53,84.17,0
793.43,56.41,121.86,2339.3,636.13,3045.67,28.15,90.54,0
868.47,58.25,110.67,2240.7,608.78,3191.25,28.26,87.1,0
801.66,32.7,167.76,2220.17,642.6,3097.57,29.2,87.67,1
827.01,62.54,122.83,2357.47,625.09,3171.46,28.77,88.14,0
844.15,61.91,131.58,2311.92,631.43,3248.59,30.03,85.08,0
833.36,60.42,117.96,2406.23,595.21,3288.06,28.49,86.46,0
862.52,52.16,139.03,1893.1,595.19,3357.68,30.71,86.04,0
831.16,54.87,125.6,2164.8,611.32,3379.69,27.28,87.63,0
836.53,53.54,115.9,2348.92,636.09,3358.31,29.5,86.61,0
824.1,53.99,112.18,2438.63,617.22,3118.31,27.17,88.7,0
802.05,53.07,119.03,2209.14,571.65,3121.8,29.09,87.03,0
835.21,57.34,114.57,2005.53,665.13,3285.54,27.64,86.43,0
849.97,52.65,99.33,2366.88,627.31,3180.26,26.9,90.2,0
854.72,53.27,108.9,2294.86,670.1,3286.51,28.7,91.55,0
872.55,49.83,125.03,2235.13,670.9,3320.16,28.19,85.7,0
870.05,50.33,126.34,2324.73,593.21,3269.53,28.34,91.16,0
863.44,55.5,109.13,2183.64,607.51,3288.52,28.3,90.24,0
881.31,58.67,126.51,2117.11,614.27,3185.87,28.54,83.45,0
845.31,52.8,124.86,1850.43,567.84,3166.51,27.95,89.64,0
878.28,62.4,117.05,2261.07,609.9,3230.61,27.22,92.03,0
898.6,55.85,112.61,2343.79,632.05,3269.79,29.26,87.68,0
933.02,56.74,110.2,2214.04,608.04,3285.01,27.2,89.11,0
798.3,54.0,118.35,2220.19,635.91,3111.44,26.7,86.39,0
879.24,55.04,127.8,2169.47,595.26,3233.28,29.91,89.09,0
866.56,54.29,133.59,2169.97,629.54,3145.88,27.7,87.44,0
912.3,61.33,114.28,2233.3,664.76,3174.38,29.13,88.04,0
863.51,67.67,109.9,2107.07,601.65,3157.9,28.13,86.43,0
794.77,53.34,130.77,2046.37,605.14,3231.9,28.37,84.38,0
858.61,54.77,107.26,2403.32,654.85,3112.85,26.76,89.18,0
882.43,49.92,120.61,2099.52,642.66,3173.8,29.61,93.24,0
890.61,59.86,124.62,2118.38,638.89,3195.54,29.5,88.52,0
853.58,54.11,110.6,2227.24,632.73,3104.55,27.23,85.06,0
887.07,51.07,120.52,2171.94,558.87,3307.79,28.46,88.79,0
815.74,57.81,116.12,2391.62,578.11,3087.48,29.5,87.86,0
872.11,62.06,134.33,2250.88,618.32,3266.86,29.17,87.51,0
858.88,48.87,121.75,2109.0,595.43,3237.04,28.99,86.14,0
808.54,48.37,127.18,2202.22,602.35,3227.72,28.14,83.83,0
843.07,58.16,102.29,2156.6,633.73,3155.51,26.58,85.93,0
779.81,53.87,114.0,2125.05,610.01,3287.66,26.87,87.69,0
873.55,58.54,124.17,2246.17,625.47,3229.39,25.56,82.58,0
883.75,55.88,125.21,1952.75,597.83,3199.89,31.82,87.61,0
892.34,48.35,119.85,2359.4,607.0,3173.41,29.27,90.11,0
862.61,57.99,114.46,2350.85,582.11,3353.64,28.63,82.72,0
879.87,54.04,127.88,2478.28,624.2,3286.63,28.5,85.52,0
890.59,53.04,116.99,2158.0,621.46,3202.27,28.7,84.91,0
829.04,65.42,131.04,2497.13,570.6,3088.21,27.24,89.6,0
862.93,44.23,123.2,2119.48,643.12,3424.42,28.91,86.63,0
842.92,58.56,113.08,2465.09,627.08,3204.47,30.99,86.31,0
857.05,54.59,132.8,2161.34,631.16,3224.84,30.09,95.28,0
871.94,52.63,130.74,1994.61,628.25,3291.98,28.83,86.72,0
835.56,58.47,115.6,2144.01,666.64,3344.72,29.2,85.7,0
847.25,59.34,140.36,2257.12,636.03,3240.46,28.62,84.6,0
883.19,27.77,180.87,2485.23,602.37,3221.07,28.38,79.8,1
836.46,58.77,90.26,2278.03,614.36,3246.75,27.58,85.03,0
844.85,51.32,106.28,2432.38,598.22,3132.84,26.39,91.07,0
859.59,52.65,132.78,2473.34,594.0,3162.28,28.55,83.62,0
847.76,55.89,143.26,2443.33,598.4,3033.52,28.98,84.49,0
903.83,53.96,114.71,2247.83,639.33,3096.93,27.26,90.51,0
871.78,53.76,89.74,2063.28,645.3,3248.5,29.77,91.17,0
835.46,59.01,105.15,2160.46,648.78,3202.03,29.7,91.65,0
833.87,63.57,130.53,2318.98,585.94,3414.33,28.94,86.45,0
803.16,52.32,113.22,2201.27,657.2,3211.28,27.75,82.99,0
850.48,60.44,110.81,2249.71,633.61,3278.15,27.66,89.08,0
831.38,53.25,105.56,2287.27,644.11,3365.26,27.72,88.22,0
832.87,52.33,111.84,2368.93,649.47,3287.52,28.24,88.83,0
811.52,57.93,139.45,2260.33,651.52,3101.41,30.8,95.53,0
805.45,57.19,126.7,2370.81,629.28,3108.85,27.6,91.37,0
880.72,55.17,131.89,2375.47,682.26,3164.59,29.6,87.28,0
844.34,54.7,121.0,2469.75,612.2,3241.1,29.15,83.52,0
874.57,58.83,114.31,2334.53,583.92,3148.5,26.12,83.55,0
857.47,53.39,106.21,1992.48,637.59,3304.74,28.63,87.08,0
848.19,57.55,126.89,2377.08,598.22,3279.0,27.79,86.89,0
811.14,57.68,134.96,2482.53,663.39,3113.28,28.38,89.6,0
858.62,58.62,157.6,1953.38,666.52,3290.44,26.19,85.94,1
808.7,47.17,111.86,2371.14,600.94,3349.82,26.45,90.46,0
843.38,57.83,113.25,2170.32,601.89,3191.76,29.48,90.03,0
876.68,56.07,109.17,2391.22,605.44,3078.96,29.06,84.04,0
854.76,42.81,114.78,2252.67,650.84,3262.92,27.91,84.4,0
802.56,47.86,111.27,2159.26,596.88,3294.94,28.18,86.45,0
824.12,51.18,131.04,2375.27,597.39,3076.1,27.52,84.44,0
884.77,53.71,121.66,2125.56,654.88,3181.35,27.38,81.98,0
913.65,57.96,129.02,2253.37,589.15,3167.09,27.74,84.59,0
822.31,60.05,114.63,1893.57,614.21,3224.53,29.61,93.83,0
866.96,58.86,109.95,2303.31,645.18,3232.12,29.81,84.32,0
813.27,58.23,128.54,2121.65,597.08,3195.76,28.15,89.98,0
856.94,50.92,143.97,2178.17,618.86,3271.32,27.66,88.39,0
862.15,54.72,104.32,2214.32,611.13,3137.4,28.0,87.56,0
836.7,58.84,149.58,2269.42,627.22,2982.0,28.98,87.76,0
871.73,54.67,126.8,2248.77,611.47,3182.54,27.53,90.67,0
862.15,55.89,106.29,1981.51,663.05,3125.61,27.84,90.89,0
829.24,54.06,126.97,2081.74,617.55,3135.79,28.05,85.32,0
809.67,48.25,131.55,2497.53,624.79,3221.89,27.23,95.0,0
802.0,57.23,123.36,2170.34,581.95,3031.1,29.44,85.64,0
877.15,49.07,118.04,2293.6,606.02,3099.98,27.5,85.88,0
885.71,56.71,124.02,2115.32,611.43,3272.55,30.9,85.8,0
860.77,60.31,132.77,1959.88,581.54,3197.91,28.98,86.94,0
873.51,30.8,155.71,2135.96,645.46,3061.54,28.17,85.02,1
886.22,67.54,128.42,2103.86,632.61,3168.26,27.97,83.76,0
875.63,53.91,101.63,2271.16,588.71,3140.64,26.87,85.55,0
896.84,57.63,134.08,2301.31,552.57,3024.52,29.95,85.37,0
919.83,52.78,123.97,2107.41,594.97,3198.91,27.35,85.62,0
835.9,49.35,118.35,2094.89,686.94,3360.7,29.01,89.87,0
819.59,50.94,115.29,2183.81,663.08,3257.15,29.59,87.63,0
836.0,60.46,114.54,2236.3,583.8,3270.3,29.03,80.83,0
863.45,61.99,127.7,2345.03,601.63,3180.42,28.49,86.9,0
894.4,57.41,117.66,2448.79,592.09,3060.8,27.77,86.61,0
840.63,56.54,119.01,2077.21,610.38,3095.79,27.67,88.61,0
860.56,55.16,142.49,2035.06,592.2,3189.2,29.03,90.66,0
868.33,54.2,103.24,2280.11,656.54,3235.08,27.43,86.84,0
813.63,55.7,141.33,2104.79,663.62,3153.73,29.99,88.78,0
1058.38,50.3,115.01,2638.27,827.22,3602.78,30.93,96.31,1
831.17,59.61,112.18,2074.16,630.96,3216.85,29.94,81.17,0
784.59,54.55,123.48,2191.54,611.29,3256.58,30.65,84.44,0
855.53,51.78,148.62,2030.01,642.17,3222.52,29.39,90.13,0
825.82,55.42,120.59,2280.65,653.06,3233.49,29.04,90.53,0
877.05,53.6,144.91,2107.12,604.37,3253.12,28.79,90.54,1
840.77,55.25,130.16,2204.66,611.12,3102.7,29.66,84.95,0
865.13,50.62,113.77,2105.77,623.72,3282.68,28.44,82.85,0
1050.65,45.41,135.6,2768.76,798.19,3306.74,31.51,95.1,1
863.17,54.94,135.92,1959.65,612.8,3282.41,29.57,87.85,0
873.47,52.64,127.97,2401.54,611.09,3241.54,26.12,86.69,0
827.19,52.82,122.9,1979.08,634.86,3215.5,27.94,82.87,0
852.42,49.98,143.12,2297.66,565.28,3212.38,25.38,84.47,0
888.33,59.06,113.07,2008.75,672.44,3205.41,29.71,86.98,0
806.59,54.96,109.25,2045.8,622.56,3144.72,28.3,91.72,0
856.81,60.45,119.89,2130.87,606.95,2988.39,30.78,86.52,0
805.43,54.77,112.73,2338.92,614.58,3079.93,29.15,89.4,0
863.5,48.99,127.05,2193.15,634.33,3242.34,27.46,87.98,0
813.16,61.2,117.67,1988.66,620.13,3093.37,28.75,85.2,0
842.85,55.9,125.73,2239.08,625.17,3143.42,28.21,87.95,0
825.74,55.48,125.54,2183.86,623.14,3187.63,29.46,87.93,0
858.84,53.41,120.02,2320.95,599.01,3081.57,28.71,88.05,0
837.26,49.78,131.87,2165.83,644.44,3152.58,28.24,96.21,0
853.08,58.66,122.5,2191.03,645.24,3288.43,29.57,92.1,0
933.99,55.76,116.68,2282.19,612.94,3295.09,26.75,86.63,0
908.06,60.46,116.3,2191.09,602.71,3287.07,29.16,100.26,0
866.95,59.6,134.24,2420.61,648.3,3395.04,28.85,89.0,0
847.18,51.27,131.07,2320.37,623.34,3076.37,28.71,84.25,0
856.47,57.31,118.04,1997.17,614.17,3355.44,28.08,85.58,0
909.9,52.64,109.91,2043.76,562.67,3159.05,29.05,85.58,0
880.76,54.29,132.21,2039.3,641.2,3189.9,30.32,87.21,0
823.72,60.08,133.4,2019.47,621.13,3228.46,30.08,84.77,0
849.61,56.45,121.42,2221.57,605.75,3232.61,29.83,86.78,0
814.65,48.11,96.03,2070.26,616.68,3244.42,27.55,86.88,0
816.89,61.77,127.09,1911.59,598.11,3224.18,29.29,87.86,0
875.39,55.99,117.17,2130.72,644.73,3130.91,29.47,90.08,0
838.88,49.03,139.05,2397.26,650.65,3154.76,26.78,92.13,0
812.67,55.36,115.85,2183.91,602.69,3328.86,29.05,89.73,0
835.95,49.57,114.36,2387.93,589.17,3114.03,26.75,88.43,0
832.18,52.89,124.77,1958.31,623.24,3211.59,30.77,89.7,0
821.77,59.1,104.58,2147.59,631.76,3296.76,27.51,82.09,0
852.71,56.24,117.66,2196.65,625.94,3302.39,27.35,88.37,0
805.1,56.96,128.1,2409.06,608.72,3271.23,28.15,82.2,0
834.67,54.01,109.9,2221.69,624.49,3135.92,29.58,84.68,0
884.22,52.83,141.54,2254.62,616.53,3206.52,30.32,84.25,0
780.41,45.69,128.32,2249.57,632.67,3219.27,27.97,88.95,0
800.94,54.9,113.29,2175.64,663.04,3190.44,27.29,86.96,0
897.79,54.32,130.83,2353.26,588.61,3187.21,26.33,86.61,0
835.64,46.79,125.27,2251.12,651.47,3089.92,30.3,89.9,0
803.91,54.02,110.71,2330.38,618.82,3180.38,27.67,89.38,0
852.78,62.58,116.76,2268.97,639.76,3210.63,27.3,84.44,0
903.56,47.76,130.36,2192.6,651.38,3224.79,26.98,89.24,0
830.31,49.59,120.89,2462.82,601.92,3284.15,29.11,90.74,0
824.44,56.57,103.52,2108.14,621.18,3152.74,29.07,85.79,0
833.99,60.66,114.54,2080.18,632.55,3146.04,30.14,88.35,0
945.37,49.07,133.16,2033.69,640.2,3104.07,27.42,86.66,0
893.84,51.28,120.1,2183.59,617.3,3219.26,29.49,81.42,0
879.66,64.54,146.03,2180.88,636.4,3212.09,27.04,84.38,0
829.51,55.83,119.08,2386.98,609.8,3133.91,28.41,87.86,0
860.08,46.99,98.67,2075.19,622.25,3287.27,28.46,87.75,0
826.3,58.76,120.27,2201.52,623.58,3203.86,28.76,90.87,0
846.75,63.8,117.94,2251.79,578.03,3218.21,29.87,88.69,0
882.34,53.95,130.54,2133.54,621.76,3108.8,27.85,87.17,0
809.49,54.17,115.78,2206.99,573.26,3240.2,29.79,90.66,0
850.66,49.99,88.05,2124.8,607.5,3208.53,29.88,84.98,0
845.74,55.56,108.69,2149.06,631.32,3241.08,28.99,83.45,0
876.16,58.12,114.75,2323.02,605.8,3028.55,28.45,90.76,0
878.22,58.98,108.54,2224.55,606.36,3123.85,29.4,86.45,0
854.27,60.22,114.24,2129.95,629.05,3001.75,28.9,85.69,0
868.86,59.63,114.21,2231.76,645.29,3195.94,27.4,86.85,0
908.12,49.45,105.94,2114.52,632.83,3113.67,30.46,87.16,0
818.59,52.01,117.26,2446.93,616.06,3291.68,29.82,84.68,0
810.93,63.01,147.28,2452.53,627.28,3171.01,29.66,85.85,0
837.64,45.91,120.31,2541.98,649.62,3181.94,27.76,85.22,0
793.58,48.95,138.38,2055.07,617.31,3223.78,28.3,85.23,0
825.32,61.2,108.99,1894.38,607.02,3294.68,31.11,91.42,0
824.4,56.62,108.5,2361.66,624.6,3281.84,29.27,85.36,0
883.97,48.38,124.2,2145.55,617.31,3341.33,29.46,87.18,0
825.0,49.77,131.95,2352.15,646.39,3142.03,27.19,90.13,0
797.27,54.48,101.21,2228.5,612.45,3096.6,28.57,88.68,0
898.0,56.06,135.44,2269.04,639.74,3173.01,26.74,87.01,0
895.26,45.07,120.4,2210.41,636.69,3289.81,28.98,88.25,0
814.39,56.89,110.96,2267.39,612.18,3269.91,28.5,85.89,0
794.69,58.43,124.62,2111.51,646.69,3260.61,29.24,83.97,0
836.61,53.52,104.39,2077.8,609.05,3166.11,26.35,87.7,0
813.4,54.29,124.76,2297.88,611.61,3228.05,29.68,92.03,0
885.99,58.75,125.73,2165.64,649.12,3193.74,30.38,89.63,0
848.2,60.75,125.42,2391.29,661.59,3201.44,26.82,84.88,0
825.47,48.82,116.48,2304.19,650.58,3172.22,27.17,86.13,0
846.54,60.58,124.38,2201.3,607.78,3186.93,28.73,85.6,0
900.47,53.73,108.2,2221.04,614.43,3230.66,28.76,87.64,0
893.08,54.6,128.15,2333.71,640.52,3166.54,25.52,85.75,0
885.96,55.45,114.52,2110.67,576.29,3172.28,26.85,91.93,0
890.74,55.87,128.64,1959.86,637.69,3314.74,26.04,89.78,0
822.9,41.42,119.74,2042.51,640.11,3118.45,28.45,94.22,0
778.5,56.37,122.02,2269.46,643.69,3211.56,27.84,92.6,0
846.6,55.2,116.33,2133.47,612.03,3151.58,29.88,84.97,0
866.51,55.11,115.4,2085.22,589.87,3202.34,29.5,87.62,0
829.75,57.86,117.4,1972.14,627.76,3268.19,26.98,85.24,0
833.85,52.93,122.26,2164.78,621.65,3152.96,28.98,89.9,0
834.19,59.63,114.29,2243.64,581.52,3241.78,28.33,83.65,0
809.19,51.15,110.19,2118.31,639.88,3181.66,28.56,94.48,0
880.65,62.16,135.86,2041.89,606.73,3281.01,26.61,92.68,0
839.43,62.73,109.22,2383.84,647.64,3395.71,28.61,85.56,0
873.1,50.64,130.38,2015.77,669.69,3294.2,27.31,89.88,0
860.7,50.75,117.93,2307.82,642.17,3180.42,30.45,85.41,0
826.67,57.39,121.16,2115.15,654.22,3125.92,28.69,90.44,0
798.2,52.6,127.15,2112.82,627.48,3117.73,28.85,85.63,0
775.58,53.11,127.95,2190.5,602.85,3208.86,29.43,89.61,0
891.76,53.55,122.49,2356.6,647.73,3151.96,29.35,89.76,0
875.2,54.69,107.05,1994.55,650.02,3237.48,29.16,84.57,0
835.87,52.93,101.92,1964.28,579.87,3121.43,27.74,87.69,0
859.83,49.16,117.33,2241.52,620.21,3176.29,29.02,87.72,0
910.66,47.39,120.9,2553.07,602.04,3253.63,28.02,84.17,0
820.92,50.45,111.75,2177.74,624.39,3195.21,28.3,82.45,0
870.27,56.35,127.77,2098.77,580.04,3343.18,28.21,88.67,0
860.84,49.35,131.01,2210.08,605.69,3255.05,27.54,83.36,0
806.06,52.37,102.85,2074.22,620.78,3054.6,28.8,91.67,0
858.07,53.36,120.55,2246.61,658.9,3149.42,25.9,85.03,0
892.48,49.94,132.81,2164.06,600.49,3183.81,27.68,85.19,0
817.85,53.43,118.15,2317.06,588.56,3131.72,27.69,87.36,0
863.03,55.49,125.45,2183.96,661.27,3215.61,29.73,85.34,0
758.09,60.41,134.44,1734.54,620.82,3268.68,29.85,85.19,0
858.5,56.38,123.27,2435.1,581.68,3059.02,26.51,92.41,0
839.09,57.61,116.56,2223.47,550.75,3256.52,27.62,92.58,0
891.69,51.99,118.71,2232.21,616.42,3241.59,27.67,82.96,0
859.47,66.21,139.74,1877.39,585.85,3143.95,27.98,88.29,0
839.54,39.63,129.05,2245.22,649.65,3267.86,28.0,89.93,0
869.22,57.77,105.97,2429.31,673.61,3302.33,29.84,89.12,0
807.35,63.71,116.37,2439.05,587.32,3309.06,28.62,86.68,0
790.67,62.44,116.89,2322.28,594.75,3186.6,28.31,95.03,0
889.14,53.83,137.31,2124.59,639.57,3231.19,28.08,88.72,0
837.17,53.93,118.22,2142.01,644.54,3107.87,28.04,89.81,0
820.03,48.84,108.49,2098.6,634.01,3044.84,29.73,87.02,0
833.84,58.57,118.83,1982.6,656.64,3075.61,27.88,85.53,0
823.31,58.36,122.05,2232.67,632.15,3269.3,27.41,89.67,0
860.71,56.94,124.09,2194.98,660.02,3117.27,29.79,88.16,0
830.53,56.82,117.02,2118.33,651.6,3148.79,27.63,84.28,0
859.72,48.32,106.82,2482.35,630.36,3152.33,30.01,86.23,0
828.24,50.64,125.74,2062.79,608.46,3148.92,29.4,93.59,0
802.73,66.36,116.16,1845.99,602.8,3221.8,28.82,93.7,0
793.2,54.76,132.02,1948.09,644.48,3065.87,26.57,93.72,0
842.28,52.62,130.33,2240.28,610.43,3256.0,27.75,85.64,0
851.85,50.88,140.14,2275.91,616.58,3157.07,27.61,85.61,0
811.42,54.62,89.17,2481.01,602.03,3069.41,28.86,88.0,0
848.3,47.81,115.81,2555.14,604.44,3238.39,28.27,88.69,0
842.91,63.82,128.31,2074.23,685.93,3232.15,28.12,85.88,0
808.66,53.79,115.19,2202.39,593.0,3059.45,27.25,92.81,0
815.15,58.58,127.31,2093.15,623.78,3239.05,27.79,90.38,0
859.99,42.39,134.96,2243.33,634.23,3129.5,28.5,92.59,0
856.13,58.95,122.94,2273.04,617.36,3354.53,29.42,84.48,0
828.26,55.5,122.74,2411.84,607.69,3163.13,28.55,91.34,0
846.01,55.45,122.07,2111.52,645.42,3122.4,29.23,85.95,0
843.03,59.98,129.08,2438.14,630.45,3175.24,30.15,86.3,0
890.15,47.19,115.13,2344.45,642.99,3216.82,28.66,88.65,0
883.59,54.39,121.64,2297.52,643.51,3228.48,29.41,86.29,0
822.97,58.15,103.18,2393.15,599.36,3174.1,28.77,88.38,0
842.27,53.77,119.73,2063.93,638.98,3180.41,26.77,86.14,0
890.9,53.71,114.94,2163.53,587.82,3197.42,27.82,92.15,0
846.42,52.43,123.19,2184.37,598.69,3077.56,28.36,86.53,0
784.59,57.28,117.08,2373.26,627.5,3214.85,27.59,92.34,0
885.63,51.4,123.21,2334.09,595.18,3199.08,28.17,92.29,0
816.67,51.66,113.62,2089.0,642.65,3111.22,30.44,91.52,0
905.78,45.11,114.27,2408.7,645.0,3130.19,27.61,88.2,0
881.38,48.44,104.56,2147.36,655.87,3169.84,28.34,91.3,0
830.46,54.11,131.67,1914.31,644.33,3241.12,29.05,88.11,0
815.79,52.92,120.71,2121.83,613.99,3133.93,29.44,90.25,0
846.25,50.65,99.31,2209.79,622.11,3306.9,28.08,90.95,0
1042.71,48.31,134.14,2109.87,801.68,3433.33,29.09,97.16,1
882.2,57.98,96.44,2231.12,562.24,3131.7,28.36,89.67,0
855.8,54.43,123.92,2235.81,631.58,3230.82,28.34,86.74,0
860.96,55.94,112.77,2456.19,599.27,3250.75,25.64,88.78,0
855.56,41.31,131.34,2143.52,596.24,3257.96,28.0,91.21,0
836.72,41.88,129.49,2098.85,680.82,3098.65,28.18,90.05,0
893.84,56.94,102.41,2565.46,635.49,3278.25,27.61,89.02,0
830.83,63.12,115.37,2135.07,639.3,3162.04,28.17,85.67,0
867.39,52.09,108.88,2108.26,614.83,3332.83,27.46,87.36,0
875.91,54.93,123.85,2275.63,580.88,3122.25,29.32,88.51,0
795.36,52.3,118.62,2239.16,599.5,3331.53,28.82,86.31,0
788.84,45.04,115.11,2278.22,593.59,3252.19,30.66,86.97,0
832.01,55.58,137.83,2236.68,632.51,3190.07,30.69,86.26,0
880.74,54.65,116.19,2350.67,630.48,3098.14,27.01,90.97,0
864.13,52.45,119.03,2267.43,570.08,3259.37,28.01,87.83,0
867.49,55.32,137.75,2241.82,594.87,3186.83,28.95,87.72,0
885.81,53.61,116.58,1952.63,602.97,3139.89,28.84,85.85,0
892.93,54.48,113.2,2159.41,636.41,3237.71,28.32,83.79,0
863.13,49.97,125.2,2492.53,623.34,3283.04,27.99,88.5,0
829.87,44.93,120.75,2423.76,647.25,3114.4,28.29,91.56,0
841.78,48.56,113.64,2136.03,637.17,3109.53,27.86,85.56,0
856.71,61.21,154.36,2138.62,572.52,3164.29,29.41,91.56,0
825.06,48.27,116.78,2076.96,634.65,3256.15,28.8,89.01,0
821.5,49.71,125.15,2340.36,654.48,3216.02,25.57,87.16,0
844.5,48.98,115.09,2084.72,619.79,3062.68,29.06,88.0,0
893.06,60.13,121.35,2136.94,594.79,3200.59,27.91,89.8,0
870.92,46.19,130.25,2349.27,585.25,3263.26,27.93,92.13,0
826.46,53.06,122.65,2201.1,610.86,3182.2,29.12,88.82,0
850.44,60.65,121.08,2047.28,635.21,3292.02,29.0,93.58,0
852.84,51.95,114.61,2183.61,633.47,3336.76,27.55,88.76,0
927.18,53.26,117.56,2061.72,613.31,3158.81,28.26,90.11,0
882.88,58.34,130.74,2159.26,676.65,3143.57,27.52,88.4,0
838.07,57.28,106.02,2302.26,652.05,3082.51,29.9,87.63,0
856.59,56.9,114.92,1900.84,579.42,3160.82,29.05,88.33,0
833.03,52.14,107.51,2217.23,652.38,3190.09,28.07,86.99,0
868.42,61.71,109.74,2299.91,669.3,3228.12,27.64,87.89,0
837.09,67.97,113.42,2012.44,604.3,3264.08,28.53,86.2,0
873.27,49.49,136.27,1953.3,596.43,3133.43,27.21,88.72,0
845.4,59.16,116.55,2132.34,626.56,3212.27,29.42,84.34,0
859.26,59.71,111.25,2495.79,661.5,3262.42,30.96,88.99,0
844.26,49.78,126.39,2186.39,620.0,3036.23,28.23,90.48,0
887.06,60.77,117.44,2408.9,592.48,3132.76,28.34,87.43,0
848.1,60.08,131.25,2218.99,607.11,3131.43,29.86,90.09,0
953.62,63.66,137.91,2256.99,633.63,3303.11,29.66,82.41,0
859.1,54.19,130.86,1960.89,647.8,3207.98,27.55,88.62,0
869.64,57.96,126.21,2275.1,623.12,3207.77,27.58,90.6,0
879.04,60.2,124.39,2411.83,655.48,3206.07,27.42,91.86,0
869.27,52.61,116.82,2489.2,604.01,3163.64,28.79,90.23,0
868.75,54.6,119.09,2039.79,605.27,3155.45,27.23,88.4,0
831.17,54.32,121.08,2236.24,638.2,3347.23,27.9,83.6,0
855.36,52.52,115.89,2182.94,627.85,2989.89,28.25,82.88,0
839.84,34.38,189.05,2550.5,612.24,3159.56,26.18,90.72,1
813.56,50.88,112.4,2001.87,603.51,3172.97,28.34,85.72,0
859.7,55.04,116.63,2023.05,638.62,3287.58,27.5,90.93,0
870.63,54.17,124.05,2434.77,599.67,3164.63,30.03,87.38,0
867.29,54.19,119.91,2104.63,659.53,3160.5,29.65,84.35,0
799.51,58.22,128.92,2114.0,623.44,3221.0,26.86,84.49,0
873.9,62.29,139.43,2163.05,582.87,3203.1,27.77,89.33,0
858.17,54.54,103.01,2270.81,614.81,3188.7,26.81,91.91,0
837.3,56.2,130.76,2082.23,637.45,3245.8,28.69,89.22,0
801.53,45.55,112.25,2337.58,614.52,3166.99,27.17,85.97,0
858.88,46.83,131.89,1882.81,632.01,3137.66,28.32,88.87,0
855.99,47.47,102.9,2406.21,600.3,3116.22,27.56,97.44,0
767.52,57.77,117.11,2060.32,627.31,3109.49,29.31,91.5,0
864.4,53.26,107.31,2237.92,587.19,3170.82,27.21,92.27,0
809.85,51.53,123.73,2466.54,609.87,3231.1,25.48,87.53,0
860.85,49.14,121.98,2347.75,606.81,3191.92,28.39,86.8,0
845.57,53.88,114.94,2353.99,565.47,3188.21,28.38,84.8,0
803.93,60.94,114.51,2226.8,590.02,3123.32,25.68,90.1,0
890.42,75.13,128.44,2103.72,658.2,3215.5,27.93,91.66,0
898.13,56.03,102.53,2307.73,604.24,3198.09,29.31,85.39,0
1026.93,46.36,124.31,2467.12,841.61,3392.46,31.86,89.59,1
852.64,55.59,125.39,2157.28,595.88,3360.99,27.57,89.81,0
845.28,57.28,122.84,2081.06,621.16,3402.99,28.47,84.58,0
813.69,55.07,117.39,1930.04,625.8,3141.06,29.03,84.88,0
838.89,56.56,111.26,2360.8,579.03,3229.19,30.24,87.18,0
852.13,54.18,130.84,2401.3,595.23,3277.85,30.47,87.43,0
887.49,57.62,130.32,2183.17,643.27,3178.16,28.17,88.97,0
870.32,60.36,142.11,2245.24,546.17,3122.86,30.25,85.3,0
850.97,52.83,130.95,2029.61,630.68,3228.62,28.02,85.72,0
843.68,58.37,106.2,2208.72,632.42,3125.44,30.89,91.19,0
830.03,45.74,108.46,1954.6,614.94,3195.16,28.81,88.13,0
896.81,65.08,114.49,2140.6,640.6,3273.58,27.24,88.28,0
813.5,46.77,128.21,2390.04,684.8,3174.53,30.28,87.39,0
788.49,58.63,115.33,2125.07,611.5,3224.16,28.45,89.16,0
782.19,54.75,123.09,2275.26,622.71,3124.13,29.84,90.44,0
857.7,59.42,129.15,2318.67,605.75,3116.68,29.38,92.76,0
779.97,59.73,118.24,2179.47,636.45,3138.62,31.23,83.11,0
871.39,52.27,111.53,2196.25,625.44,3082.27,29.6,91.85,0
875.74,58.21,103.32,2222.18,618.48,3092.32,27.96,86.95,0
855.86,52.31,111.8,2298.74,663.22,3037.59,29.75,91.11,0
795.15,55.72,116.41,2288.4,624.43,3203.79,29.27,90.59,0
809.87,67.4,128.78,2082.03,642.4,3085.39,28.25,84.76,0
879.11,53.17,126.95,2253.78,618.72,3213.17,27.14,90.26,0
831.73,56.13,116.25,2295.25,630.73,3357.14,28.15,89.46,0
882.87,53.66,120.21,2486.97,655.13,3179.61,29.14,86.75,0
817.67,54.5,121.05,2228.22,630.62,3220.63,28.31,86.73,0
875.14,49.78,118.97,2357.27,612.42,3115.84,28.56,89.92,0
862.67,61.24,120.03,2299.34,635.77,3301.08,26.42,85.91,0
879.87,51.3,125.8,2120.67,596.77,3193.1,27.91,89.46,0
913.63,57.9,116.84,2256.76,618.33,3220.67,28.98,89.29,0
862.67,52.33,124.68,2307.63,645.55,3053.47,27.49,88.96,0
844.86,58.22,123.86,2125.87,586.2,3223.59,28.8,87.09,0
855.31,51.87,107.83,2200.26,574.62,3094.94,30.45,88.16,0
869.19,47.56,140.22,2443.27,589.45,3156.2,30.47,88.51,0
825.21,50.88,113.72,1979.38,579.65,3166.75,28.86,91.06,0
868.59,50.06,118.02,2176.41,632.18,3016.1,29.05,89.68,0
1031.0,43.72,120.83,2930.58,769.29,3392.36,31.41,95.54,1
867.16,51.73,127.53,2073.23,593.62,3281.48,27.4,83.74,0
881.01,56.08,125.3,2196.56,626.42,3324.44,28.93,84.32,0
822.91,59.43,124.69,2259.84,639.89,3257.84,30.29,83.75,0
937.15,49.75,132.97,2197.47,628.12,3176.85,28.35,86.25,0
817.76,56.04,125.4,2178.28,648.69,3202.97,28.38,84.11,0
830.19,50.59,118.25,2073.62,589.32,3334.78,27.94,85.56,0
882.02,61.93,111.38,2150.0,589.38,3111.42,29.88,90.99,0
856.52,52.76,123.7,2296.63,618.96,3246.83,29.69,87.64,0
884.28,45.55,116.63,2163.99,635.88,3332.28,28.61,92.12,0
837.69,60.68,130.28,2248.39,594.96,3310.59,29.85,84.22,0
818.64,45.71,115.71,1979.71,611.91,3265.46,29.36,84.14,0
840.52,53.13,89.72,2220.5,581.74,3161.84,27.03,83.9,0
829.17,55.1,112.42,2514.97,613.98,3242.23,29.86,91.06,0
872.26,52.31,118.31,2007.99,596.37,3330.77,26.26,86.4,0
857.3,55.29,122.34,2074.63,614.36,3216.52,27.03,94.22,0
852.83,57.72,123.28,2096.4,623.45,3188.31,28.68,91.8,0
869.11,57.66,131.02,2240.81,593.22,3088.07,30.56,89.72,0
872.41,49.49,128.01,2261.48,640.62,3124.01,29.06,92.18,0
857.24,47.95,122.6,2218.31,593.87,3348.72,28.01,85.79,0
848.09,59.1,110.91,2068.96,607.49,3415.71,29.33,89.7,0
877.85,53.07,126.96,2180.77,555.27,3243.63,29.1,88.52,0
825.73,62.09,116.93,2298.22,586.18,3166.16,27.96,87.57,0
887.44,55.35,135.41,1988.01,648.14,3209.42,28.39,85.83,0
842.33,55.48,116.56,2042.97,611.04,3093.15,28.82,93.99,0
833.19,55.92,130.9,2320.58,625.98,3267.85,28.22,86.49,0
826.09,60.59,138.49,2132.81,623.49,3151.61,28.09,86.69,0
827.01,54.68,133.14,2212.07,640.14,3263.02,28.8,87.3,0
892.3,53.0,126.5,2051.86,620.75,3351.25,30.15,87.56,0
849.75,54.96,110.72,2206.58,665.87,3251.46,29.14,91.5,0
850.22,52.58,121.94,2471.52,598.19,3285.96,26.25,93.67,0
867.7,57.55,105.2,2649.27,617.05,3257.63,28.86,87.05,0
873.07,61.91,100.05,2363.69,646.22,3166.05,29.48,87.11,0
838.46,58.21,122.03,2027.94,619.77,3189.78,29.14,89.09,0
872.2,57.49,118.05,2151.51,570.44,3260.88,30.28,91.96,0
771.25,57.6,106.88,2274.31,596.66,3058.93,30.72,88.68,0
847.12,56.63,132.46,2058.1,569.01,3108.69,26.26,89.24,0
858.29,54.14,123.86,2330.51,636.39,3133.96,29.39,89.91,0
830.38,54.98,120.06,2230.96,607.59,3195.17,26.2,92.96,0
934.28,52.63,135.27,2110.85,631.51,3192.89,28.8,82.29,0
826.42,58.31,109.98,2173.77,642.34,3206.44,26.1,87.4,0
860.55,60.3,119.41,2373.59,633.87,3027.97,29.29,84.42,0
841.62,57.59,127.22,2188.06,629.72,3399.83,26.35,87.26,0
865.51,48.28,123.06,2189.73,580.87,3213.19,27.94,88.15,0
901.87,59.36,131.3,2359.25,632.86,3254.24,30.84,94.27,0
887.42,53.68,117.56,2317.79,665.29,3104.33,29.13,91.46,0
817.91,46.64,116.07,2408.28,655.42,3306.67,27.74,93.26,0
810.5,50.22,148.99,2276.35,630.51,3117.37,28.04,85.24,0
814.85,46.26,152.33,2405.8,651.58,3201.34,28.6,89.75,0
844.69,63.68,115.71,1993.43,626.49,3388.05,30.01,87.37,0
806.39,55.4,105.19,2425.89,610.93,3177.67,29.23,87.13,0
857.66,50.88,127.73,2262.83,552.47,3243.41,26.96,88.9,0
931.12,52.17,124.29,2001.59,612.68,3156.15,29.55,90.68,0
886.85,66.35,121.79,2317.26,616.05,3055.12,27.36,87.56,0
861.61,52.77,127.47,2414.04,631.91,3176.1,28.77,89.73,0
869.34,52.48,127.06,2385.48,611.78,3326.31,25.78,87.11,0
862.91,56.38,110.42,2044.39,590.61,3094.31,29.29,89.11,0
856.77,61.13,140.58,2169.1,611.92,3317.36,27.58,87.79,0
883.44,54.87,111.75,2222.4,644.13,3078.78,28.56,84.68,0
796.97,62.63,117.41,2139.16,637.67,3113.73,28.97,84.4,0
835.88,28.28,128.95,2455.95,658.85,3068.59,25.69,86.91,1
803.1,51.09,102.25,2151.09,662.98,3168.11,28.05,86.7,0
836.94,49.61,112.45,2098.83,640.98,3346.97,28.7,85.7,0
858.67,59.97,107.03,2130.37,625.75,3162.23,30.51,85.96,0
853.07,40.83,131.1,1957.8,645.3,3228.9,28.44,81.57,0
882.14,50.21,128.88,2046.09,642.03,3230.81,27.3,79.74,0
847.64,52.22,135.62,2156.6,630.07,3216.07,27.17,93.81,0
857.17,45.58,115.94,2056.8,639.2,3187.89,28.98,85.71,0
930.15,49.46,117.56,2194.61,623.21,3141.25,29.79,89.41,0
837.65,51.77,120.39,2380.93,650.35,3211.07,28.8,88.54,0
839.11,55.74,117.17,2033.92,631.72,3262.55,29.91,85.95,0
846.64,55.66,130.58,2378.53,619.8,3185.04,28.43,85.47,0
852.21,62.54,112.37,1991.91,625.43,3250.8,28.19,92.03,0
832.44,51.06,120.35,2119.14,591.0,3171.09,29.01,87.24,0
839.69,52.33,111.44,2113.23,626.31,3324.11,28.66,83.45,0
856.03,48.03,109.41,2056.68,619.77,3211.19,29.86,89.47,0
904.79,54.78,123.88,2324.04,569.84,3100.98,28.14,88.12,0
878.89,52.95,124.59,2016.09,596.04,3370.06,29.46,88.43,0
858.46,54.67,138.39,2301.61,646.82,3170.58,29.65,88.07,0
869.16,63.37,124.41,2428.15,610.44,3135.33,28.21,83.67,0
836.44,61.26,120.84,2358.46,578.54,3177.95,27.24,88.28,0
865.64,65.53,106.71,1999.61,613.56,3246.01,26.81,93.54,0
801.96,57.21,128.97,2231.0,634.36,3183.87,28.71,85.36,0
852.38,58.48,114.53,2254.9,589.51,3202.85,28.25,88.08,0
824.6,50.81,114.92,2336.56,576.03,3324.74,25.86,86.85,0
849.49,47.65,151.26,2032.27,625.75,3210.4,29.81,86.41,0
811.86,52.79,122.71,2465.37,610.73,3261.29,29.96,88.66,0
876.65,57.66,115.35,2288.57,653.67,3245.86,27.97,89.86,0
817.47,53.22,110.8,2164.23,607.1,3278.64,29.81,89.35,0
851.1,58.12,132.03,2498.79,588.31,3318.54,28.35,89.54,0
887.97,63.98,121.08,2159.42,680.39,3145.4,28.48,91.16,0
823.61,56.4,125.2,2192.97,566.36,3153.07,29.06,89.12,0
836.09,41.45,124.44,2262.43,628.29,3141.21,30.97,93.64,0
881.78,54.79,120.2,1951.17,628.39,3229.68,28.5,88.51,0
829.67,58.03,116.24,2317.51,670.87,3257.96,28.53,92.13,0
824.41,58.03,103.16,2309.01,629.92,2976.25,29.81,91.69,0
838.61,55.17,105.85,1970.57,622.99,3139.29,29.65,84.15,0
894.35,61.28,124.23,1832.88,638.84,3174.27,30.22,84.92,0
873.32,51.96,107.39,1616.83,666.16,3294.64,30.48,88.22,0
800.82,53.34,112.37,2093.49,580.98,3120.06,28.07,92.66,0
845.41,43.99,127.72,1870.74,629.74,3143.08,28.01,88.95,0
865.94,62.35,121.63,2114.89,557.14,3250.37,27.2,91.8,0
845.02,58.58,128.71,2097.9,632.92,3117.82,26.48,87.78,0
847.35,58.84,121.48,1962.15,598.09,3168.76,26.28,90.43,0
877.16,53.33,114.05,2244.06,617.98,3342.89,29.72,90.93,0
821.91,53.46,127.22,2083.25,610.11,3146.5,27.74,92.05,0
819.67,60.76,132.75,2212.29,615.14,3107.86,27.27,87.73,0
826.4,49.38,124.04,2095.63,639.85,3167.59,28.06,87.8,0
884.8,57.33,122.92,2123.11,636.9,3117.53,28.83,83.69,0
838.97,52.19,126.68,2394.78,647.39,3198.7,25.78,86.79,0
870.7,45.06,114.04,2250.69,656.07,3222.03,29.49,80.16,0
864.46,49.5,129.53,2149.53,629.9,3236.59,27.66,86.1,0
788.66,47.49,108.78,2390.01,617.83,3355.43,29.74,91.59,0
858.11,51.78,107.53,1999.88,628.6,3135.11,27.19,87.57,0
879.42,67.47,98.03,2278.09,640.35,3221.76,29.63,83.84,0
881.98,55.21,122.26,2046.8,618.1,3133.15,28.52,90.39,0
860.58,47.73,114.64,2305.64,641.82,3380.43,27.39,86.35,0
860.43,54.11,126.54,2048.71,596.09,3240.09,29.02,87.02,0
885.58,55.37,126.86,2392.14,643.59,3242.45,28.97,87.03,0
850.57,65.35,126.93,2237.21,572.79,3220.56,29.29,89.79,0
890.09,58.38,117.77,2424.41,619.38,3242.58,31.92,85.07,0
868.08,57.88,124.59,2246.93,613.87,3144.26,30.88,89.31,0
859.27,54.02,124.58,2144.42,668.95,3101.01,29.14,91.34,0
862.3,40.75,121.14,2539.58,673.2,3257.29,28.65,87.1,0
868.76,52.94,129.48,2258.44,591.73,3240.19,29.6,85.95,0
873.23,50.76,118.35,2133.64,655.65,3197.41,28.47,91.42,0
831.23,55.74,111.35,2351.33,624.71,3203.79,29.34,85.03,0
879.02,56.94,112.75,2231.21,571.83,3207.31,27.51,92.62,0
827.49,48.35,115.59,2174.99,631.07,3348.58,29.07,89.17,0
827.78,49.42,98.87,2297.19,646.23,3191.7,29.59,91.39,0
881.69,58.76,114.62,2261.78,649.48,3377.85,28.69,90.93,0
841.02,65.35,119.26,2156.06,630.43,3195.62,29.15,86.45,0
1021.62,46.01,155.82,2796.91,818.69,3324.97,30.76,97.77,1
834.64,48.28,128.22,2095.83,679.12,3326.37,30.53,84.71,0
843.33,49.11,126.37,2061.93,592.58,3227.27,29.69,86.05,0
843.03,60.03,120.0,2066.06,639.45,3170.09,26.86,88.84,0
786.5,50.8,120.89,2125.4,629.97,3207.76,29.05,83.45,0
829.95,56.59,107.21,2241.55,639.18,3155.61,28.55,90.0,0
859.28,63.1,115.93,2082.99,635.11,3311.48,26.97,87.14,0
770.45,47.46,123.06,2402.41,646.92,3303.94,29.04,86.4,0
761.06,56.17,119.9,2199.01,600.76,3238.66,28.81,83.14,0
859.12,54.8,136.43,2232.79,599.7,3248.09,28.18,90.25,0
802.87,52.21,114.18,2285.44,567.19,3249.18,27.54,83.31,0
841.41,53.12,120.99,2268.39,570.48,3155.95,28.47,88.94,0
797.44,58.91,115.49,1924.71,595.33,3182.49,28.29,82.31,0
840.65,56.44,126.08,2289.29,635.14,3291.74,29.91,94.82,0
854.81,65.33,126.71,2201.4,626.05,3152.07,28.18,90.43,0
868.39,54.56,121.69,2368.64,617.46,2947.99,27.16,88.78,0
841.65,61.34,113.2,2252.0,612.18,3234.7,29.03,86.63,0
844.35,53.25,114.5,2285.18,621.81,3246.21,28.83,85.51,0
840.63,58.73,108.88,2412.03,613.2,3163.87,29.12,89.03,0
818.42,51.74,130.95,2528.76,606.64,3269.14,28.89,88.25,0
808.31,48.96,125.56,2198.64,624.34,3185.43,29.13,81.47,0
849.64,52.81,117.82,2277.96,624.7,3122.24,28.55,94.19,0
824.01,50.04,109.54,2207.55,609.16,3211.78,31.35,86.25,0
830.67,56.0,122.61,2242.69,626.8,3264.64,27.74,86.7,0
791.42,57.83,122.4,2413.82,594.46,3232.17,29.3,89.38,0
871.99,54.64,129.31,2008.53,641.88,3134.91,28.55,85.36,0
940.95,59.3,121.2,2153.44,619.41,3299.02,29.49,85.88,0
896.76,52.82,111.5,2357.69,568.77,3081.43,28.83,90.37,0
853.32,54.14,130.34,2182.19,620.88,3137.88,26.59,86.3,0
856.86,45.55,130.84,2090.73,593.31,3270.67,28.45,87.8,0
803.17,58.9,123.12,2335.31,642.69,3202.13,28.62,88.9,0
804.98,55.18,116.27,2342.24,634.42,3079.66,28.16,87.76,0
805.15,50.54,109.39,2214.72,597.58,3193.51,29.25,90.25,0
866.28,66.45,134.72,2080.03,619.9,3257.81,27.97,89.6,0
844.94,59.04,121.19,2451.75,596.99,3382.85,28.09,87.86,0
860.09,59.49,121.62,2059.16,634.83,3254.22,28.65,87.01,0
858.43,57.63,115.15,2153.03,627.14,3241.52,27.09,89.37,0
801.74,54.37,131.7,2042.64,590.15,3184.96,29.07,95.04,0
882.92,60.39,128.1,2342.54,632.76,3142.19,26.22,88.17,0
842.17,65.67,122.45,2328.77,632.97,3205.07,27.7,88.03,0
782.51,52.69,101.63,1831.04,609.93,3292.97,27.17,88.71,0
843.35,56.69,119.55,2182.0,617.7,3214.55,29.14,86.23,0
921.71,45.76,115.82,1957.35,678.31,3249.41,28.7,89.61,0
880.23,53.24,146.96,2168.76,629.76,3155.97,29.1,83.41,0
857.11,48.28,118.89,1963.99,638.22,3173.0,26.89,91.01,0
911.85,59.85,141.92,2024.1,596.92,3150.56,27.37,90.21,0
877.3,49.69,125.58,2181.85,628.52,3145.53,28.98,87.8,0
868.94,48.54,134.88,2353.41,636.85,3297.68,27.11,85.07,0
815.13,49.85,130.22,2098.91,580.93,3230.98,27.89,86.59,0
866.46,52.29,107.81,2318.11,621.58,3214.48,29.84,87.33,0
850.04,45.25,132.72,2476.65,617.11,3203.39,28.0,89.15,0
832.51,60.86,121.2,1996.98,616.83,3108.97,28.87,80.41,0
844.13,55.59,107.35,2062.74,654.42,3069.21,30.28,82.15,0
859.98,52.98,107.97,2156.08,609.12,3129.74,28.77,91.08,0
836.31,57.24,97.89,1930.01,615.6,3185.07,28.11,89.4,0
849.77,55.97,130.93,2175.88,605.71,3316.13,25.39,82.24,0
904.05,54.07,117.87,2249.16,655.85,3133.82,28.28,90.08,0
800.15,57.75,121.28,2089.74,608.02,3286.51,27.98,86.25,0
842.09,49.75,111.07,1904.21,657.51,3285.48,28.53,91.78,0
837.96,51.27,121.97,2113.67,624.86,3176.37,28.32,87.66,0
844.32,53.23,125.9,2168.02,628.9,3250.95,26.77,87.97,0
858.03,54.91,123.69,2126.58,633.7,3349.06,30.23,91.58,0
855.58,62.07,117.28,2366.87,610.17,3307.6,31.74,90.38,0
865.03,61.25,126.48,2147.76,580.44,3089.42,28.33,91.18,0
870.57,60.98,119.08,2181.51,645.91,3285.18,27.61,88.73,0
842.18,59.88,116.01,1877.36,586.54,3237.29,27.4,84.06,0
880.26,51.4,119.02,2147.76,604.56,3200.57,26.76,90.33,0
868.21,55.4,122.9,2477.06,605.73,3141.38,28.72,90.46,0
854.15,54.55,121.31,2009.88,613.49,3208.1,30.11,90.93,0
857.21,62.19,127.78,1943.42,657.81,3078.9,27.48,86.33,0
861.31,46.75,136.82,2314.74,600.46,3264.12,28.7,89.23,0
827.44,48.49,120.13,2094.2,621.54,3137.38,30.1,88.3,0
837.29,53.74,119.17,1940.9,652.65,3206.6,27.56,95.68,0
848.01,49.85,112.32,2062.06,612.21,3149.26,26.96,83.65,0
860.72,46.25,122.44,2199.75,660.6,3279.68,28.05,83.89,0
783.42,45.1,116.62,2120.69,648.1,3206.74,29.74,89.08,0
877.74,61.69,124.57,2326.51,647.31,3139.0,28.39,85.97,0
909.47,54.55,105.91,2207.48,627.04,3241.57,29.48,94.16,0
827.74,53.33,130.34,2099.25,586.31,3262.28,30.34,84.9,0
860.49,51.26,126.96,2283.91,631.17,3180.02,29.47,91.91,0
838.39,46.37,117.12,1914.82,626.96,3232.46,26.62,87.06,0
861.83,49.78,136.96,2331.19,593.93,3032.75,26.89,82.62,0
843.4,48.34,112.79,1996.81,629.59,3130.12,28.37,89.28,0
834.7,63.37,121.68,2502.99,592.51,3217.03,28.29,86.63,0
827.51,58.31,111.98,2067.31,674.1,3368.75,26.96,93.51,0
850.32,53.02,102.74,2328.89,643.79,3146.72,26.8,95.24,0
829.55,59.2,126.34,2286.09,634.53,3129.9,29.72,87.38,0
886.53,51.19,123.78,2242.53,644.47,3311.41,27.51,87.79,0
911.92,50.33,119.07,2156.92,610.87,3272.37,27.17,91.68,0
860.48,54.06,114.46,2205.01,649.38,3253.21,28.72,89.16,0
858.35,51.35,126.65,2261.46,576.2,3163.7,28.33,85.3,0
866.18,47.51,115.58,1951.1,563.4,3232.24,30.26,92.26,0
815.8,56.84,107.37,2362.62,624.83,3142.93,28.1,88.43,0
829.65,56.78,114.14,2208.24,631.55,3278.56,26.76,88.09,0
875.07,43.99,119.43,1963.63,573.32,3209.24,25.99,85.17,0
828.55,60.13,120.7,2351.91,602.01,3195.8,28.69,84.78,0
850.87,63.14,150.65,2330.65,624.25,3310.7,29.68,84.13,0
848.83,47.78,110.95,2294.7,634.71,3284.02,28.73,87.41,0
829.95,56.03,104.59,2161.06,619.14,3309.5,28.37,87.93,0
871.41,59.02,126.2,2117.49,653.11,3102.68,29.36,93.94,0
852.16,52.25,129.33,2034.84,598.94,3188.68,27.33,89.94,0
889.83,54.74,117.91,2434.4,587.88,3307.38,29.55,87.45,0
824.64,57.77,141.44,2126.86,653.6,3193.79,29.22,87.15,0
883.96,47.74,136.34,2099.28,635.36,2989.22,28.38,91.33,0
872.7,62.15,188.94,2588.05,586.6,3036.44,29.09,93.45,1
861.53,56.16,114.76,2311.29,582.04,3178.29,28.01,91.14,0
879.37,57.86,114.98,2363.83,600.39,3160.01,28.85,89.87,0
865.57,62.35,98.52,2294.98,605.53,3169.52,27.83,85.23,0
815.39,55.81,115.76,2151.74,634.94,3217.37,28.22,84.86,0
911.46,62.39,126.45,2031.64,583.86,3202.65,27.88,89.58,0
840.64,57.86,125.4,2142.02,634.55,3264.39,28.65,84.07,0
818.96,57.81,103.93,2206.67,634.6,3237.0,29.7,88.74,0
832.48,52.19,113.71,2242.86,648.16,3196.02,26.76,86.35,0
888.29,48.3,110.9,1929.34,593.69,3251.06,27.24,88.48,0
874.58,55.68,107.44,2159.2,635.29,3218.38,27.15,81.74,0
817.84,61.71,112.44,2294.41,658.09,3217.6,26.77,82.67,0
810.39,50.43,114.16,1960.11,599.47,3290.64,29.82,88.76,0
843.06,57.13,103.39,2163.01,659.71,3186.44,29.31,83.51,0
923.75,64.19,137.16,2361.56,629.53,3141.19,29.03,88.81,0
857.6,55.18,127.92,2121.22,619.18,3205.75,26.9,85.85,0
871.89,49.23,108.31,2136.16,634.9,3251.08,29.8,87.79,0
832.69,53.85,126.98,2250.2,578.45,3266.58,28.5,90.02,0
800.0,56.12,118.79,2176.38,628.59,3312.36,29.15,83.82,0
940.71,47.56,116.67,2282.79,621.51,2985.39,27.35,89.38,0
857.44,55.33,115.38,2443.46,631.91,3047.01,29.42,85.35,0
835.31,56.48,116.84,2188.59,618.06,3238.54,26.67,85.91,0
898.16,40.52,111.77,2179.47,667.63,3100.95,29.89,90.92,0
881.48,58.1,139.61,2040.15,644.53,3171.04,27.0,90.43,0
813.5,51.33,100.64,2142.13,620.98,3206.68,29.32,87.9,0
852.26,49.84,117.14,2087.13,581.22,3392.36,28.22,90.75,0
822.84,50.14,116.12,2116.93,653.1,3276.4,27.71,87.45,0
877.48,57.85,137.71,2146.32,635.22,3193.84,30.71,88.94,0
819.37,52.98,112.93,2356.59,581.75,3125.1,30.43,85.33,0
806.13,48.92,110.13,2143.78,635.51,3087.64,28.52,87.59,0
825.08,55.85,105.42,2359.81,580.84,3216.48,26.22,91.97,0
849.93,48.93,125.03,2464.41,658.06,3110.72,28.38,86.24,0
827.93,57.26,117.15,2236.15,645.5,3104.41,28.46,91.49,0
848.66,55.93,111.26,2138.43,671.17,3224.65,28.57,90.27,0
849.14,63.79,121.76,2040.97,585.12,3060.7,29.56,93.48,0
839.74,51.47,123.46,2291.0,631.5,3229.82,28.14,87.98,0
1073.19,46.17,119.47,2776.96,781.09,3450.93,31.61,96.8,1
882.54,54.9,112.58,2419.91,620.23,3080.11,28.65,92.87,0
841.6,47.09,147.66,2185.37,636.17,3110.57,29.76,83.93,0
873.68,51.84,128.28,2210.44,611.86,3357.51,27.22,88.15,0
908.53,54.74,121.56,2093.38,620.9,3311.47,28.95,87.35,0
840.53,56.96,117.33,2216.35,622.5,3288.58,28.3,84.39,0
840.03,53.8,118.43,2097.19,600.61,3184.82,26.48,91.49,0
825.28,53.72,127.23,2430.33,579.28,3312.2,27.64,85.99,0
829.43,47.87,124.26,2075.24,609.27,3168.57,27.3,86.22,0
845.52,51.15,112.17,2203.15,626.36,3290.2,26.89,86.48,0
831.36,55.86,121.55,2169.64,637.4,3019.76,28.97,93.35,0
880.59,49.39,101.79,2574.73,591.87,3105.5,28.26,87.69,0
844.56,55.5,115.14,2256.19,613.79,3269.01,27.08,92.52,0
841.58,49.58,119.27,2028.48,588.41,3168.39,27.67,86.51,0
893.97,44.05,132.2,2131.86,621.37,3107.49,28.47,80.24,0
846.58,61.87,97.31,2390.74,630.95,3170.14,27.05,89.52,0
884.95,55.33,133.08,2232.84,601.24,3195.49,29.34,86.8,0
777.7,50.08,109.56,2353.19,588.95,3239.66,28.09,88.47,0
853.28,57.19,122.94,2166.1,599.1,3259.35,28.51,84.62,0
843.41,49.67,115.28,2386.5,616.89,3209.59,27.9,84.41,0
873.46,51.23,105.8,2506.5,655.63,3138.6,32.23,87.65,0
867.02,53.37,123.19,1930.02,593.68,3254.31,27.78,89.34,0
823.34,55.17,93.78,2310.74,662.33,3192.1,28.84,87.17,0
879.28,58.1,112.63,2096.12,593.48,3131.64,27.43,90.08,0
852.98,47.94,136.23,2054.49,610.58,3240.69,28.34,82.42,0
845.46,57.45,117.81,2297.2,588.39,3252.99,28.44,83.93,0
885.74,63.07,114.14,2124.08,664.55,3255.54,27.91,88.39,0
834.98,47.29,124.0,2112.96,653.77,3191.07,29.24,87.05,0
837.89,55.99,127.34,2251.87,662.19,3217.33,28.51,94.16,0
855.52,56.97,112.95,2276.99,645.42,3170.1,28.62,88.24,0
885.89,52.58,106.36,2005.87,638.45,3145.8,28.27,85.4,0
856.98,40.94,106.79,2003.5,673.57,3245.45,29.37,89.11,0
880.05,59.24,138.14,2126.27,614.76,3253.42,28.86,90.7,0
858.94,56.61,121.27,2366.51,631.82,3309.98,28.21,90.4,0
909.21,48.81,114.22,1984.34,620.15,3336.05,28.89,85.97,0
861.88,56.94,116.53,2408.97,614.67,3174.04,26.94,87.78,0
842.82,57.95,111.78,2380.71,633.1,3182.24,27.22,89.92,0
817.67,63.76,129.15,2037.64,629.54,3141.58,26.91,86.31,0
982.7,49.96,123.8,2894.67,767.79,3526.94,29.17,96.66,1
841.41,53.38,119.97,2202.19,577.39,3109.79,28.38,86.6,0
858.55,52.08,127.11,1983.64,629.51,3235.07,27.46,88.65,0
894.38,43.23,101.63,2448.93,594.29,3272.6,27.83,88.3,0
849.63,54.93,109.58,2293.07,631.41,3066.51,30.05,85.99,0
791.47,51.49,131.87,2179.28,614.78,3284.53,27.42,90.62,0
821.97,58.42,121.08,2260.02,603.2,3206.12,28.63,94.06,0
857.28,50.84,117.25,2083.71,626.13,3188.04,26.87,89.84,0
819.75,54.55,109.67,2212.03,619.39,3053.27,29.96,90.51,0
828.95,56.68,123.74,2379.06,614.66,3225.54,28.89,90.5,0
852.75,51.21,124.04,2054.91,640.68,3129.09,26.22,83.96,0
853.8,53.56,121.59,2565.18,606.75,3246.78,27.01,91.95,0
880.57,47.04,121.82,2314.65,634.88,3105.16,27.9,87.99,0
817.23,50.23,120.24,2009.24,601.06,3143.06,27.66,87.93,0
855.7,61.19,129.56,2057.85,590.58,3276.58,28.57,88.97,0
872.51,58.33,100.88,2169.41,594.29,3305.27,29.99,91.35,0
835.36,52.87,139.5,2159.53,582.72,3036.01,29.2,85.63,0
852.83,54.34,108.98,2166.77,649.76,3128.39,29.32,86.89,0
850.93,50.87,125.64,2125.02,659.61,3377.04,27.79,89.03,0
850.93,53.29,118.19,2493.65,609.67,3199.1,28.05,87.48,0
837.17,49.92,111.54,2353.22,646.71,3202.08,30.69,89.02,0
923.72,56.59,115.29,1939.34,632.02,3099.75,26.64,91.36,0
846.81,52.61,130.84,2413.81,658.37,3197.27,27.78,92.01,0
816.64,58.69,136.21,2382.71,609.89,3162.51,28.75,83.86,0
932.19,56.43,127.65,1906.63,617.54,3229.32,29.04,86.44,0
823.5,47.79,114.99,2128.57,615.44,3106.02,29.68,89.88,0
831.74,53.36,132.93,1987.76,616.82,3266.52,28.68,90.55,0
827.0,62.48,126.15,2322.69,615.98,3347.67,29.63,89.98,0
814.91,43.32,111.84,2257.53,628.33,3204.27,25.41,89.03,0
892.11,52.87,117.69,2349.52,638.48,3263.23,29.15,89.2,0
852.69,54.79,117.57,2031.63,612.17,3139.83,28.15,85.76,0
850.33,50.78,117.65,2142.99,583.58,3240.59,25.66,92.77,0
884.43,51.14,126.44,2280.53,588.46,3239.87,29.31,84.72,0
901.78,56.62,122.1,2043.15,650.49,3108.49,29.1,92.85,0
883.65,49.82,117.83,1811.93,652.44,3263.72,29.51,89.24,0
797.16,48.59,122.61,2065.17,637.67,3175.78,27.22,87.97,0
850.34,56.49,138.86,2122.65,586.57,3150.05,29.0,89.49,0
871.4,59.58,122.21,2492.81,589.05,3137.73,28.61,90.83,0
865.4,61.83,123.02,2342.89,589.52,3225.48,30.21,90.19,0
801.34,50.9,109.06,2333.27,631.66,3134.5,27.39,82.79,0
848.39,55.73,124.71,2052.37,580.14,3189.34,25.92,96.95,0
872.19,51.13,131.5,2156.67,596.4,3197.24,26.48,88.07,0
833.85,56.15,105.44,2398.7,647.97,3263.07,29.33,87.67,0
807.8,62.74,121.02,1974.6,609.22,3274.76,28.22,91.9,0
880.85,53.16,209.04,2256.15,604.93,3260.37,28.49,82.57,1
899.28,52.43,104.51,2292.58,626.02,3256.75,26.98,83.25,0
836.13,51.61,119.18,2146.32,590.1,3159.38,30.97,91.71,0
832.55,53.73,130.94,2119.05,654.46,3185.9,27.01,84.11,0
855.64,61.1,117.53,1859.45,649.21,3154.35,26.87,94.49,0
869.93,54.69,110.86,2240.76,651.17,3205.53,29.08,88.76,0
844.81,57.96,124.08,2210.89,670.84,3114.78,28.88,89.5,0
814.34,58.94,119.67,2165.24,593.83,3217.54,28.15,86.95,0
867.51,63.25,102.3,2304.64,657.19,3157.3,29.66,89.32,0
851.92,54.05,139.28,2022.55,620.27,3280.03,28.7,85.3,0
820.09,60.72,137.18,2360.87,637.12,3466.9,27.34,85.16,1
859.54,58.18,111.83,2463.0,639.77,3161.6,26.42,86.83,0
863.9,58.35,107.19,2401.89,619.17,3284.21,25.69,90.27,0
835.29,52.61,127.99,2109.47,587.91,3148.59,28.25,88.47,0
901.71,60.54,114.56,2191.21,626.36,3206.05,29.85,90.77,0
850.11,57.92,122.48,2414.26,665.13,3269.13,28.01,90.58,0
843.97,53.9,137.19,2273.14,637.53,3162.52,28.27,91.4,0
862.73,43.86,122.06,2176.54,621.83,3279.51,30.11,82.93,0
872.89,59.45,131.13,2413.66,624.81,3269.92,28.98,82.64,0
872.99,58.09,114.77,2290.4,603.31,3101.78,27.6,91.56,0
803.98,57.71,110.57,2198.89,617.3,3326.9,28.8,82.74,0
850.24,54.9,98.7,2196.88,624.6,3102.86,27.98,86.01,0
851.77,56.83,132.94,2233.15,571.14,3137.74,29.39,88.17,0
845.39,63.12,123.44,2088.87,577.79,3296.39,27.2,86.29,0
821.75,57.19,125.7,2211.91,623.42,3153.3,25.59,92.14,0
807.04,48.05,188.32,2220.25,606.79,3332.45,28.16,85.06,1
847.68,55.98,143.58,2332.74,608.94,3203.69,28.17,90.66,0
906.79,55.21,130.85,2088.39,627.59,3137.18,28.86,85.07,0
841.17,54.99,123.07,2300.92,606.9,3339.27,28.58,87.5,0
834.07,58.27,119.49,2025.77,629.39,3227.38,28.67,88.09,0
861.06,59.05,115.95,2268.66,623.83,3143.33,29.13,86.39,0
860.01,58.74,124.03,2162.59,610.87,3025.84,29.68,83.11,0
859.34,60.36,124.41,2442.71,605.68,3123.5,26.63,88.47,0
863.06,56.33,114.45,2162.2,593.06,3165.28,30.03,91.03,0
862.24,59.5,102.37,2219.07,635.24,3132.0,29.03,85.39,0
856.85,60.65,112.29,2046.11,640.49,3216.68,28.46,88.49,0
839.65,53.06,115.38,2266.31,568.68,3265.56,27.34,90.98,0
846.57,57.02,106.25,2151.19,662.73,3073.32,26.68,85.87,0
851.53,50.12,132.71,2394.45,601.16,3066.46,29.01,90.02,0
830.46,52.3,122.42,2214.24,599.8,3214.37,28.52,94.09,0
834.04,53.9,135.17,2434.83,643.65,3282.96,27.82,86.01,0
824.22,63.35,103.67,1988.45,638.66,3319.84,25.85,94.67,0
837.36,58.0,112.48,2160.34,588.82,3206.29,29.0,86.9,0
828.64,51.37,92.27,2188.22,640.71,3302.69,26.88,86.49,0
837.92,60.85,144.73,2211.66,620.23,3214.53,27.68,87.66,0
896.33,20.4,158.94,2245.57,617.73,3179.95,27.12,87.01,1
814.14,60.18,124.6,2354.37,616.12,3296.19,28.81,86.97,0
844.89,51.78,105.58,2037.1,671.04,3109.19,28.84,87.34,0
863.2,53.25,121.77,2097.99,618.31,3175.12,26.91,85.77,0
851.6,52.65,126.62,2263.33,618.6,3099.91,29.26,86.71,0
821.05,46.89,112.66,2198.25,599.84,3240.81,28.2,89.68,0
847.76,55.16,119.37,2340.53,615.12,3096.32,28.5,86.26,0
835.48,45.72,126.36,2185.66,631.4,3345.19,27.81,95.63,0
896.46,62.83,112.13,2073.29,660.32,3164.49,28.02,91.03,0
835.46,62.53,114.82,2066.97,597.21,3149.19,28.92,91.55,0
867.17,58.24,116.89,2428.81,608.36,3216.03,27.56,85.87,0
863.8,53.43,120.03,2174.99,630.99,3266.2,27.58,90.65,0
849.18,54.23,106.22,1959.59,599.64,3081.78,28.67,92.83,0
833.81,51.07,115.78,2199.79,651.46,3215.85,29.5,92.7,0
861.99,60.9,115.53,2385.24,594.39,3264.21,29.44,92.92,0
875.19,52.13,115.49,2020.2,602.62,3187.98,27.02,89.21,0
866.95,45.68,117.15,2268.14,632.75,3171.81,30.48,88.42,0
820.39,47.85,126.73,2387.39,624.16,3276.81,30.27,86.3,0
869.97,60.96,130.57,2126.54,666.29,3147.11,27.0,82.01,0
859.55,48.18,110.39,2105.63,623.24,3261.88,29.18,83.49,0
858.7,45.88,127.66,2018.33,586.31,3311.16,28.58,83.12,0
844.64,44.7,120.64,2310.36,581.32,3113.41,29.14,86.39,0
818.98,65.27,135.15,2044.19,612.2,3141.79,29.29,89.3,0
836.03,59.24,125.31,2211.02,604.03,3291.82,29.12,88.81,0
825.34,52.65,124.22,2381.55,609.61,3183.07,28.47,83.86,0
870.93,52.26,122.15,2170.14,584.03,3195.36,29.2,85.77,0
814.53,57.44,123.96,2265.83,583.65,3167.37,28.18,92.85,0
833.87,45.29,120.07,2410.92,622.58,3227.62,29.88,87.26,0
881.93,56.05,128.88,2023.77,633.19,3125.36,28.59,81.28,0
835.21,58.14,121.31,2284.06,652.98,3093.03,30.94,88.81,0
918.3,51.24,125.27,2199.21,626.58,3202.07,27.27,82.86,0
811.19,64.24,133.82,2338.93,580.26,3248.27,27.61,88.96,0
877.34,63.88,126.89,1901.89,611.17,3230.34,27.85,86.34,0
816.31,50.22,122.72,1965.4,664.92,3125.42,27.38,80.29,0
830.58,59.9,117.81,2339.24,620.41,3128.53,29.12,86.06,0
849.96,22.91,189.07,1844.92,656.12,3188.94,28.95,83.04,1
831.41,54.59,124.72,2169.5,632.12,3302.63,27.93,92.38,0
856.97,56.51,134.16,2159.81,636.91,3254.33,29.14,86.54,0
853.74,54.7,127.45,2344.48,591.44,3161.27,27.8,86.38,0
881.91,60.52,126.82,2305.85,612.56,3104.45,27.5,87.36,0
840.87,53.81,114.82,2271.49,649.87,3346.16,30.12,90.49,0
862.97,49.58,198.87,2221.32,633.03,3252.37,29.74,89.94,1
831.58,55.81,110.58,2228.88,672.5,3050.38,29.21,90.05,0
832.42,59.52,120.69,1995.88,672.59,3216.44,30.23,92.08,0
826.47,49.89,118.56,2360.36,603.12,3040.89,29.69,90.52,0
824.45,52.53,123.7,2044.6,642.88,3361.09,29.74,90.81,0
805.08,50.98,111.78,2203.79,630.49,3266.85,30.29,85.95,0
834.5,54.22,137.97,2222.8,589.92,3299.11,26.66,84.57,0
906.64,50.44,119.27,2313.53,656.78,3218.06,28.5,89.52,0
880.06,48.02,109.38,2308.91,625.82,3159.12,30.64,91.25,0
831.64,54.71,115.83,2173.02,617.11,3299.35,29.93,86.17,0
855.95,54.66,138.74,2402.77,639.09,3235.75,28.57,87.28,0
878.79,65.09,119.84,2299.97,670.24,3290.51,26.28,84.14,0
839.07,63.15,116.12,2047.04,633.6,3268.15,27.39,88.08,0
840.29,44.41,132.4,2203.2,640.54,3156.9,24.85,86.73,0
794.44,49.27,138.62,2121.39,607.81,3272.2,28.91,84.21,0
901.2,51.97,133.09,2135.89,595.04,3178.5,29.85,83.6,0
842.19,58.98,115.66,2186.03,600.56,3392.92,28.86,90.65,0
873.94,55.79,108.45,1999.28,646.61,3085.27,28.82,84.9,0
838.47,50.77,146.18,2135.41,618.82,3149.74,28.7,88.79,0
844.68,53.79,101.64,2403.1,630.17,3258.37,27.14,91.94,0
799.43,53.7,135.7,2149.94,600.3,3229.56,29.62,86.19,0
852.35,61.12,132.02,2335.72,602.17,3259.53,29.87,89.1,0
798.43,50.48,124.0,2113.78,606.13,3158.5,27.7,85.63,0
838.16,54.53,136.4,2191.58,600.66,3254.79,28.32,92.06,0
876.09,61.76,113.14,2526.02,611.08,3309.28,29.15,88.04,0
894.1,42.21,114.89,2210.03,623.86,3166.83,28.36,87.03,0
897.91,52.11,111.72,2302.82,617.9,3180.18,29.85,92.36,0
852.51,47.46,117.06,2010.74,617.04,3190.31,28.14,91.16,0
901.57,62.02,119.03,2216.0,583.54,3136.99,27.95,86.63,0
860.26,53.58,119.29,2035.88,611.17,3265.94,28.3,83.07,0
852.72,45.94,116.91,2399.64,653.7,3241.38,28.4,83.23,0
865.32,57.02,137.15,2154.41,631.92,3166.64,30.37,88.93,0
806.74,64.04,143.2,2147.16,595.34,3287.92,27.93,83.27,0
836.09,53.73,118.65,2144.14,608.16,3227.61,26.5,86.43,0
857.79,51.13,113.25,2200.05,586.66,3220.45,29.02,82.23,0
810.73,62.89,122.96,2154.29,601.32,3237.55,30.47,93.04,0
858.36,54.98,124.98,2039.66,593.19,3315.35,31.86,85.88,0
874.53,57.7,108.55,2338.14,648.56,3173.27,29.85,86.07,0
834.35,64.83,118.72,2335.33,617.02,3119.55,28.27,93.0,0
822.55,52.0,119.38,2289.13,630.15,3029.87,27.76,90.1,0
824.73,29.0,175.44,2159.99,635.65,3086.0,26.77,84.93,1
839.98,46.05,106.03,1983.52,622.28,3298.34,27.56,89.91,0
829.02,55.82,112.43,2455.66,633.03,3127.61,29.21,85.77,0
797.04,49.71,109.92,2432.9,689.12,3281.61,28.83,83.64,0
821.71,56.67,126.36,2282.97,595.01,3287.41,25.52,80.43,0
911.64,50.05,131.48,2364.47,638.37,3218.69,29.48,86.8,0
836.83,55.14,128.2,2271.03,612.1,3221.83,29.46,88.19,0
870.16,52.1,117.39,2116.96,605.08,3165.3,28.66,87.96,0
867.71,55.65,119.94,2137.59,647.15,3116.8,30.96,84.73,0
942.66,48.18,121.34,2008.76,592.67,3189.68,29.84,83.34,0
853.36,25.27,104.51,2275.52,695.07,3225.22,26.2,83.17,1
868.95,62.36,110.94,1984.84,616.95,3230.02,27.39,87.84,0
840.13,47.77,107.18,2268.38,614.03,3084.04,26.39,82.59,0
834.08,57.26,117.67,2151.4,633.28,3115.33,30.37,89.41,0
839.73,55.88,114.77,2243.29,591.84,3241.55,29.07,82.79,0
828.19,61.54,116.49,2326.69,623.27,3220.61,27.23,87.76,0
827.44,57.57,112.43,2164.0,657.3,3121.14,27.64,87.52,0
869.42,48.32,116.65,2172.36,604.87,3175.04,27.82,87.12,0
789.58,49.08,114.11,2099.31,554.53,3192.29,27.54,90.76,0
860.96,61.93,119.5,2253.2,600.98,3256.66,29.04,89.54,0
855.89,57.78,106.36,2197.22,622.81,3278.46,28.68,83.51,0
820.11,50.19,114.72,2021.47,642.13,3171.33,29.02,88.68,0
847.29,60.04,110.04,2172.03,659.18,3183.28,28.6,87.86,0
878.18,54.27,115.69,2209.47,557.52,3202.38,28.59,86.05,0
820.19,53.83,118.8,2005.09,589.2,3242.03,28.12,87.8,0
868.52,43.99,109.99,2230.69,623.15,3223.01,30.36,92.95,0
903.95,52.61,95.55,2203.47,602.73,3242.95,29.0,87.32,0
914.29,20.25,149.72,2209.73,596.13,3168.64,26.85,90.46,1
839.81,54.21,165.87,2443.78,639.45,3474.74,27.32,93.67,1
822.22,61.6,133.35,2290.74,600.86,3216.59,28.5,96.26,0
839.03,50.15,138.57,1961.58,619.22,3354.13,28.47,85.67,0
885.35,57.07,125.52,2632.49,615.71,3161.62,29.52,88.22,0
857.16,50.79,118.47,2164.18,613.24,3069.79,29.83,87.53,0
812.07,59.59,135.13,2096.42,556.12,3153.32,27.88,81.29,0
845.35,57.58,109.56,2332.08,563.84,3161.41,26.73,85.11,0
842.1,52.93,112.68,2149.75,643.3,3249.68,29.52,87.37,0
882.62,51.85,111.77,2311.01,610.72,3157.31,26.44,86.32,0
830.12,55.1,124.16,2164.11,608.51,3214.27,28.51,89.78,0
863.34,48.28,123.92,1959.22,603.47,3160.53,27.86,90.61,0
857.79,44.77,119.98,2419.93,615.94,3389.79,29.43,87.42,0
828.22,41.96,129.63,1842.69,664.71,3156.55,29.4,81.35,0
918.03,55.06,130.89,2383.04,652.28,3156.35,27.55,90.65,0
874.66,53.51,131.71,2110.78,632.42,3234.15,28.08,87.02,0
827.03,53.91,120.05,2065.29,616.69,3219.81,30.43,84.59,0
894.39,63.88,114.15,2143.91,609.86,3186.99,29.03,90.85,0
852.52,53.38,125.15,2116.38,590.2,3201.1,29.34,85.52,0
873.33,42.61,110.31,2150.6,600.32,3167.97,28.32,89.01,0
824.7,57.11,110.57,2089.86,670.13,3137.27,28.68,85.55,0
862.83,50.02,123.27,2087.27,624.77,3160.34,28.88,89.65,0
858.37,58.75,112.12,1971.55,622.44,3231.04,28.04,86.86,0
820.91,62.13,121.87,2297.61,628.94,3267.93,27.98,90.83,0
828.42,51.52,107.79,2534.27,600.87,3093.04,29.73,93.41,0
849.86,53.86,112.86,2326.87,659.7,3191.64,28.57,90.19,0
808.52,60.64,108.24,2098.64,649.57,3147.93,29.41,86.38,0
811.62,52.36,134.48,2099.98,599.61,3174.37,28.21,88.0,0
850.75,49.58,130.57,2175.23,627.67,3265.83,29.32,85.07,0
845.09,57.3,114.25,2217.59,648.55,3221.57,28.18,87.56,0
810.94,60.31,117.63,2135.02,635.11,3228.76,28.75,90.85,0
888.62,62.56,123.48,1934.16,608.76,3103.85,28.88,91.85,0
805.68,54.39,116.75,2543.61,632.58,3111.73,26.79,89.53,0
837.68,53.97,132.15,2129.78,628.4,3240.67,29.68,85.55,0
847.88,52.29,120.32,2094.73,593.5,3188.61,28.73,85.48,0
860.13,58.96,122.57,1986.23,581.41,3017.69,29.99,84.95,0
867.74,59.63,112.24,2058.36,580.24,3212.99,28.85,84.14,0
833.6,48.83,123.31,2104.88,623.51,3161.97,28.57,85.33,0
853.4,50.23,128.55,2446.14,596.55,3287.92,28.8,85.83,0
829.65,49.41,132.73,2186.72,633.48,3088.56,29.06,84.16,0
1053.19,47.54,110.92,2957.38,773.45,3525.57,31.48,97.19,1
851.63,47.66,146.79,2348.25,650.04,3257.11,31.31,91.16,0
816.88,47.65,115.01,2262.89,584.31,3168.32,27.97,83.93,0
878.63,61.28,112.03,2260.71,630.19,3134.46,27.98,83.14,0
771.94,56.88,114.64,2222.17,633.51,3242.26,29.17,89.63,0
795.71,54.57,122.12,2266.69,578.3,3224.61,27.64,90.36,0
871.34,57.51,113.35,2181.45,630.01,3135.89,28.63,94.87,0
827.33,53.94,124.63,2356.47,661.86,3238.38,30.38,86.14,0
858.19,57.31,150.3,2177.72,625.55,3363.39,29.24,86.69,0
841.41,52.18,101.72,2142.07,616.52,3119.71,28.86,84.13,0
836.27,49.51,122.51,2412.49,591.95,3137.61,28.54,87.11,0
829.29,58.43,131.44,2147.83,617.4,3129.62,30.17,88.88,0
889.57,57.03,137.3,2248.44,601.61,3157.11,28.06,84.42,0
846.9,53.75,111.03,2597.84,580.95,3168.33,28.58,89.42,0
859.36,49.91,111.21,1956.15,622.88,3223.9,30.66,84.06,0
851.57,55.37,121.9,2315.52,583.87,3104.3,27.63,86.41,0
850.7,56.59,133.72,2365.0,620.74,3058.55,27.72,86.6,0
875.18,52.43,104.54,2290.11,609.5,3239.25,30.34,88.5,0
912.5,30.19,161.25,2290.54,690.9,3146.23,27.37,86.78,1
900.63,54.05,127.96,2077.19,633.44,3185.66,28.26,90.38,0
860.58,56.76,136.2,2345.83,581.16,3343.17,27.33,88.05,0
833.19,51.69,118.65,2420.35,586.93,3060.58,29.74,95.71,0
830.22,60.79,100.45,2122.6,636.74,3316.36,29.69,91.16,0
828.24,53.21,131.09,2367.25,617.78,3062.44,26.79,86.79,0
833.01,56.13,125.02,2339.28,593.88,3166.2,29.79,89.36,0
905.51,52.07,103.83,2312.12,618.75,3064.16,30.82,84.75,0
838.23,55.93,110.19,2314.41,614.48,3164.14,27.55,86.87,0
807.62,47.29,112.08,2291.62,576.16,3239.77,27.02,84.33,0
859.48,58.2,124.18,2045.84,616.6,3255.55,28.0,77.74,0
873.12,57.27,124.56,2099.64,594.02,3167.85,30.02,88.65,0
871.09,56.32,117.88,2184.8,635.62,3101.81,26.51,81.81,0
801.37,48.14,126.77,2258.36,620.95,3117.51,31.08,89.24,0
819.26,51.68,135.95,2331.73,632.37,3144.52,28.49,88.43,0
862.55,54.9,118.73,2459.38,598.13,3167.59,29.49,93.24,0
868.48,54.96,127.64,2122.39,611.47,3238.98,27.12,88.09,0
855.13,59.63,107.51,2252.75,651.88,3280.92,27.28,83.59,0
856.08,45.77,122.42,2279.04,674.94,3355.61,28.15,94.11,0
787.02,68.06,131.48,1888.98,610.3,3098.82,27.79,85.31,0
838.28,52.23,114.59,2251.23,557.32,3069.97,28.89,86.0,0
875.86,57.41,121.46,2191.55,650.33,3154.76,27.02,86.53,0
831.91,60.83,138.56,2309.54,616.34,3268.08,28.57,86.29,0
850.28,61.6,117.22,2274.14,620.59,3194.57,28.11,84.75,0
869.8,58.25,123.12,1936.76,652.62,3305.34,27.89,90.65,0
847.17,54.44,126.14,2300.72,623.76,3117.2,29.13,85.1,0
901.67,46.3,119.37,1997.36,593.5,3278.83,28.4,93.51,0
864.41,55.38,120.97,2269.82,633.18,3233.36,30.39,89.5,0
865.46,50.61,119.58,2034.45,654.42,3245.6,27.67,87.73,0
821.26,52.81,132.49,2173.71,608.14,3188.15,32.47,84.8,0
838.08,47.99,120.73,1847.13,575.78,3202.5,28.46,92.02,0
868.46,62.93,107.12,2224.05,587.69,3151.2,30.18,90.21,0
813.53,53.2,121.15,2145.5,642.32,3249.8,29.02,87.14,0
843.65,51.84,116.23,2075.74,590.02,3194.27,26.98,91.0,0
840.81,42.89,137.99,2136.19,621.34,3305.98,29.4,86.72,0
785.96,59.27,121.0,2141.23,625.31,3134.83,27.72,87.07,0
869.86,63.26,124.42,2120.31,605.79,3154.58,27.96,92.97,0
817.73,58.61,112.26,1901.68,690.55,3232.25,28.93,95.31,0
836.12,51.37,112.42,2011.14,637.63,3111.2,27.99,91.11,0
849.23,56.9,133.08,2158.48,639.33,3215.17,28.34,84.05,0
899.53,52.04,128.76,2087.54,554.46,3223.62,27.41,85.66,0
864.31,46.19,117.41,2055.81,638.51,3109.57,30.0,84.85,0
818.75,49.69,112.42,2335.74,600.4,3240.35,28.24,87.13,0
835.9,57.13,103.75,2018.21,652.22,3086.75,26.46,85.27,0
864.94,63.44,122.17,2382.34,636.95,3043.49,29.45,85.61,0
893.05,62.48,120.18,2143.7,655.95,3135.96,28.12,90.59,0
862.98,62.51,137.92,2241.92,649.08,3368.63,28.61,89.65,0
868.58,52.77,113.28,2259.77,618.85,3166.12,26.87,89.72,0
837.73,69.02,119.03,2299.48,648.6,3150.1,27.81,88.17,0
879.24,37.35,99.04,2442.44,606.92,3152.37,29.67,91.26,0
862.78,47.62,126.0,2174.0,617.09,3148.44,31.11,89.37,0
908.42,35.59,140.59,2561.53,685.64,3188.2,27.96,93.63,1
849.68,50.03,108.17,2236.71,591.89,3162.58,27.68,88.8,0
853.07,55.95,131.5,2099.52,601.64,3174.26,29.92,86.81,0
871.18,53.13,106.14,2144.42,638.45,3224.73,27.83,88.56,0
900.45,51.23,101.17,2258.32,587.62,3207.53,29.04,84.18,0
869.21,47.74,126.9,2104.75,627.89,3086.26,26.76,88.82,0
838.31,46.2,120.92,2089.37,642.34,3171.68,32.92,87.13,0
877.36,48.68,120.11,2132.88,582.29,3122.03,28.08,90.11,0
870.66,61.17,103.37,2146.11,639.32,3134.86,27.64,88.31,0
883.18,54.29,106.69,2094.36,695.24,3180.25,30.47,86.35,0
855.12,54.99,115.73,2078.92,604.16,3180.06,28.37,87.11,0
841.2,52.95,118.14,2044.38,638.03,3212.03,28.02,85.15,0
878.12,55.59,114.46,2028.47,648.96,3210.7,27.32,85.95,0
862.61,68.77,140.12,2314.01,551.29,3269.87,28.92,88.28,0
820.54,52.49,121.51,2367.25,618.15,3353.49,27.73,91.44,0
