core_temp_c,power_density_mw_mm2,thermal_resistance,leakage_current_ua,clock_freq_ghz,vdd_mv,ir_drop_mv,thermal_gradient,label
62.151,112.296,0.423,902.763,2.957,938.561,22.319,15.271,0
83.611,115.948,0.396,911.104,3.328,935.912,22.605,11.301,0
77.633,140.627,0.476,909.489,3.123,950.443,19.228,14.198,0
68.669,119.396,0.376,831.676,3.002,930.187,20.078,13.22,0
76.668,108.147,0.384,878.178,3.608,951.332,27.17,12.249,0
84.694,100.966,0.411,940.251,3.142,928.691,16.335,8.444,0
81.173,139.944,0.424,925.284,3.377,952.714,13.828,11.579,0
79.664,125.92,0.483,954.829,3.209,929.162,20.678,11.876,0
75.979,153.469,0.482,842.241,3.23,920.251,18.803,13.22,0
55.84,132.618,0.432,966.123,3.236,979.245,17.658,11.891,0
63.145,147.681,0.436,950.535,3.367,959.636,17.401,8.84,0
67.862,143.774,0.535,919.793,3.54,951.345,14.37,7.758,0
66.03,105.226,0.476,922.75,3.053,957.068,20.885,10.536,0
76.439,116.71,0.445,907.734,3.271,984.802,18.096,7.725,0
72.782,95.557,0.44,771.584,3.238,912.697,26.041,13.055,0
84.367,143.178,0.417,892.261,3.123,952.163,22.616,15.354,0
92.464,112.883,0.452,862.834,3.174,957.495,21.852,11.178,0
113.397,229.143,0.689,2285.946,3.287,1032.757,45.937,33.271,1
84.31,118.723,0.446,687.768,3.043,919.988,19.454,11.27,0
57.961,121.202,0.451,875.525,3.332,955.639,20.912,14.046,0
81.728,144.615,0.375,861.587,3.433,982.203,13.508,15.124,0
78.773,126.214,0.397,856.731,2.658,948.422,10.276,7.325,0
80.419,129.159,0.426,864.726,3.134,979.125,18.562,15.935,0
79.517,124.867,0.495,928.169,3.142,938.402,20.189,13.487,0
68.564,108.308,0.375,894.432,3.318,941.956,17.89,11.366,0
80.902,133.191,0.377,845.275,3.032,919.757,20.366,11.937,0
81.189,105.797,0.512,905.918,3.176,919.934,18.543,14.019,0
74.11,92.247,0.466,866.129,2.888,968.249,14.601,12.054,0
83.825,133.647,0.423,778.906,3.098,955.879,22.009,13.383,0
70.051,120.962,0.412,886.791,2.999,981.372,10.762,10.627,0
78.651,129.818,0.435,845.397,3.183,968.386,20.441,7.673,0
82.438,122.007,0.454,866.87,3.444,968.119,22.269,12.4,0
92.916,135.232,0.48,977.808,3.079,986.383,23.155,12.202,0
83.302,130.88,0.457,859.732,3.301,973.452,15.221,18.163,0
75.662,143.383,0.414,866.258,3.097,955.661,21.072,12.855,0
69.91,132.769,0.46,788.01,3.133,953.801,16.901,14.737,0
73.16,122.52,0.382,866.812,3.195,952.595,15.133,11.474,0
64.27,113.562,0.47,844.898,3.13,930.213,23.046,7.794,0
53.514,118.046,0.427,876.014,3.293,951.604,20.301,15.961,0
74.532,128.946,0.364,855.96,3.08,960.508,14.959,11.993,0
71.638,86.564,0.449,799.152,3.381,968.097,12.873,7.241,0
63.925,109.825,0.405,639.617,2.902,899.699,15.7,13.707,0
78.338,107.697,0.491,958.276,3.219,1003.097,22.924,8.955,0
70.993,126.128,0.525,959.361,3.654,879.866,24.245,15.531,0
80.582,110.941,0.395,936.243,3.023,945.433,22.633,13.542,0
80.945,128.844,0.458,823.284,3.208,936.785,15.938,12.592,0
71.765,129.933,0.517,900.945,3.149,936.842,17.297,10.244,0
61.342,119.407,0.455,832.755,3.334,981.851,19.555,12.885,0
63.717,133.383,0.415,878.973,3.352,936.376,10.963,15.759,0
88.3,67.986,0.442,866.852,3.187,959.975,19.438,1.65,0
74.146,118.886,0.42,844.151,3.005,944.376,21.643,6.7,0
76.114,137.937,0.378,753.095,3.064,943.593,17.346,9.703,0
69.991,121.052,0.47,729.112,3.08,930.882,9.744,8.486,0
65.971,107.344,0.46,880.472,2.775,982.656,16.436,16.203,0
84.744,117.891,0.47,859.924,3.523,950.03,23.347,9.444,0
83.283,106.118,0.496,790.533,3.273,907.309,18.333,15.973,0
69.324,108.331,0.445,773.751,2.966,921.5,24.085,10.499,0
75.11,127.829,0.445,721.593,3.31,901.003,27.438,13.24,0
60.606,89.905,0.39,839.076,3.188,905.289,16.619,12.821,0
73.047,118.948,0.484,807.518,2.894,926.617,27.341,9.594,0
65.489,132.753,0.455,933.275,3.144,928.743,19.906,11.877,0
76.321,103.049,0.437,911.256,3.466,986.205,17.08,9.604,0
75.631,96.522,0.474,826.196,3.152,979.289,17.993,9.439,0
93.149,192.286,0.603,3291.302,2.845,972.071,22.724,29.884,1
74.041,139.42,0.452,758.854,3.029,935.839,17.516,18.425,0
81.884,123.645,0.409,863.369,3.179,946.018,18.942,13.209,0
82.582,129.095,0.406,814.402,3.344,932.491,20.924,13.183,0
67.064,106.196,0.44,833.913,3.305,984.806,21.899,13.069,0
75.033,102.387,0.459,1093.026,3.3,989.415,18.507,7.095,0
73.895,106.133,0.527,850.55,3.15,981.521,19.009,12.591,0
70.121,127.67,0.448,815.963,3.386,921.578,23.493,14.771,0
79.254,112.073,0.363,730.375,3.152,919.369,21.31,15.312,0
55.123,126.43,0.336,693.216,3.305,1005.235,21.979,8.927,0
63.203,117.23,0.564,981.545,3.212,965.525,23.364,15.561,0
64.724,112.398,0.434,917.373,2.952,954.719,18.911,6.769,0
66.665,134.171,0.475,818.748,3.438,913.305,21.823,15.07,0
62.156,109.192,0.444,914.669,3.122,940.827,15.404,13.144,0
68.929,107.654,0.515,909.088,3.169,953.014,11.439,13.375,0
87.492,117.889,0.536,726.603,3.024,937.456,19.617,19.416,0
124.172,194.634,0.752,2007.686,3.184,1011.944,49.384,39.849,1
78.915,101.693,0.541,846.271,3.024,977.128,16.589,9.13,0
84.407,117.621,0.39,833.055,3.239,938.414,22.352,13.971,0
73.573,123.966,0.355,872.713,3.062,955.574,20.795,12.119,0
66.604,129.108,0.477,849.589,2.972,951.737,26.727,14.228,0
82.396,90.547,0.411,763.394,3.014,924.11,18.645,12.82,0
76.515,119.874,0.457,846.709,3.314,972.162,20.973,11.268,0
69.505,100.784,0.39,876.447,2.914,905.346,19.298,11.905,0
72.85,134.935,0.486,755.23,3.079,981.416,11.538,11.405,0
88.904,121.324,0.481,720.69,3.022,981.354,17.918,11.778,0
55.662,136.962,0.502,878.986,3.319,930.604,22.757,15.842,0
70.84,105.711,0.496,821.105,3.15,915.411,22.396,14.986,0
72.294,139.188,0.425,975.606,3.477,969.109,21.446,9.898,0
77.902,107.946,0.48,710.859,3.237,952.208,16.292,15.635,0
88.605,96.661,0.407,779.703,3.597,965.298,25.475,17.504,0
68.507,118.345,0.494,772.318,3.31,948.191,17.433,10.405,0
72.781,106.803,0.428,722.251,3.198,963.146,24.197,15.403,0
65.568,103.476,0.399,887.873,3.217,904.595,12.467,13.269,0
84.16,127.831,0.375,815.446,3.536,955.543,19.174,12.594,0
66.541,143.929,0.392,903.593,3.165,979.95,26.847,13.553,0
93.591,125.832,0.46,753.341,3.189,928.368,7.575,8.763,0
64.951,139.813,0.488,764.953,3.612,972.719,23.622,14.267,0
76.628,127.186,0.454,816.621,3.393,943.193,11.188,18.584,0
83.82,98.729,0.484,734.683,3.24,956.411,19.516,10.316,0
81.845,131.81,0.494,715.094,3.084,932.956,15.264,12.006,0
69.131,124.35,0.414,989.296,2.693,955.79,21.348,12.87,0
57.227,117.512,0.421,912.978,3.187,917.787,11.756,12.024,0
66.885,115.872,0.43,812.22,3.554,938.845,16.546,15.824,0
69.063,139.274,0.511,823.004,2.902,1023.354,18.054,10.446,0
92.158,140.522,0.445,787.372,3.685,963.121,19.1,11.901,0
91.543,134.254,0.475,865.466,3.452,906.583,8.733,12.735,0
77.912,113.696,0.47,905.149,3.315,956.477,24.945,12.622,0
82.589,136.074,0.455,1064.035,3.069,948.589,20.734,14.34,0
57.383,112.428,0.455,960.527,3.443,978.927,21.922,10.659,0
57.086,111.113,0.397,864.652,3.147,906.824,21.331,9.561,0
79.199,93.111,0.38,791.772,3.246,957.516,25.523,17.323,0
78.051,145.707,0.565,859.168,3.244,949.417,22.721,7.612,0
75.561,123.007,0.479,886.139,3.575,957.976,18.349,11.168,0
88.969,138.46,0.432,960.497,3.214,913.384,15.984,10.799,0
70.421,131.034,0.482,711.315,3.464,928.299,21.013,6.657,0
79.084,108.172,0.466,984.702,3.271,958.84,12.697,12.996,0
73.823,140.05,0.481,902.873,3.275,972.646,24.459,15.477,0
74.772,153.057,0.44,959.294,3.03,967.969,17.197,8.593,0
69.88,127.567,0.453,991.58,3.265,898.204,17.653,13.462,0
75.374,108.175,0.465,844.178,3.011,932.965,8.094,10.006,0
67.921,99.766,0.483,946.443,3.07,966.122,18.854,12.878,0
69.074,106.485,0.42,839.975,3.773,955.143,27.324,13.034,0
72.193,129.098,0.401,809.662,3.07,954.324,18.138,15.438,0
74.125,100.595,0.445,844.393,3.253,945.299,20.332,5.658,0
82.519,127.75,0.441,724.668,3.284,908.483,18.741,6.309,0
80.291,116.072,0.466,735.926,2.802,910.858,14.179,17.908,0
75.685,113.615,0.522,933.158,2.985,957.385,21.309,16.075,0
74.275,133.775,0.541,915.017,3.419,927.521,17.047,15.706,0
76.846,112.22,0.451,917.339,3.239,969.329,18.354,15.961,0
73.003,120.306,0.486,821.584,3.499,924.867,20.362,12.927,0
51.448,131.883,0.429,904.452,3.21,926.236,10.529,13.545,0
69.914,122.807,0.396,847.394,3.386,974.286,17.14,11.563,0
89.858,107.431,0.43,822.815,3.337,917.032,25.222,14.824,0
65.97,136.702,0.413,865.549,3.151,998.629,18.343,15.65,0
83.362,110.616,0.435,886.236,3.129,939.686,23.037,14.106,0
86.196,119.562,0.474,787.971,3.117,961.239,18.903,14.034,0
76.93,131.707,0.476,898.046,3.107,917.166,21.115,14.3,0
63.987,137.073,0.456,828.804,3.305,922.756,13.164,15.691,0
68.805,93.713,0.469,751.461,3.369,989.304,15.134,11.326,0
58.738,124.639,0.532,668.952,3.489,928.094,10.392,14.049,0
63.668,135.733,0.348,877.307,3.044,952.227,22.538,13.83,0
75.307,110.293,0.535,856.011,3.383,970.817,17.895,15.437,0
75.869,121.067,0.509,725.552,3.297,957.397,16.343,12.753,0
77.455,129.854,0.362,810.144,3.671,973.795,13.996,8.356,0
99.951,218.783,0.599,4015.677,3.075,970.81,29.23,16.534,1
63.032,122.095,0.395,836.787,3.23,872.54,20.771,14.148,0
71.112,111.939,0.584,808.23,3.264,976.03,27.587,9.544,0
81.233,132.375,0.47,786.81,3.297,959.604,23.684,9.155,0
85.6,133.894,0.42,757.931,3.061,971.52,12.54,10.761,0
80.864,146.048,0.519,799.141,2.877,940.797,19.749,12.292,0
79.059,130.005,0.51,894.195,3.156,937.031,22.041,10.69,0
81.812,108.311,0.466,930.976,3.302,944.685,23.215,12.191,0
74.456,121.349,0.441,928.432,3.398,965.922,16.258,13.477,0
68.285,113.824,0.356,872.323,2.899,953.322,11.777,7.986,0
66.325,86.822,0.393,882.984,2.976,977.635,23.715,4.553,0
95.917,115.657,0.413,913.926,3.268,960.104,19.536,11.366,0
69.378,121.962,0.39,829.503,3.2,987.964,21.149,12.34,0
54.485,116.241,0.452,898.095,3.207,935.929,22.182,10.102,0
82.009,120.331,0.524,892.311,3.357,954.085,18.251,12.883,0
75.791,120.419,0.424,762.431,3.49,930.592,27.842,11.218,0
72.64,111.865,0.472,792.845,3.134,980.127,14.837,15.067,0
80.9,120.979,0.421,829.736,2.92,940.299,18.053,11.386,0
83.303,137.062,0.474,839.749,3.064,947.56,16.102,8.893,0
69.29,126.651,0.342,808.722,3.356,953.33,18.585,8.742,0
71.967,126.068,0.483,907.157,3.09,929.209,17.487,12.595,0
81.822,130.519,0.508,853.108,3.479,935.838,23.124,12.983,0
75.22,97.521,0.423,819.993,3.212,881.828,13.93,11.282,0
78.885,103.604,0.428,748.729,3.223,962.107,18.342,16.306,0
67.475,123.875,0.473,812.596,3.322,968.248,19.928,8.288,0
69.518,131.054,0.489,840.384,2.918,971.396,13.678,14.127,0
107.856,137.786,0.631,4381.138,2.845,967.874,26.357,31.623,1
71.206,122.189,0.391,882.184,3.173,933.45,24.687,14.81,0
90.692,128.599,0.528,874.837,3.128,1004.893,19.235,11.004,0
74.287,144.933,0.482,1171.077,3.1,942.15,73.68,35.629,1
83.042,169.076,0.518,1130.716,2.917,848.679,78.157,21.458,1
70.88,124.579,0.468,936.721,3.132,968.86,16.205,12.12,0
90.116,114.407,0.405,1010.024,3.058,958.092,22.009,11.218,0
73.194,113.289,0.485,965.755,3.333,901.777,17.31,18.236,0
75.857,116.214,0.486,901.14,3.297,900.281,21.163,10.339,0
77.322,111.114,0.46,890.29,3.065,949.708,22.901,13.195,0
81.734,121.714,0.333,830.071,3.133,939.332,23.361,8.141,0
80.805,141.593,0.454,956.17,3.215,955.407,20.772,18.671,0
89.85,115.595,0.397,974.751,2.843,951.06,11.62,14.635,0
70.102,147.346,0.403,774.666,2.896,956.054,18.965,9.359,0
62.537,126.059,0.442,832.254,3.234,969.371,20.331,11.576,0
67.726,111.767,0.416,872.78,3.13,969.198,14.525,18.215,0
68.165,142.314,0.412,910.304,3.572,936.576,16.964,16.385,0
74.94,105.022,0.356,1001.959,3.429,1002.19,19.694,13.883,0
79.943,148.825,0.489,759.314,3.193,980.509,19.602,14.704,0
71.962,152.506,0.472,911.954,3.184,949.786,14.682,12.146,0
77.518,123.942,0.481,909.139,2.874,972.809,14.916,13.351,0
71.249,143.046,0.397,691.337,3.363,983.411,14.626,7.902,0
80.683,127.799,0.467,794.056,3.097,951.304,17.966,14.696,0
72.365,117.771,0.587,912.707,2.751,940.595,21.998,11.361,0
51.458,145.89,0.391,861.474,3.307,1016.759,17.218,13.282,0
60.022,116.281,0.381,812.814,3.123,984.458,12.419,12.153,0
72.982,102.844,0.359,897.174,3.275,933.8,12.808,14.655,0
78.812,106.641,0.459,772.302,3.45,937.89,8.996,16.423,0
66.495,124.29,0.503,908.724,3.576,982.036,15.718,12.74,0
58.171,105.887,0.421,770.915,2.964,962.878,15.694,10.105,0
82.492,127.317,0.434,886.722,3.13,915.839,17.235,8.679,0
68.388,101.326,0.439,780.17,3.203,914.333,16.136,13.63,0
65.027,110.811,0.543,727.941,3.762,927.407,18.865,15.785,0
70.361,93.434,0.568,791.629,3.535,962.532,19.701,13.654,0
63.611,88.887,0.485,813.411,2.896,955.572,11.72,9.783,0
61.355,137.008,0.416,934.372,3.008,986.374,16.348,13.853,0
71.825,97.234,0.483,783.074,3.381,996.247,15.44,11.542,0
63.955,109.235,0.367,850.802,3.088,966.979,19.825,13.699,0
76.304,127.348,0.526,890.856,3.109,918.669,13.986,10.666,0
81.778,122.129,0.451,977.49,3.248,989.016,11.376,11.843,0
80.158,119.461,0.497,949.294,3.31,958.29,11.34,11.223,0
71.657,109.062,0.537,836.792,3.18,964.98,15.438,12.87,0
81.047,121.635,0.509,794.381,2.856,936.488,25.75,10.465,0
84.297,128.856,0.52,847.429,3.304,976.301,21.383,11.662,0
71.527,134.108,0.503,909.148,3.603,956.852,18.912,12.706,0
62.791,113.802,0.461,805.693,3.513,925.016,15.42,11.482,0
87.16,131.027,0.405,862.256,3.044,940.723,15.77,12.965,0
69.78,111.571,0.434,972.887,2.844,930.575,11.434,10.184,0
71.985,112.592,0.402,769.223,3.568,994.872,17.568,13.26,0
66.261,128.033,0.438,738.498,3.159,999.115,17.426,10.489,0
67.823,105.016,0.512,817.685,3.258,925.172,23.44,16.08,0
68.589,128.984,0.44,906.185,3.297,930.249,22.465,11.105,0
75.806,120.989,0.489,927.395,3.438,928.813,24.795,15.715,0
68.163,146.185,0.478,825.053,3.276,948.665,21.356,15.947,0
76.791,155.631,0.488,685.857,3.484,947.653,19.31,11.829,0
103.471,151.041,0.681,3656.717,2.802,955.98,23.189,34.211,1
76.18,119.073,0.436,886.581,2.981,976.581,25.19,11.597,0
79.832,113.4,0.4,705.49,2.964,962.196,22.886,11.137,0
62.89,130.567,0.439,946.922,2.88,937.017,21.355,10.553,0
81.232,140.471,0.444,860.936,2.888,958.783,13.875,14.212,0
69.632,118.754,0.45,1000.286,3.187,932.208,21.189,8.096,0
66.674,84.252,0.528,900.376,3.161,949.712,12.234,13.456,0
63.101,116.365,0.477,889.522,3.363,964.093,17.919,9.339,0
67.031,120.56,0.352,757.582,3.255,955.017,19.207,8.191,0
86.679,113.632,0.473,711.994,2.908,929.09,7.197,9.565,0
80.217,122.786,0.468,765.846,3.318,929.029,15.786,14.764,0
86.963,113.672,0.472,822.133,3.276,957.225,12.61,12.348,0
72.075,140.193,0.464,962.233,3.224,936.143,23.759,8.508,0
71.636,104.24,0.333,969.585,3.617,912.098,23.497,7.509,0
72.991,118.623,0.545,860.559,3.308,902.42,10.383,10.527,0
82.938,142.518,0.496,901.193,2.759,913.914,20.03,10.933,0
74.044,134.202,0.411,841.775,2.885,950.317,25.987,12.594,0
59.777,144.113,0.399,918.156,3.227,955.21,16.902,11.015,0
85.124,109.675,0.496,911.893,3.045,892.717,17.735,14.794,0
71.829,105.091,0.484,724.872,3.119,973.655,23.086,13.597,0
75.621,123.922,0.456,874.195,3.238,942.984,20.855,13.084,0
60.353,136.25,0.423,858.937,3.097,942.819,14.29,11.618,0
66.616,114.883,0.52,815.723,3.121,936.182,12.586,14.383,0
72.953,116.763,0.448,897.158,3.146,947.964,18.065,9.341,0
65.847,97.587,0.41,899.69,3.315,936.532,12.009,12.624,0
77.739,120.757,0.448,833.997,3.209,961.698,16.387,12.08,0
73.346,112.996,0.474,831.853,3.079,964.499,24.83,9.335,0
78.314,121.732,0.466,833.326,3.235,988.444,10.94,18.993,0
84.015,118.168,0.393,988.634,3.216,947.661,15.87,6.386,0
81.664,118.557,0.451,830.393,2.902,899.717,20.38,9.165,0
73.672,105.23,0.47,987.952,2.925,923.885,14.776,7.502,0
82.702,104.074,0.415,928.551,3.01,964.722,20.525,10.352,0
81.377,108.738,0.372,884.69,3.113,926.527,20.777,10.906,0
79.566,134.855,0.38,799.224,2.696,905.042,21.475,10.928,0
68.3,139.918,0.412,775.059,2.986,951.779,15.024,10.435,0
80.186,118.904,0.455,897.624,3.159,964.965,16.715,15.672,0
87.553,112.948,0.435,955.709,2.873,916.508,13.264,8.846,0
83.747,107.877,0.422,898.509,3.47,901.483,15.443,14.245,0
77.487,133.461,0.446,847.549,3.242,941.056,20.252,12.612,0
64.152,99.896,0.451,778.525,3.286,968.525,23.227,19.33,0
67.037,88.706,0.526,878.165,2.879,903.842,20.414,11.15,0
66.352,114.631,0.501,900.657,3.16,899.928,18.004,10.834,0
63.872,97.245,0.421,827.223,3.375,969.053,20.373,8.43,0
75.59,130.497,0.459,879.221,3.443,958.171,18.257,11.163,0
73.506,130.22,0.532,893.556,3.202,980.946,18.065,13.316,0
95.074,121.105,0.427,952.46,3.179,902.298,21.433,7.816,0
80.575,130.877,0.421,942.074,3.242,919.716,22.113,19.619,0
76.594,109.26,0.403,871.442,3.452,933.392,15.532,10.598,0
82.577,128.792,0.465,891.356,3.306,963.25,29.364,7.571,0
65.731,130.162,0.464,947.695,3.501,941.276,16.535,7.131,0
63.619,130.708,0.445,720.33,3.083,973.414,22.162,16.104,0
73.66,113.424,0.382,959.514,3.337,965.903,13.875,11.155,0
63.743,118.278,0.499,650.439,3.2,952.882,18.874,9.943,0
84.217,135.026,0.518,808.836,3.151,959.145,13.602,14.362,0
74.365,124.011,0.352,792.513,2.931,966.931,20.556,18.253,0
72.7,109.972,0.482,1083.574,3.487,965.433,18.42,12.697,0
82.745,113.76,0.454,817.2,3.1,961.37,25.945,10.781,0
82.4,101.924,0.461,866.346,3.324,914.366,15.533,12.427,0
84.082,126.969,0.477,906.265,2.957,945.794,17.019,9.742,0
63.737,127.129,0.43,857.304,2.972,936.954,14.877,16.532,0
78.36,119.002,0.409,1029.508,3.258,936.786,17.173,9.969,0
52.23,130.006,0.434,904.943,3.227,981.21,26.128,14.531,0
75.812,133.141,0.52,881.004,3.362,931.311,13.028,13.526,0
62.882,96.389,0.385,701.628,3.262,960.302,12.693,12.826,0
76.87,120.559,0.374,740.828,2.573,947.627,15.969,6.699,0
71.984,119.76,0.424,782.615,3.396,966.095,24.39,10.621,0
67.528,107.812,0.449,931.35,2.948,945.521,18.661,14.001,0
74.964,140.811,0.465,897.998,3.347,996.795,24.754,12.623,0
76.161,124.738,0.405,845.131,3.102,962.891,20.002,15.026,0
67.361,126.549,0.412,704.527,3.486,946.498,13.479,13.973,0
87.377,108.692,0.404,854.993,3.267,941.24,14.184,15.626,0
89.488,125.999,0.417,889.897,2.957,963.589,18.23,9.33,0
80.222,129.043,0.439,861.368,2.994,916.948,19.68,9.397,0
73.106,123.9,0.502,856.507,3.279,981.178,21.6,9.057,0
72.829,101.564,0.444,815.742,2.817,978.682,25.233,11.136,0
74.682,125.959,0.54,938.395,3.38,936.948,14.096,17.002,0
79.731,113.093,0.407,767.092,2.909,943.034,13.574,14.824,0
69.709,127.961,0.446,702.201,3.479,942.427,13.619,11.432,0
74.86,126.839,0.439,810.979,3.448,959.628,17.46,14.629,0
77.623,122.402,0.513,1004.713,3.087,945.272,21.281,6.591,0
68.097,93.819,0.508,812.064,3.313,932.705,19.726,9.559,0
70.353,120.903,0.36,943.587,2.857,936.351,16.609,9.807,0
75.812,105.815,0.446,778.076,3.391,948.168,20.443,10.341,0
72.036,86.902,0.469,821.313,3.352,959.634,12.408,15.342,0
108.246,135.027,0.497,1250.521,3.244,880.328,83.554,29.314,1
69.424,129.754,0.439,742.578,3.13,981.336,12.692,19.254,0
92.426,131.71,0.532,893.979,3.184,919.738,19.313,14.855,0
78.517,109.596,0.589,827.722,3.887,949.842,19.598,11.42,0
62.966,133.16,0.412,747.962,2.891,961.302,20.825,12.242,0
81.213,147.566,0.435,848.603,3.378,965.274,13.943,9.763,0
72.96,119.867,0.505,979.737,3.158,948.956,18.077,12.135,0
72.149,132.641,0.393,836.362,2.735,937.218,8.747,12.941,0
71.743,103.688,0.452,817.231,3.29,964.456,19.245,9.276,0
89.467,91.573,0.432,894.607,3.554,898.396,24.039,9.705,0
73.322,109.099,0.458,851.389,3.253,933.223,13.344,11.352,0
64.641,119.451,0.489,770.718,3.003,937.348,15.999,13.988,0
68.365,148.706,0.494,788.665,3.17,957.547,16.717,14.317,0
65.995,117.973,0.44,893.495,3.322,925.249,21.228,12.506,0
82.405,90.756,0.466,840.871,3.124,981.934,17.37,6.738,0
115.842,197.256,0.714,2442.197,2.502,1076.12,52.401,42.893,1
73.763,91.495,0.392,965.14,3.218,905.422,14.682,15.779,0
76.559,100.091,0.389,821.058,3.021,965.254,11.839,14.935,0
83.621,105.435,0.478,913.198,3.235,968.028,13.178,9.096,0
117.91,202.484,0.787,2323.837,3.09,972.331,44.796,37.857,1
75.214,120.465,0.481,923.343,2.981,929.104,12.294,6.716,0
82.025,148.385,0.447,935.595,3.298,949.607,17.124,10.692,0
78.024,97.834,0.406,727.887,2.972,1001.339,10.414,12.139,0
62.294,120.285,0.419,749.196,3.179,948.385,13.28,6.082,0
83.045,159.065,0.429,844.166,3.224,981.274,16.228,10.553,0
72.084,105.45,0.52,984.371,3.321,930.485,21.933,10.609,0
70.106,102.885,0.462,703.795,3.139,944.44,19.568,14.434,0
84.109,119.799,0.474,676.272,3.207,955.846,13.074,4.392,0
81.666,116.502,0.419,1015.29,3.113,969.525,19.418,9.986,0
64.925,140.75,0.486,955.415,3.414,978.961,16.183,13.214,0
63.574,121.208,0.528,845.226,2.922,956.181,15.046,10.377,0
73.486,114.29,0.498,765.193,3.215,950.135,20.143,9.438,0
69.668,123.522,0.478,844.314,3.01,935.955,20.101,8.647,0
99.711,102.896,0.45,884.884,3.407,972.03,16.191,6.481,0
77.537,160.547,0.466,887.233,3.045,906.726,15.762,11.044,0
78.627,123.54,0.498,907.76,3.337,921.266,12.864,15.559,0
77.194,133.341,0.466,780.12,3.036,912.153,20.914,14.318,0
60.804,110.651,0.451,861.292,3.163,954.037,16.586,12.492,0
75.356,109.003,0.461,838.094,2.763,938.266,19.726,17.025,0
61.039,139.502,0.402,900.746,3.48,956.839,19.058,11.379,0
72.361,109.745,0.493,746.561,2.889,972.22,26.133,11.864,0
85.386,100.202,0.466,832.166,3.233,947.923,27.789,9.26,0
89.582,135.414,0.41,830.831,3.086,980.759,23.688,10.632,0
76.829,108.377,0.474,868.248,3.054,959.962,15.012,9.65,0
64.332,143.987,0.44,853.884,3.297,938.614,27.146,10.799,0
69.643,96.151,0.444,909.22,2.838,947.586,17.857,10.96,0
86.154,130.412,0.415,704.579,3.534,990.331,18.93,13.516,0
76.749,97.32,0.408,845.308,2.961,994.724,21.758,9.545,0
70.255,125.824,0.473,889.315,2.968,940.492,14.374,11.267,0
88.471,159.475,0.486,968.187,2.632,860.405,67.32,22.082,1
72.69,180.334,0.5,1123.591,2.722,877.432,57.727,21.892,1
76.854,153.249,0.528,999.283,3.336,951.551,17.687,13.102,0
70.55,128.535,0.408,739.87,3.172,943.969,20.689,18.959,0
113.458,234.499,0.617,1872.337,2.668,1034.159,42.591,35.671,1
72.004,119.664,0.532,893.174,2.935,934.683,16.045,15.694,0
64.256,131.368,0.458,862.404,3.454,946.344,19.3,8.388,0
81.162,109.722,0.394,795.962,3.152,937.762,17.781,12.361,0
82.303,141.374,0.532,894.523,3.325,953.43,14.445,11.664,0
68.524,128.242,0.425,839.315,2.951,937.335,10.947,14.996,0
73.338,118.359,0.452,889.162,2.854,924.703,18.963,14.086,0
74.732,116.072,0.433,960.22,3.504,990.875,20.408,12.559,0
69.469,145.089,0.501,791.208,3.213,937.778,16.787,7.314,0
88.27,139.308,0.454,826.843,3.144,945.895,22.69,11.847,0
77.237,122.335,0.473,795.161,3.247,939.699,17.729,12.472,0
66.247,135.97,0.466,946.8,3.093,952.6,17.265,8.338,0
69.729,128.864,0.472,869.225,2.988,970.833,23.338,12.983,0
83.325,123.791,0.486,868.54,3.196,906.953,20.457,15.704,0
78.071,101.081,0.475,878.271,3.301,965.405,19.9,14.189,0
76.154,137.238,0.417,792.342,3.311,949.079,16.646,13.832,0
74.782,95.241,0.386,842.288,3.195,961.65,22.093,11.055,0
64.117,88.003,0.411,693.621,2.964,923.678,21.099,7.086,0
84.53,106.089,0.46,849.689,3.332,966.378,20.481,13.569,0
74.652,131.196,0.566,861.853,3.457,916.771,23.21,9.873,0
80.697,113.827,0.404,804.345,3.261,906.287,21.488,12.059,0
80.873,139.242,0.502,816.822,2.868,943.091,20.663,5.32,0
71.059,121.958,0.449,995.169,3.128,928.766,14.515,12.259,0
104.799,178.989,0.609,3540.013,2.902,997.616,33.149,28.766,1
60.875,130.173,0.444,920.46,3.577,965.789,18.705,15.026,0
74.824,92.301,0.333,776.012,3.092,924.994,11.84,10.521,0
74.653,131.911,0.459,845.332,2.708,952.88,15.449,13.734,0
81.153,136.661,0.495,832.582,3.096,929.797,17.799,17.056,0
96.945,121.42,0.446,873.861,3.128,925.065,19.277,12.162,0
82.237,118.077,0.451,879.835,3.119,910.01,12.594,13.451,0
80.673,134.606,0.544,847.825,2.963,987.038,18.231,10.519,0
90.775,112.426,0.467,839.376,2.929,923.823,14.846,13.491,0
72.129,128.432,0.523,781.7,3.324,931.751,18.839,10.702,0
79.63,99.15,0.375,916.613,2.849,938.18,13.215,9.145,0
84.168,110.558,0.408,857.198,2.759,968.394,10.326,15.576,0
78.705,100.12,0.51,879.887,3.14,925.031,18.84,14.821,0
78.106,107.145,0.413,815.385,2.959,923.521,23.666,6.127,0
87.747,136.322,0.432,914.834,3.281,960.867,11.581,14.614,0
66.3,105.696,0.487,752.37,3.257,932.569,21.052,10.062,0
116.091,212.008,0.798,2372.827,2.827,1026.996,45.306,44.645,1
79.488,116.193,0.413,920.996,2.897,976.534,23.229,17.257,0
67.599,123.648,0.382,858.687,3.348,919.828,15.38,15.772,0
88.069,107.482,0.452,939.581,3.155,957.379,18.552,16.416,0
76.626,107.713,0.449,966.864,3.227,912.175,18.913,11.639,0
69.479,128.201,0.447,884.143,3.667,912.51,15.943,11.165,0
73.465,137.418,0.465,813.034,2.994,974.821,17.281,9.238,0
88.736,117.013,0.484,823.716,2.875,972.17,14.511,10.092,0
76.258,135.186,0.433,780.51,3.552,964.068,16.438,8.861,0
80.963,106.362,0.485,882.713,3.434,912.775,20.891,9.527,0
76.01,128.06,0.397,837.336,3.004,961.025,11.193,5.873,0
74.211,131.635,0.427,810.236,3.483,927.463,20.649,13.392,0
74.459,120.17,0.526,792.854,3.341,963.05,14.53,10.719,0
67.604,109.085,0.425,879.43,3.315,933.281,17.255,6.806,0
85.725,87.151,0.529,875.536,3.153,980.257,15.98,9.307,0
74.035,102.934,0.519,821.959,3.13,976.005,16.275,11.718,0
88.508,124.871,0.52,920.146,3.269,987.323,16.766,14.755,0
111.703,176.638,0.678,3729.794,2.631,996.608,18.416,24.634,1
77.153,131.383,0.455,851.8,3.018,950.872,16.661,12.979,0
81.265,79.92,0.435,771.58,3.156,922.248,16.239,12.904,0
73.128,101.282,0.445,836.771,3.426,933.842,15.119,7.738,0
80.066,127.679,0.481,981.804,3.091,928.792,18.858,9.485,0
64.162,148.443,0.416,886.373,3.233,950.011,19.9,12.305,0
113.958,175.286,0.56,3492.342,3.07,988.375,19.869,27.379,1
66.323,115.084,0.472,768.571,3.517,1008.584,18.575,16.683,0
67.339,122.408,0.434,763.014,3.114,945.199,15.496,12.813,0
78.569,113.505,0.414,820.493,3.473,982.503,12.565,14.418,0
66.147,111.756,0.383,883.055,2.936,936.465,20.154,9.231,0
88.369,115.185,0.493,920.192,3.208,971.533,8.859,13.978,0
87.456,95.611,0.416,919.221,3.187,954.081,19.163,13.323,0
79.319,128.734,0.482,702.087,3.29,958.061,21.021,14.89,0
76.115,80.285,0.501,712.082,2.823,964.151,18.678,9.373,0
72.374,130.197,0.529,753.605,3.033,949.807,11.696,8.085,0
84.708,141.322,0.398,946.101,3.42,933.7,10.846,9.491,0
80.324,114.886,0.427,926.441,3.288,931.009,16.277,14.818,0
94.262,126.113,0.477,863.489,3.246,975.561,11.723,14.419,0
60.335,106.411,0.488,747.301,3.237,905.254,19.85,14.206,0
71.912,136.126,0.454,958.301,3.502,939.735,26.635,12.109,0
79.121,122.012,0.443,878.787,2.801,956.655,21.098,8.082,0
69.101,106.332,0.514,947.499,3.188,938.339,15.408,11.419,0
86.228,103.669,0.468,906.649,3.141,933.013,17.368,11.815,0
68.069,114.288,0.441,1109.692,3.396,955.98,15.192,18.672,0
67.283,106.599,0.407,753.606,3.271,988.482,18.222,8.084,0
77.899,100.676,0.456,616.728,3.391,998.57,9.864,11.623,0
69.368,150.992,0.473,875.65,3.229,912.004,16.633,12.231,0
63.098,119.07,0.516,866.317,3.228,923.382,18.674,14.073,0
82.572,102.049,0.436,888.059,3.146,917.902,18.969,15.107,0
90.439,113.505,0.501,965.334,3.078,963.857,24.567,11.54,0
76.871,118.197,0.428,829.029,3.302,921.105,13.7,9.091,0
77.662,133.077,0.432,697.98,3.234,953.255,17.744,13.19,0
75.311,122.891,0.364,997.477,3.103,917.614,18.872,10.779,0
64.648,108.553,0.42,835.109,3.27,945.4,24.769,9.065,0
73.59,113.393,0.325,889.886,3.168,977.09,12.409,12.763,0
75.245,104.751,0.431,865.764,3.175,934.476,23.572,15.048,0
79.561,136.574,0.393,929.035,3.363,928.595,24.094,10.175,0
73.735,130.662,0.489,920.933,3.342,1009.991,16.382,11.266,0
72.673,112.562,0.465,851.92,3.433,912.594,21.36,10.446,0
99.493,111.055,0.501,1040.011,3.438,908.983,21.329,9.326,0
82.802,131.776,0.452,831.168,3.309,1000.285,17.162,11.015,0
70.014,131.544,0.358,817.698,2.913,959.295,20.77,17.747,0
76.207,116.637,0.408,807.431,2.984,943.387,21.832,9.653,0
113.601,204.987,0.693,2195.753,3.023,1035.949,60.617,37.656,1
71.248,112.228,0.404,978.589,3.162,941.583,21.501,17.048,0
78.769,120.175,0.466,876.842,3.067,965.544,24.1,11.616,0
75.202,92.947,0.398,808.854,3.345,961.064,24.949,11.043,0
64.712,111.859,0.303,749.859,3.334,948.618,21.15,14.668,0
75.449,119.992,0.449,835.015,3.451,961.34,16.206,11.23,0
68.703,108.53,0.415,898.414,3.306,947.35,16.236,12.819,0
74.139,118.425,0.443,996.961,3.334,971.43,20.24,9.408,0
81.395,120.77,0.39,861.205,3.622,923.265,16.96,13.37,0
72.041,147.682,0.396,911.93,3.386,974.605,28.316,4.89,0
70.855,120.331,0.508,877.344,3.401,933.791,18.509,13.772,0
73.723,99.024,0.397,946.058,3.266,942.13,18.457,9.587,0
73.499,99.984,0.368,951.721,3.066,977.568,21.058,9.989,0
80.514,145.514,0.372,906.944,2.899,916.239,17.975,11.441,0
68.42,128.677,0.418,919.937,3.062,902.994,14.131,12.912,0
78.265,137.642,0.539,834.966,3.305,975.415,15.073,19.554,0
86.563,122.342,0.436,842.753,2.918,902.641,15.765,12.368,0
89.133,144.129,0.415,910.578,3.069,929.404,21.079,10.5,0
82.944,132.253,0.467,782.496,3.192,987.385,18.114,14.184,0
74.64,117.791,0.449,889.757,3.163,972.788,23.032,9.713,0
80.609,125.033,0.452,931.795,3.027,903.694,15.879,10.775,0
57.996,121.473,0.48,733.075,3.311,914.345,18.035,12.715,0
69.651,100.311,0.381,800.355,3.202,931.02,20.2,16.609,0
84.377,117.945,0.474,675.769,3.332,925.381,23.197,19.924,0
86.95,125.825,0.39,901.826,3.386,962.54,16.903,14.085,0
89.612,103.306,0.474,943.526,3.57,937.651,8.7,10.081,0
76.808,102.55,0.454,905.117,3.049,878.018,10.421,12.263,0
84.845,105.824,0.473,909.667,3.323,960.249,19.024,21.901,0
71.829,125.648,0.45,987.705,3.116,919.078,20.294,12.051,0
71.739,143.176,0.475,741.447,3.565,906.745,17.267,8.087,0
58.291,121.515,0.425,740.371,3.206,942.328,10.931,13.874,0
83.486,103.012,0.461,928.889,2.906,898.976,13.046,11.706,0
61.504,111.375,0.384,793.831,3.153,961.348,18.42,14.848,0
79.295,132.385,0.508,988.7,2.993,888.757,91.952,21.78,1
78.946,123.527,0.385,827.124,3.403,982.068,10.574,16.488,0
66.474,110.624,0.442,818.663,3.249,978.55,13.632,13.725,0
69.888,83.357,0.513,1060.239,2.988,976.579,23.952,8.885,0
64.819,107.412,0.43,918.75,3.092,900.345,23.138,9.759,0
83.666,117.679,0.405,841.158,3.137,953.192,14.52,5.837,0
82.146,126.503,0.477,841.032,3.058,942.805,18.046,11.889,0
74.642,102.25,0.384,964.589,3.109,986.693,21.373,13.34,0
72.409,114.182,0.459,889.437,3.114,965.622,20.135,14.114,0
85.774,120.821,0.328,830.861,3.304,953.359,12.79,19.446,0
72.397,119.921,0.467,825.79,3.451,952.395,21.641,10.386,0
73.529,133.763,0.434,1049.544,3.254,935.5,15.111,16.403,0
74.388,119.509,0.512,802.786,3.436,961.33,17.781,11.235,0
84.987,115.602,0.483,903.331,3.169,975.764,18.969,9.866,0
66.606,112.694,0.47,1084.389,2.881,965.184,17.135,11.104,0
79.467,113.526,0.371,976.317,3.195,956.578,22.768,9.232,0
95.215,131.809,0.451,1022.632,3.228,931.18,16.295,15.234,0
73.531,109.786,0.509,872.334,3.604,935.12,19.046,12.506,0
61.285,106.891,0.405,822.389,2.892,902.711,19.47,8.504,0
69.711,151.819,0.375,876.958,3.459,893.196,21.643,12.077,0
76.79,118.66,0.539,784.205,3.058,943.237,11.837,10.624,0
79.428,93.4,0.419,705.403,3.251,940.264,21.741,8.021,0
73.918,98.325,0.345,886.856,3.189,938.117,19.112,8.547,0
77.417,124.23,0.502,836.281,3.232,980.351,16.967,12.428,0
72.695,113.256,0.494,758.56,3.016,978.882,21.823,12.909,0
78.676,112.505,0.372,952.791,3.342,949.24,14.352,13.705,0
70.344,123.624,0.465,888.964,3.193,951.709,19.338,10.969,0
66.055,116.404,0.502,766.185,3.226,909.591,8.113,15.341,0
75.673,136.704,0.5,738.522,3.41,936.677,19.95,12.195,0
66.734,145.49,0.51,977.77,3.364,968.251,15.846,12.786,0
56.234,119.888,0.458,697.676,3.028,922.289,18.728,9.223,0
67.938,112.016,0.465,819.401,3.252,930.918,18.362,13.147,0
73.827,149.579,0.437,903.722,3.055,917.757,16.354,8.795,0
69.971,120.703,0.41,955.506,3.053,936.165,17.554,8.771,0
68.628,137.975,0.404,935.35,3.298,955.744,23.88,13.047,0
68.961,130.109,0.426,679.904,3.115,914.325,13.534,13.828,0
78.511,122.055,0.413,855.007,3.193,965.638,17.933,13.64,0
74.327,152.718,0.343,884.816,3.119,975.996,15.691,13.765,0
70.283,125.068,0.491,829.074,3.479,974.342,16.16,10.161,0
76.5,112.995,0.381,829.157,3.406,963.589,15.31,14.149,0
70.195,90.653,0.464,895.079,3.09,929.254,12.916,13.504,0
74.803,115.118,0.386,909.577,3.005,964.287,16.063,15.203,0
84.639,124.062,0.389,803.827,3.004,963.786,17.748,13.623,0
76.845,110.217,0.406,838.226,3.662,909.301,22.493,11.258,0
81.593,100.165,0.389,852.95,3.132,913.423,11.387,12.363,0
94.675,146.785,0.499,686.466,2.82,958.747,10.792,12.417,0
83.953,131.928,0.489,801.617,3.179,914.925,17.069,14.884,0
79.118,121.954,0.509,816.957,3.123,948.849,18.742,7.32,0
68.736,121.825,0.434,969.162,3.409,902.675,9.865,7.723,0
69.445,107.383,0.473,826.854,3.479,957.376,14.207,15.036,0
70.866,125.22,0.521,834.964,2.902,915.531,16.914,10.21,0
72.149,133.79,0.407,1010.538,3.362,948.236,16.636,15.233,0
53.786,116.694,0.444,788.26,3.248,978.169,20.993,11.416,0
70.3,106.989,0.445,845.664,2.884,954.174,12.854,8.922,0
83.842,144.306,0.455,798.581,3.007,972.09,15.794,7.261,0
77.51,144.094,0.539,896.357,3.243,942.146,15.752,11.629,0
76.601,113.753,0.455,945.87,3.247,919.602,21.41,8.752,0
75.41,110.299,0.413,918.202,3.337,910.809,16.24,12.101,0
88.861,134.385,0.448,904.547,3.371,970.331,15.967,7.592,0
78.489,110.505,0.493,856.104,3.223,972.589,15.611,9.724,0
77.223,141.184,0.479,908.066,3.177,976.045,19.47,13.509,0
71.517,110.802,0.385,840.222,3.324,949.242,19.395,5.369,0
76.483,107.03,0.45,764.897,3.347,933.769,22.408,12.878,0
66.03,133.63,0.506,918.527,3.349,970.599,15.743,9.615,0
83.139,111.184,0.399,851.321,3.381,920.263,11.324,11.097,0
73.687,150.377,0.529,785.4,3.138,964.386,19.257,11.199,0
73.198,125.693,0.355,814.121,2.865,956.19,21.631,15.433,0
71.806,112.17,0.356,776.874,3.264,945.236,14.201,8.434,0
81.556,132.124,0.468,749.295,3.024,907.744,18.286,13.224,0
122.353,230.815,0.827,2092.297,2.274,999.944,52.993,40.012,1
97.737,117.167,0.595,1011.045,3.306,957.219,20.743,14.636,0
78.791,140.416,0.432,805.114,3.334,941.745,19.071,10.211,0
88.69,131.155,0.423,787.606,3.204,934.89,8.447,4.989,0
67.434,128.23,0.447,836.167,3.16,982.016,17.623,13.002,0
69.767,105.26,0.445,795.994,3.349,923.399,23.131,15.661,0
74.661,125.998,0.428,973.787,3.105,866.815,12.116,16.512,0
83.346,140.108,0.394,926.04,3.13,928.586,7.644,11.572,0
79.152,108.611,0.444,936.591,3.482,949.841,16.464,11.347,0
57.317,108.039,0.414,845.679,3.14,938.516,22.974,11.606,0
61.111,137.557,0.457,867.378,3.516,995.178,16.915,11.09,0
64.153,112.386,0.387,788.893,3.268,944.258,21.011,13.87,0
70.306,136.355,0.469,798.674,3.276,1030.882,18.293,11.068,0
85.764,119.76,0.393,867.903,3.117,937.01,10.433,11.139,0
74.992,111.117,0.441,811.917,2.853,956.544,18.77,11.132,0
60.547,131.761,0.477,776.029,3.427,1016.326,25.493,13.305,0
81.627,87.154,0.395,853.553,3.267,960.263,16.736,9.39,0
79.59,137.069,0.406,930.157,2.926,919.4,21.528,12.173,0
72.338,108.484,0.398,819.931,3.317,954.941,15.603,11.073,0
85.67,125.027,0.448,889.465,3.236,945.1,20.707,11.451,0
82.007,126.563,0.439,799.632,3.179,970.776,19.064,17.633,0
56.837,146.852,0.481,862.184,2.989,909.457,19.513,14.177,0
79.328,118.259,0.49,880.177,2.771,951.899,16.206,7.558,0
77.295,132.86,0.44,825.127,3.272,949.886,18.802,5.01,0
78.023,108.663,0.515,692.652,3.111,969.084,24.907,13.579,0
75.509,98.237,0.488,716.25,3.038,940.042,17.143,9.151,0
72.468,115.292,0.488,706.508,2.764,940.257,17.661,8.854,0
100.795,201.874,0.606,3749.205,3.114,973.374,26.437,34.163,1
90.499,169.664,0.543,1190.447,2.93,891.834,87.083,20.567,1
71.113,116.17,0.415,807.777,2.915,963.972,17.997,8.917,0
71.316,122.079,0.447,726.448,3.39,950.248,26.48,20.318,0
79.945,121.28,0.471,932.635,3.083,940.825,24.684,8.81,0
85.494,143.43,0.483,769.782,3.467,947.672,22.424,11.858,0
82.164,83.005,0.448,936.704,3.136,932.591,21.332,10.628,0
88.228,92.303,0.398,1026.179,3.356,936.35,25.563,13.055,0
78.946,124.191,0.408,863.456,3.006,964.325,19.814,11.435,0
64.905,97.637,0.467,799.499,3.256,992.973,17.387,19.119,0
67.984,111.945,0.395,886.084,3.216,978.56,19.247,14.642,0
80.416,143.146,0.384,849.075,3.333,932.8,14.804,12.71,0
83.348,141.602,0.433,875.301,3.343,961.304,17.437,15.013,0
90.8,100.445,0.436,924.793,3.232,926.531,8.896,11.003,0
83.216,108.993,0.428,821.136,3.143,939.656,22.055,9.829,0
64.991,143.362,0.489,847.339,3.43,933.139,20.281,15.259,0
73.037,132.097,0.541,697.267,3.555,969.174,20.106,11.38,0
76.004,123.755,0.395,843.821,3.008,915.451,18.413,14.062,0
70.05,145.086,0.367,922.05,3.262,972.701,17.688,13.068,0
72.337,104.211,0.437,711.121,3.156,960.797,11.898,14.671,0
79.324,121.846,0.427,934.558,3.132,980.167,12.873,18.369,0
78.259,101.801,0.503,847.867,3.42,950.279,13.925,12.091,0
69.42,124.798,0.533,872.833,3.204,1002.613,15.599,11.866,0
107.378,208.019,0.67,2295.552,2.74,1050.705,51.722,36.304,1
86.425,137.234,0.445,1039.064,2.957,974.265,14.293,14.825,0
72.542,121.774,0.472,898.323,3.141,986.417,18.535,16.567,0
70.364,135.324,0.408,852.461,3.109,946.753,17.456,14.598,0
82.999,110.564,0.533,872.033,3.657,964.16,21.761,16.218,0
70.253,106.984,0.482,901.945,3.281,976.623,24.129,11.062,0
82.764,96.486,0.4,890.237,3.034,977.215,11.762,14.616,0
66.916,147.047,0.393,1018.027,3.17,911.481,12.321,10.395,0
84.864,107.208,0.487,836.801,3.039,952.052,19.83,16.834,0
75.455,140.582,0.424,841.545,3.258,948.106,11.196,17.11,0
83.942,108.004,0.321,841.933,3.247,941.277,10.903,12.772,0
70.635,108.157,0.506,808.821,2.786,946.153,18.697,9.986,0
95.589,129.538,0.506,792.804,3.165,964.67,15.396,15.066,0
65.665,116.059,0.405,766.852,2.965,922.886,18.56,15.847,0
70.614,118.787,0.523,918.473,3.233,961.547,17.457,10.997,0
79.458,135.284,0.445,734.495,3.2,937.618,12.707,9.716,0
68.802,131.559,0.482,827.367,3.026,942.249,21.916,12.246,0
82.099,108.212,0.56,843.263,3.444,944.547,14.997,14.464,0
124.947,245.428,0.704,2336.869,3.131,1033.852,43.088,37.974,1
73.93,117.06,0.397,883.245,3.429,944.755,19.414,7.271,0
91.307,133.881,0.47,757.714,3.49,953.449,16.149,17.586,0
62.14,125.643,0.432,857.527,3.192,948.571,24.383,12.654,0
80.564,136.239,0.439,865.287,3.167,901.428,22.587,10.359,0
83.358,122.13,0.46,841.743,3.257,937.802,25.386,15.101,0
94.581,116.738,0.436,920.85,3.384,983.859,12.175,10.208,0
72.594,116.296,0.527,823.657,3.005,925.433,23.689,6.919,0
65.234,108.728,0.417,882.419,3.228,927.836,22.51,12.976,0
78.483,127.937,0.51,788.186,3.29,980.674,20.865,6.336,0
75.117,97.147,0.401,906.379,3.088,912.168,16.507,13.565,0
86.568,107.894,0.434,731.137,3.223,938.619,18.596,6.35,0
67.976,132.897,0.444,861.539,3.295,985.291,16.582,13.114,0
71.644,122.127,0.477,766.319,3.511,952.357,16.142,8.468,0
64.126,125.467,0.475,952.952,2.962,928.384,13.465,10.671,0
57.003,132.615,0.436,868.156,3.52,966.013,12.893,12.521,0
79.419,123.102,0.394,940.62,3.434,974.69,11.406,15.655,0
94.245,128.623,0.468,1140.587,3.273,945.343,42.957,27.642,1
79.546,123.962,0.404,752.98,3.13,975.461,15.12,4.852,0
90.672,99.73,0.436,852.471,3.383,959.505,17.088,14.711,0
65.096,129.795,0.48,747.273,3.189,957.423,21.801,13.8,0
77.469,146.626,0.344,878.025,3.504,933.222,19.51,11.063,0
65.123,136.934,0.447,797.758,3.067,932.823,16.01,12.768,0
88.342,111.848,0.473,808.301,2.99,904.331,15.471,10.102,0
76.889,132.548,0.395,876.379,3.002,942.157,20.761,10.203,0
67.631,140.594,0.46,828.384,3.063,955.95,21.522,17.236,0
88.745,92.004,0.453,739.727,3.55,946.603,14.346,13.795,0
85.68,114.994,0.48,842.031,3.074,934.213,13.766,10.425,0
75.589,114.106,0.363,964.056,3.177,951.937,18.187,10.387,0
69.911,114.777,0.458,828.935,3.387,932.43,17.423,19.604,0
86.868,130.526,0.381,896.475,3.169,994.232,14.03,10.844,0
77.478,121.21,0.469,844.78,3.118,958.319,21.26,13.28,0
71.573,101.602,0.415,953.863,3.219,987.328,12.289,16.565,0
61.71,105.403,0.407,722.843,3.216,928.959,19.959,13.911,0
72.773,122.608,0.456,864.211,3.476,966.987,20.732,8.265,0
80.353,122.297,0.479,811.345,3.154,939.234,13.374,9.493,0
74.675,112.415,0.453,774.065,3.203,956.26,19.845,9.616,0
77.663,84.46,0.409,849.152,3.31,959.392,16.506,11.112,0
65.831,112.743,0.521,863.401,3.383,960.835,19.32,17.363,0
68.941,114.85,0.466,1010.274,3.318,933.776,13.048,12.001,0
65.253,108.305,0.412,763.344,3.331,912.774,17.52,11.353,0
111.601,227.608,0.658,2099.111,3.177,992.947,48.247,26.333,1
75.759,111.981,0.447,801.17,3.193,952.017,20.639,12.65,0
78.205,123.184,0.492,982.245,3.18,989.423,12.874,14.471,0
59.897,139.292,0.405,1042.544,3.57,938.361,19.147,11.143,0
112.057,191.752,0.525,3720.043,2.693,977.646,37.588,14.21,1
68.524,126.892,0.449,929.372,3.178,991.294,23.301,12.715,0
73.758,133.158,0.496,928.302,3.432,940.324,21.044,15.1,0
81.18,113.304,0.376,963.816,3.356,954.951,17.087,11.6,0
72.563,128.919,0.501,958.386,3.372,961.015,14.717,14.811,0
81.932,113.365,0.494,914.433,3.243,934.735,10.611,12.266,0
98.183,162.242,0.445,828.202,3.133,922.844,18.91,11.536,0
75.396,111.954,0.413,761.283,3.037,927.488,17.476,12.904,0
65.577,143.385,0.342,785.994,3.339,950.489,21.581,9.799,0
75.309,145.602,0.517,770.132,2.899,996.496,23.364,10.249,0
81.994,124.377,0.449,879.404,3.059,937.337,15.882,11.351,0
75.788,130.055,0.525,823.399,3.252,904.691,21.382,14.627,0
71.332,115.533,0.479,649.244,3.47,940.396,19.126,7.899,0
79.938,131.205,0.452,988.251,3.538,949.234,14.822,9.709,0
74.557,99.496,0.41,698.233,3.063,933.189,14.218,17.1,0
70.03,149.78,0.405,818.54,3.196,967.252,15.035,9.407,0
81.702,95.581,0.492,743.784,3.148,933.016,12.661,12.134,0
68.128,111.061,0.379,973.645,3.585,929.885,18.728,8.72,0
86.06,109.83,0.527,799.66,3.201,945.729,11.072,7.825,0
75.025,111.963,0.478,958.556,3.089,965.561,18.48,16.516,0
72.433,124.513,0.419,994.075,3.065,904.067,17.57,14.913,0
63.233,113.804,0.511,879.317,3.401,920.488,17.371,14.838,0
82.777,115.805,0.423,913.833,3.243,959.63,17.446,12.639,0
85.083,125.087,0.425,881.025,3.028,952.795,17.661,9.781,0
83.562,142.291,0.553,865.212,3.449,935.801,14.547,12.296,0
73.98,125.842,0.338,1000.289,2.945,955.287,18.923,11.89,0
63.148,147.34,0.468,924.948,3.55,957.312,25.703,18.709,0
75.777,103.309,0.364,836.94,3.309,935.202,14.09,8.334,0
88.063,98.942,0.437,811.189,3.151,966.563,23.395,13.795,0
74.564,143.87,0.467,867.784,3.152,983.494,14.934,10.406,0
76.754,128.009,0.319,856.037,3.285,979.295,16.674,14.336,0
71.697,133.129,0.475,664.574,3.093,986.827,18.138,12.188,0
75.161,136.546,0.42,991.474,3.476,964.514,18.81,11.996,0
79.861,112.853,0.405,977.584,3.323,949.996,19.9,13.433,0
68.188,125.704,0.427,745.247,3.25,938.374,21.899,16.139,0
74.923,139.475,0.475,911.606,3.217,982.757,19.064,17.057,0
83.329,129.793,0.51,933.795,3.545,955.751,17.261,12.249,0
59.29,117.285,0.458,931.925,3.06,942.218,17.334,10.008,0
82.772,114.636,0.393,815.796,3.154,962.157,16.339,14.023,0
78.843,118.537,0.483,712.618,3.277,945.477,21.477,11.625,0
69.625,123.722,0.483,885.857,3.162,913.717,13.808,12.676,0
75.273,88.816,0.507,1008.048,3.12,931.976,20.232,14.426,0
77.192,126.935,0.487,777.203,3.108,992.098,15.159,14.538,0
71.666,129.517,0.466,821.291,3.247,946.353,21.194,3.719,0
72.728,122.443,0.483,856.49,2.871,985.45,22.75,13.593,0
65.437,121.207,0.463,824.339,3.519,979.528,18.591,13.187,0
67.881,120.112,0.524,906.725,3.031,942.043,14.961,13.443,0
74.188,117.077,0.413,890.871,3.198,949.195,17.845,17.369,0
80.857,134.671,0.47,872.686,3.223,940.142,18.902,11.094,0
70.41,141.606,0.46,1017.165,3.044,949.433,17.343,9.854,0
80.717,123.239,0.493,739.188,3.365,981.318,19.081,13.731,0
68.521,131.488,0.434,804.636,3.153,952.292,20.896,7.052,0
74.418,127.911,0.43,870.849,3.705,952.805,17.746,7.964,0
81.921,129.868,0.457,1072.489,3.09,958.288,18.528,8.128,0
64.792,103.776,0.54,704.03,3.505,921.65,21.689,12.648,0
76.415,127.695,0.367,736.094,3.572,927.653,15.402,12.296,0
85.087,147.862,0.412,880.901,3.611,970.879,20.279,10.674,0
83.063,121.011,0.416,963.249,3.259,969.969,21.494,8.191,0
58.306,121.161,0.427,816.326,3.015,953.329,19.913,13.62,0
70.169,124.984,0.433,857.428,3.111,890.367,15.783,10.037,0
69.823,98.759,0.46,825.981,3.33,896.27,19.162,10.62,0
75.697,111.54,0.42,917.471,3.333,930.673,20.842,11.544,0
90.232,251.011,0.758,2257.699,2.619,996.769,58.092,35.113,1
80.678,123.304,0.479,790.171,2.887,910.225,14.617,8.41,0
68.307,131.241,0.43,980.414,3.222,904.988,18.167,9.943,0
70.763,117.939,0.364,881.319,3.302,935.783,10.732,10.04,0
70.58,110.231,0.476,791.044,2.962,901.576,14.948,9.948,0
87.138,133.89,0.438,967.079,3.398,952.305,12.529,10.867,0
67.885,104.92,0.512,962.033,3.289,968.646,22.487,13.523,0
80.31,102.728,0.358,899.5,3.238,955.898,11.859,11.496,0
67.429,115.449,0.491,878.032,2.895,936.158,18.172,12.054,0
68.67,131.878,0.512,850.702,3.382,950.789,18.839,11.437,0
80.648,117.149,0.366,821.991,3.227,952.633,22.323,11.958,0
81.613,155.852,0.397,852.708,2.966,953.525,13.436,15.864,0
77.222,131.161,0.436,897.167,3.268,974.934,16.664,7.8,0
86.541,126.812,0.502,865.878,3.447,939.9,16.903,13.887,0
74.666,124.433,0.478,891.025,3.174,978.884,22.676,13.079,0
64.563,118.766,0.457,856.845,3.163,997.771,9.441,11.605,0
89.079,126.657,0.501,846.92,3.371,948.449,12.871,7.452,0
77.856,150.384,0.458,783.493,3.065,968.56,19.863,10.393,0
69.512,117.34,0.459,851.09,3.361,963.478,18.265,10.445,0
87.246,111.631,0.424,764.324,3.253,951.105,21.417,12.644,0
78.26,131.226,0.322,738.936,3.273,961.328,19.125,10.023,0
81.002,121.032,0.474,855.701,3.321,958.257,18.503,11.482,0
56.169,116.749,0.482,809.61,3.34,984.949,18.56,13.492,0
81.789,101.613,0.499,895.306,3.513,949.827,20.253,10.713,0
76.416,122.934,0.533,844.701,3.219,929.727,20.204,11.439,0
77.718,101.069,0.496,817.54,3.631,937.996,20.365,14.975,0
72.876,140.706,0.541,902.588,2.834,966.249,22.312,11.858,0
73.321,116.056,0.469,803.88,2.878,969.822,21.871,10.282,0
69.422,131.617,0.435,783.605,2.866,983.754,16.178,8.997,0
86.326,145.867,0.442,871.248,3.394,929.586,13.176,7.062,0
79.963,132.955,0.495,643.847,3.296,954.747,20.451,8.869,0
80.595,124.224,0.517,926.177,3.368,984.98,10.585,12.769,0
81.149,101.776,0.428,823.358,3.358,954.684,15.448,12.211,0
76.76,110.783,0.377,947.692,3.23,937.592,14.953,8.284,0
81.407,104.517,0.472,816.181,3.341,952.787,16.942,10.795,0
78.435,84.018,0.532,862.315,3.415,955.281,19.611,13.424,0
80.479,97.289,0.407,859.169,3.246,935.525,18.877,13.405,0
79.65,104.004,0.501,854.29,3.269,923.401,15.294,18.148,0
67.309,106.078,0.539,877.517,2.966,976.652,20.966,16.11,0
76.437,135.293,0.532,924.974,3.123,944.7,16.184,12.238,0
76.233,117.145,0.482,830.534,3.41,974.445,9.109,11.379,0
80.744,87.651,0.446,944.363,3.05,954.714,20.636,17.999,0
81.938,122.224,0.44,795.011,3.271,966.767,20.382,18.534,0
76.448,131.814,0.519,968.513,3.515,966.983,16.588,13.08,0
82.184,160.884,0.407,888.708,2.969,957.716,8.336,15.862,0
66.386,108.805,0.486,872.319,2.997,966.756,18.455,12.608,0
66.538,97.468,0.473,881.778,2.819,906.424,17.303,13.419,0
70.821,135.992,0.427,898.448,3.254,947.941,18.565,11.062,0
79.751,130.311,0.474,819.832,3.41,919.882,12.044,11.991,0
84.721,129.014,0.422,895.677,3.08,971.658,15.401,9.806,0
94.535,101.831,0.394,889.485,3.328,939.727,12.922,11.898,0
70.367,109.546,0.489,832.311,3.278,947.381,24.581,10.802,0
72.073,115.852,0.475,795.164,2.747,941.003,10.978,10.008,0
77.924,123.499,0.493,878.203,3.122,931.206,22.398,14.925,0
80.172,142.982,0.441,948.78,3.295,941.623,10.235,10.222,0
57.727,111.708,0.494,765.437,3.417,990.386,18.05,13.567,0
78.846,122.957,0.434,751.808,3.415,952.662,18.189,9.261,0
71.425,129.019,0.455,849.914,2.83,954.53,8.479,13.982,0
77.216,106.189,0.513,911.714,3.181,943.243,10.708,13.102,0
75.098,129.026,0.425,795.536,3.352,903.546,28.32,7.703,0
71.556,127.215,0.38,700.248,3.12,949.786,14.699,10.314,0
80.822,111.625,0.429,763.898,3.228,973.984,20.024,16.269,0
74.758,119.439,0.422,838.976,2.856,928.016,16.812,11.946,0
76.625,142.578,0.452,918.76,3.119,980.829,10.563,16.162,0
63.418,124.87,0.385,833.924,3.054,932.859,20.294,19.906,0
74.052,135.672,0.444,834.728,3.514,936.326,17.797,11.616,0
66.657,111.656,0.492,828.997,3.198,994.775,19.304,3.946,0
82.498,117.631,0.364,846.258,3.127,961.29,20.398,8.365,0
67.41,113.865,0.457,781.049,2.85,979.24,17.905,9.695,0
75.618,107.742,0.43,786.615,3.177,971.358,15.238,13.19,0
80.839,162.694,0.546,1040.473,2.524,779.439,89.059,24.797,1
81.463,114.715,0.4,806.234,3.5,953.845,23.036,8.077,0
54.312,133.109,0.52,792.002,3.286,960.22,15.403,18.523,0
78.12,172.519,0.435,779.23,3.22,982.931,18.577,11.73,0
60.645,127.761,0.508,667.876,3.206,916.458,25.097,14.29,0
85.865,113.569,0.465,752.107,3.679,939.487,18.551,13.679,0
81.773,114.051,0.46,749.503,2.86,964.084,15.465,8.595,0
67.872,134.619,0.361,796.064,3.382,957.131,23.151,14.825,0
67.984,139.863,0.431,896.837,3.042,954.778,21.12,5.726,0
70.603,125.516,0.463,862.98,3.449,918.477,14.55,13.841,0
72.302,129.675,0.392,761.039,3.343,940.966,19.09,21.139,0
84.422,99.232,0.502,934.015,3.368,956.47,15.006,12.354,0
75.33,116.503,0.44,955.075,3.075,977.048,11.853,14.327,0
62.083,122.059,0.432,880.793,3.187,985.079,22.135,11.527,0
67.939,124.602,0.392,840.002,3.103,1014.882,22.413,12.892,0
67.702,107.799,0.487,882.815,2.973,962.708,20.784,12.08,0
82.251,128.281,0.479,870.263,2.982,946.429,15.013,11.959,0
77.759,120.808,0.494,796.684,3.247,977.311,18.783,10.977,0
84.28,113.892,0.401,714.173,3.173,960.969,16.358,9.487,0
79.529,136.271,0.452,856.203,3.463,971.782,16.645,11.099,0
85.164,122.174,0.435,897.132,3.078,909.208,17.7,14.575,0
76.682,121.955,0.494,803.144,3.005,970.102,18.408,9.659,0
78.904,116.957,0.511,799.037,3.34,989.643,19.821,8.471,0
69.717,111.26,0.396,922.296,3.136,913.59,14.952,10.789,0
71.52,120.2,0.445,828.035,3.464,1000.247,16.642,7.324,0
81.617,123.589,0.43,785.301,3.313,969.185,16.41,13.675,0
64.668,135.646,0.432,797.693,3.271,938.278,18.698,6.512,0
79.873,127.499,0.447,943.519,3.167,959.549,12.454,12.406,0
76.54,113.226,0.374,916.069,2.93,928.573,19.26,9.169,0
68.817,113.3,0.507,760.177,3.621,918.468,12.573,11.557,0
85.565,120.142,0.422,954.117,3.309,953.374,18.251,13.157,0
79.236,139.939,0.492,910.899,3.18,961.573,8.05,4.229,0
85.554,101.307,0.409,897.269,3.052,945.68,19.028,14.831,0
75.184,122.424,0.417,872.111,3.348,916.093,25.176,10.823,0
74.122,99.263,0.424,770.282,3.223,979.295,19.555,12.634,0
70.745,103.238,0.384,955.563,2.979,961.586,22.038,11.636,0
83.14,118.865,0.408,933.566,3.383,922.882,22.334,13.133,0
110.505,234.906,0.678,2289.991,2.298,1058.845,49.726,41.959,1
94.218,107.61,0.446,772.819,3.251,956.935,16.226,8.697,0
76.73,140.75,0.394,877.61,3.221,963.414,10.956,12.01,0
82.881,104.929,0.465,902.59,3.125,948.357,20.564,15.01,0
88.016,129.425,0.432,776.455,3.321,928.19,10.737,10.508,0
69.561,129.359,0.376,965.398,3.209,952.681,11.853,7.058,0
74.532,112.573,0.421,836.646,3.471,991.899,19.234,9.34,0
89.033,97.42,0.492,724.356,3.194,896.861,16.543,13.533,0
69.945,117.402,0.42,1023.684,2.95,928.928,11.175,8.871,0
76.545,119.208,0.503,853.698,3.01,948.171,22.914,17.306,0
74.136,121.656,0.403,793.617,2.913,946.562,19.385,8.288,0
66.553,128.367,0.515,927.214,3.313,891.229,22.038,13.079,0
67.1,127.308,0.419,783.659,3.392,962.547,16.244,12.083,0
75.686,111.928,0.401,892.273,3.33,962.249,14.859,13.442,0
85.294,130.531,0.386,865.081,3.43,969.488,14.411,9.504,0
84.362,101.211,0.354,825.868,3.169,922.078,21.784,12.171,0
86.626,130.328,0.459,1017.93,2.736,866.716,89.747,27.975,1
58.55,106.428,0.428,795.062,3.229,950.64,25.364,12.898,0
70.455,118.528,0.382,1038.845,3.348,938.715,20.613,16.107,0
125.608,230.783,0.789,2282.237,3.521,1023.082,43.853,34.2,1
72.414,113.233,0.509,742.313,3.477,936.542,23.141,20.421,0
75.544,112.388,0.487,710.128,3.281,938.549,19.042,17.584,0
74.598,123.172,0.386,901.031,3.102,944.902,26.624,16.112,0
66.566,131.386,0.422,851.105,3.302,944.067,19.781,12.716,0
77.865,94.85,0.515,781.988,3.237,949.887,21.168,7.397,0
72.659,136.254,0.478,857.746,3.413,955.539,18.989,8.045,0
70.818,136.151,0.481,901.668,2.853,934.371,21.912,11.884,0
70.526,130.483,0.436,892.521,2.925,940.382,14.934,9.772,0
76.885,102.218,0.451,883.836,3.371,905.237,19.726,15.656,0
79.979,122.069,0.455,891.31,3.309,937.642,19.331,21.664,0
72.686,114.324,0.406,766.072,3.192,929.395,17.222,9.739,0
61.398,112.185,0.433,783.993,2.973,951.22,25.396,15.558,0
78.727,127.357,0.378,907.67,3.271,971.352,15.479,14.733,0
81.118,130.622,0.484,786.308,3.489,917.165,9.93,8.216,0
64.979,109.509,0.493,924.79,2.946,939.706,20.743,17.224,0
82.56,112.101,0.428,722.448,2.951,975.736,13.185,12.5,0
78.502,127.929,0.493,929.962,3.262,963.479,18.474,9.688,0
63.239,140.424,0.38,963.207,3.149,988.223,20.896,9.148,0
75.164,99.363,0.39,686.945,3.576,950.656,21.105,10.092,0
80.291,121.881,0.381,784.685,3.393,950.551,19.143,8.197,0
70.241,131.918,0.404,825.749,3.236,911.649,14.931,9.663,0
79.235,147.842,0.418,744.696,3.347,919.735,17.635,17.023,0
81.77,112.372,0.448,880.392,3.248,971.07,16.277,10.566,0
81.688,113.15,0.369,1022.977,2.849,952.701,21.635,16.185,0
81.497,145.645,0.401,758.468,3.226,954.25,18.248,8.644,0
74.062,106.79,0.517,885.017,3.489,953.132,13.496,8.214,0
70.909,116.213,0.432,868.515,2.931,995.757,16.884,13.422,0
77.85,124.783,0.442,894.246,3.073,984.79,19.462,14.814,0
73.532,128.228,0.524,845.117,3.313,949.858,16.228,16.274,0
77.955,141.273,0.398,1056.529,3.404,935.751,17.382,11.978,0
83.564,118.961,0.507,910.328,2.92,980.989,22.421,14.524,0
75.72,106.099,0.531,689.89,3.404,937.672,17.611,9.724,0
63.3,125.026,0.416,999.874,3.128,944.154,20.499,14.484,0
73.523,128.72,0.462,862.305,3.308,984.122,14.183,6.932,0
67.837,144.072,0.381,899.514,2.961,929.573,18.909,11.532,0
77.85,113.313,0.464,1024.562,3.139,924.075,18.335,11.711,0
91.677,105.773,0.425,716.576,3.282,976.486,21.271,12.576,0
79.595,114.251,0.521,1017.274,3.184,942.04,16.864,11.765,0
83.347,113.767,0.356,827.428,3.507,940.773,16.312,11.768,0
81.71,128.274,0.484,671.313,3.077,942.164,20.293,10.028,0
65.561,113.754,0.534,766.271,3.456,967.746,16.586,13.94,0
73.305,115.686,0.555,748.059,3.205,940.331,18.565,12.713,0
75.414,110.368,0.44,788.331,2.938,943.479,18.005,10.799,0
78.011,151.85,0.419,788.798,3.193,949.555,20.305,14.682,0
76.82,127.498,0.443,828.861,2.848,918.32,12.725,10.355,0
58.446,120.045,0.472,864.802,3.247,965.637,20.575,16.329,0
66.581,128.077,0.463,878.506,3.504,932.014,9.406,10.307,0
61.809,110.01,0.452,696.035,3.202,956.255,15.975,4.661,0
70.431,120.831,0.448,771.222,3.127,963.952,9.176,6.295,0
68.202,124.633,0.462,818.619,2.815,946.225,14.985,7.94,0
59.871,102.529,0.418,834.204,3.266,943.372,14.141,11.073,0
64.381,117.023,0.421,859.964,2.93,963.584,18.768,7.05,0
72.372,121.551,0.477,816.794,3.411,937.044,13.901,11.894,0
75.658,90.18,0.531,709.153,3.439,969.98,19.828,11.198,0
64.761,117.512,0.44,834.58,3.264,941.142,19.516,12.778,0
64.438,117.254,0.448,957.678,2.842,930.502,23.448,4.478,0
84.161,129.162,0.45,886.891,3.056,952.228,16.801,10.919,0
84.746,113.75,0.487,891.299,3.04,1007.969,22.159,12.623,0
95.44,85.384,0.467,838.693,2.663,915.927,15.59,12.756,0
78.363,116.136,0.487,783.734,2.929,936.272,15.55,15.754,0
72.071,119.787,0.475,763.902,3.617,960.533,17.781,10.168,0
76.452,145.621,0.464,899.917,3.143,928.568,24.837,12.856,0
76.322,123.343,0.478,809.173,3.271,993.14,20.661,9.846,0
90.831,104.199,0.541,861.92,3.217,956.663,13.932,15.901,0
81.697,112.917,0.455,713.554,3.38,971.299,17.467,14.825,0
81.76,117.999,0.425,816.865,2.977,921.861,16.701,13.016,0
56.167,135.19,0.415,783.832,3.169,948.028,16.241,15.391,0
70.401,132.466,0.384,683.74,2.912,989.844,18.232,17.514,0
70.536,136.827,0.469,757.698,3.494,910.807,15.744,14.5,0
86.071,129.413,0.531,654.429,3.37,931.242,11.962,15.462,0
77.762,151.448,0.419,792.65,3.654,950.118,23.177,12.628,0
78.621,108.103,0.398,834.98,3.365,935.394,21.422,13.373,0
68.029,132.121,0.492,948.887,3.204,942.281,13.754,9.022,0
65.133,137.137,0.5,789.855,3.337,907.357,13.595,8.952,0
75.485,138.549,0.418,896.169,2.868,915.97,16.735,16.429,0
73.67,122.631,0.412,725.907,3.201,953.315,22.695,8.466,0
72.537,125.153,0.461,810.365,3.356,938.718,20.361,9.295,0
61.813,121.023,0.386,922.162,3.233,972.717,10.229,13.81,0
79.599,128.464,0.471,894.945,3.203,951.976,12.324,15.746,0
77.814,118.274,0.497,777.317,3.221,959.834,17.807,7.653,0
76.457,113.338,0.403,897.188,3.097,949.342,23.41,11.535,0
77.546,97.834,0.505,753.516,3.283,950.855,15.904,14.38,0
82.882,152.285,0.464,825.44,3.129,913.609,22.595,13.037,0
74.635,118.329,0.435,842.454,3.159,949.751,12.01,9.824,0
76.457,126.153,0.485,905.499,3.164,983.37,20.608,11.104,0
84.47,163.127,0.449,927.885,3.162,933.473,19.007,8.127,0
84.28,96.41,0.454,920.482,3.111,913.95,17.664,14.77,0
62.019,112.088,0.456,991.817,3.147,973.352,16.998,13.972,0
76.244,115.071,0.453,798.317,3.272,952.2,12.464,12.742,0
75.597,137.364,0.465,747.589,3.233,937.211,14.17,15.064,0
70.933,119.647,0.451,901.465,3.313,966.623,24.264,10.761,0
66.147,123.881,0.47,969.567,3.157,916.448,16.816,12.518,0
75.363,131.187,0.424,751.672,3.115,994.717,20.17,14.229,0
70.511,113.293,0.43,879.258,3.345,897.725,18.082,14.397,0
68.927,119.468,0.528,811.451,2.891,924.545,21.51,6.979,0
72.776,127.946,0.406,1010.582,3.28,958.155,21.869,9.882,0
71.067,130.831,0.397,853.526,2.841,971.005,18.137,10.718,0
86.098,86.842,0.489,786.373,3.171,956.64,19.649,14.8,0
69.436,123.161,0.571,975.645,3.408,926.494,13.52,10.238,0
66.906,140.077,0.501,815.455,3.17,902.305,16.125,18.602,0
79.241,114.817,0.365,847.305,3.266,962.163,14.249,11.22,0
63.494,93.181,0.434,896.419,3.271,920.624,16.77,13.004,0
76.106,126.443,0.524,832.872,3.321,955.584,20.481,9.818,0
65.359,95.723,0.421,921.455,3.389,971.211,18.6,16.173,0
84.169,105.363,0.48,841.949,3.166,947.148,21.501,10.345,0
59.155,103.831,0.447,789.136,3.39,918.643,23.137,15.81,0
74.754,122.403,0.441,883.188,2.868,937.205,13.852,5.208,0
77.373,146.99,0.361,849.334,3.226,929.499,15.118,9.211,0
62.704,102.18,0.453,880.817,3.157,987.39,15.763,11.346,0
78.822,142.674,0.479,1092.569,3.018,894.819,73.894,25.841,1
76.064,136.368,0.434,729.44,3.027,970.313,24.128,11.19,0
149.022,214.7,0.693,2117.913,2.836,997.287,37.518,29.431,1
71.785,131.045,0.546,816.823,3.447,953.108,15.338,10.421,0
75.882,134.293,0.521,863.693,3.258,953.804,10.236,9.305,0
66.687,99.421,0.416,849.575,3.261,938.66,25.169,17.169,0
84.442,110.541,0.376,809.891,3.17,976.138,12.357,10.426,0
82.824,127.267,0.464,770.856,3.012,959.312,25.89,8.607,0
67.894,109.795,0.519,706.136,3.64,927.865,17.038,11.574,0
81.037,93.785,0.458,932.424,3.184,954.038,16.5,11.821,0
80.939,134.212,0.427,824.769,3.239,953.295,20.209,11.373,0
83.804,114.731,0.459,816.757,3.069,944.996,16.154,12.72,0
69.022,126.476,0.485,831.377,3.273,959.359,19.195,13.947,0
78.014,126.397,0.479,843.471,3.207,998.088,13.117,15.735,0
73.217,131.738,0.489,846.89,2.962,960.635,16.282,10.416,0
78.085,104.701,0.424,880.375,3.465,967.886,19.277,16.894,0
78.295,125.926,0.476,838.348,3.22,902.17,22.22,7.705,0
82.638,119.282,0.456,775.256,3.555,952.915,19.936,12.04,0
72.713,133.797,0.375,826.292,3.41,986.689,18.92,8.901,0
76.815,143.111,0.472,842.328,3.096,993.65,13.459,12.853,0
72.121,124.281,0.403,907.802,2.936,949.148,17.727,12.938,0
88.42,102.066,0.403,919.626,3.045,938.413,13.777,12.798,0
76.839,120.181,0.38,798.994,3.599,939.594,15.672,9.398,0
69.141,97.732,0.441,796.799,3.1,940.399,19.364,12.92,0
81.844,133.287,0.504,855.79,2.921,938.345,15.609,11.553,0
76.653,118.738,0.409,809.722,3.075,931.153,14.818,9.878,0
76.642,141.919,0.456,786.245,3.141,967.937,14.324,12.103,0
63.58,126.074,0.451,849.103,3.305,973.199,20.273,10.436,0
65.107,119.41,0.444,858.999,2.973,957.519,17.448,8.231,0
67.03,110.824,0.463,795.244,3.207,963.529,22.885,16.167,0
63.642,92.311,0.469,1039.328,3.14,948.892,11.203,10.521,0
72.117,112.475,0.414,754.296,3.214,954.64,19.105,10.533,0
64.406,109.112,0.48,971.634,3.466,943.647,16.594,9.603,0
81.197,120.098,0.424,883.887,3.504,961.102,19.504,12.532,0
68.257,130.347,0.371,823.955,3.103,936.01,17.162,12.611,0
114.191,182.734,0.602,3348.311,3.232,995.592,13.294,26.407,1
77.96,101.078,0.488,786.935,3.298,949.286,14.602,9.719,0
67.566,88.071,0.448,919.35,3.243,953.16,16.405,13.733,0
73.239,118.928,0.421,921.592,2.908,940.597,22.52,11.34,0
70.53,104.896,0.449,811.633,3.226,938.687,18.266,8.394,0
93.029,121.637,0.464,771.271,3.256,959.941,25.619,6.423,0
67.967,118.805,0.401,831.337,2.999,950.494,27.368,16.877,0
74.812,121.118,0.453,773.571,3.044,954.189,23.044,11.787,0
79.152,113.935,0.584,878.848,2.892,926.812,18.067,8.949,0
76.126,105.491,0.475,755.738,3.236,949.493,24.604,11.104,0
72.272,120.23,0.481,939.352,3.429,959.182,14.076,8.611,0
61.038,136.538,0.489,855.149,3.337,1006.1,15.35,13.476,0
71.939,126.117,0.551,903.362,3.137,933.224,19.687,18.968,0
78.11,109.948,0.538,883.781,3.217,962.786,18.416,10.421,0
70.56,118.064,0.408,1012.076,2.92,936.795,20.628,13.403,0
74.178,103.376,0.409,740.415,3.152,950.69,16.587,13.294,0
79.182,103.274,0.477,965.022,3.09,906.592,23.137,8.344,0
67.158,99.077,0.401,756.25,3.309,899.512,18.206,8.926,0
73.643,106.612,0.463,903.04,3.149,970.148,14.893,11.482,0
64.856,121.227,0.466,671.933,3.362,920.185,15.169,10.061,0
76.505,112.752,0.478,930.509,3.457,938.956,9.779,6.529,0
77.535,142.795,0.383,822.292,3.096,960.134,17.933,10.216,0
61.041,118.063,0.449,829.431,3.215,936.345,22.278,10.873,0
67.045,123.229,0.44,865.812,3.022,951.404,11.02,14.133,0
72.759,108.341,0.45,989.166,3.116,937.238,19.88,14.205,0
90.047,148.594,0.479,920.074,3.376,906.125,20.154,14.38,0
75.174,125.056,0.51,813.548,3.252,951.333,10.14,9.445,0
71.039,103.156,0.367,893.3,3.187,931.236,15.285,14.386,0
57.286,124.544,0.586,827.701,3.318,948.112,19.356,12.185,0
69.751,124.799,0.444,823.153,3.317,957.103,18.387,11.999,0
65.999,113.996,0.343,850.521,3.232,958.377,18.646,12.126,0
60.831,134.539,0.357,831.191,3.118,931.228,23.36,7.677,0
82.978,122.606,0.484,768.608,3.128,970.511,20.722,12.705,0
73.346,138.396,0.453,830.868,2.901,946.446,14.027,13.465,0
74.088,107.834,0.436,758.267,3.203,939.775,20.561,16.341,0
74.294,102.303,0.506,854.91,3.188,913.865,13.878,12.136,0
81.9,120.68,0.477,789.037,3.418,952.145,17.905,11.308,0
65.516,121.348,0.45,770.601,3.391,992.487,24.206,10.22,0
61.18,88.675,0.457,846.041,3.309,943.226,20.683,14.247,0
83.109,137.94,0.473,630.131,3.098,899.734,22.655,11.335,0
78.968,141.039,0.376,954.723,2.952,958.113,15.52,9.818,0
68.658,149.359,0.469,859.101,2.945,927.951,15.229,7.42,0
73.053,130.738,0.428,814.797,3.168,1001.818,24.856,14.849,0
80.321,181.462,0.674,3432.427,2.905,1016.55,24.902,31.837,1
72.836,113.255,0.422,910.852,3.585,890.773,15.347,21.551,0
77.497,123.288,0.379,1002.908,3.597,938.037,22.767,13.796,0
66.588,103.196,0.491,839.158,2.853,961.214,12.583,9.991,0
80.027,110.605,0.412,830.515,2.925,953.618,17.398,12.137,0
80.018,97.401,0.471,790.904,3.163,931.382,15.866,12.454,0
58.483,109.823,0.427,875.491,3.142,939.518,20.318,13.226,0
68.885,114.529,0.443,884.092,3.355,889.108,18.542,16.021,0
69.911,106.094,0.54,791.546,3.057,976.179,19.123,7.893,0
73.601,128.097,0.451,915.668,3.418,962.161,17.956,8.332,0
85.069,117.209,0.483,880.098,3.046,976.621,17.495,12.266,0
86.047,107.524,0.447,992.266,3.196,999.078,17.85,7.285,0
81.214,108.598,0.469,870.613,3.237,955.583,20.099,15.084,0
61.941,129.847,0.484,941.005,3.195,955.479,17.551,14.817,0
70.961,111.693,0.522,916.77,3.247,975.978,13.185,9.301,0
84.014,124.144,0.455,927.713,3.078,965.327,11.691,11.109,0
65.979,142.714,0.501,809.129,3.282,944.005,24.795,6.88,0
87.516,181.898,0.554,1052.128,2.914,891.172,57.414,19.575,1
66.912,110.0,0.495,825.082,3.292,921.722,16.016,13.641,0
76.029,115.211,0.402,906.752,3.186,974.931,16.088,10.819,0
88.923,162.29,0.607,1053.454,2.882,866.311,72.161,16.024,1
88.271,119.04,0.415,869.946,3.328,961.139,19.761,14.066,0
75.066,100.467,0.46,786.948,2.995,1001.594,18.13,8.748,0
60.263,97.469,0.472,893.75,2.873,949.078,15.234,17.219,0
87.573,114.288,0.436,765.708,3.224,930.976,11.7,14.221,0
70.71,90.494,0.382,787.68,2.992,965.6,14.226,8.874,0
65.846,116.749,0.494,826.825,3.457,940.875,13.771,11.25,0
58.318,134.749,0.449,879.006,3.313,971.081,16.373,11.127,0
75.855,111.195,0.475,844.605,3.086,949.295,21.69,13.178,0
61.885,142.037,0.452,703.699,3.028,978.151,10.289,16.117,0
83.592,119.211,0.532,905.165,3.239,971.449,15.29,13.089,0
76.441,127.153,0.486,889.918,3.061,942.819,17.089,13.85,0
80.276,122.223,0.473,825.96,3.067,940.314,21.334,9.414,0
70.505,133.484,0.465,926.153,3.49,907.623,23.598,8.666,0
72.232,142.732,0.437,961.231,2.994,930.715,18.202,11.611,0
72.771,170.877,0.411,810.482,3.256,922.664,12.779,11.14,0
72.855,110.903,0.5,885.311,3.115,956.392,16.16,8.865,0
69.976,130.489,0.523,756.016,3.52,947.047,17.213,12.763,0
66.75,145.083,0.521,891.708,3.549,991.518,19.1,12.032,0
76.155,170.112,0.471,957.337,2.973,944.96,65.094,17.506,1
94.782,114.653,0.451,838.029,3.032,923.632,15.126,9.941,0
76.233,109.366,0.464,984.656,3.189,920.232,17.945,16.267,0
81.08,142.383,0.436,869.882,3.311,936.425,19.639,10.672,0
80.959,109.975,0.478,903.517,3.235,917.407,18.615,6.801,0
68.414,128.682,0.484,885.844,3.402,932.953,18.498,8.693,0
80.141,112.372,0.479,739.671,2.988,944.153,21.098,8.988,0
77.414,121.782,0.494,860.47,3.029,961.795,17.554,4.183,0
70.207,142.376,0.487,951.74,3.31,927.139,10.091,9.633,0
67.387,104.316,0.432,788.801,3.105,930.342,26.388,10.526,0
88.256,113.598,0.444,820.104,2.997,895.727,21.549,12.038,0
72.984,98.049,0.495,810.152,3.459,947.425,20.566,7.654,0
72.121,118.593,0.379,898.386,3.577,907.97,17.5,17.014,0
65.549,116.958,0.405,882.066,3.621,971.591,16.559,13.726,0
59.94,116.698,0.402,874.447,2.992,958.314,19.11,10.5,0
72.345,120.357,0.44,866.579,3.232,947.738,14.495,16.145,0
86.945,132.232,0.474,916.78,3.374,969.368,16.03,7.643,0
71.96,131.002,0.527,867.652,2.897,924.923,14.057,12.168,0
82.55,130.957,0.48,883.968,3.464,953.735,12.451,15.829,0
65.486,114.325,0.518,955.762,3.214,916.849,19.744,6.46,0
84.157,112.906,0.442,924.117,3.069,927.874,14.786,11.698,0
50.72,117.059,0.411,983.149,3.352,941.384,22.567,11.314,0
82.231,149.836,0.38,902.75,3.235,902.061,25.184,10.983,0
83.93,107.151,0.466,772.957,3.239,950.629,20.517,8.976,0
79.776,126.958,0.465,848.63,3.07,970.691,16.168,8.55,0
118.958,182.016,0.59,2050.523,2.968,947.572,41.432,38.083,1
79.129,128.175,0.431,993.842,3.221,981.584,17.388,11.215,0
72.964,108.608,0.385,805.325,3.298,906.443,24.966,11.659,0
79.987,120.213,0.462,868.794,3.409,947.619,22.538,15.571,0
72.43,109.042,0.53,886.45,2.922,954.96,13.219,14.384,0
74.393,146.898,0.438,985.092,3.236,934.9,24.098,11.259,0
84.864,122.691,0.471,806.767,3.001,1010.487,21.143,11.522,0
67.206,130.043,0.382,844.287,2.828,926.965,13.984,9.396,0
71.752,119.46,0.402,805.205,3.555,942.977,18.979,13.085,0
73.765,123.365,0.457,964.689,3.426,949.451,16.611,9.863,0
70.6,129.268,0.519,768.54,3.343,956.377,17.041,10.563,0
77.671,118.178,0.369,890.163,3.471,960.125,16.826,12.698,0
65.44,120.427,0.509,860.38,2.958,921.562,15.039,15.51,0
74.744,123.741,0.465,820.855,3.436,956.066,10.94,10.753,0
67.854,131.162,0.424,849.68,3.222,965.145,17.704,12.259,0
71.867,144.333,0.411,836.536,2.984,952.74,24.387,13.495,0
81.874,127.765,0.445,750.598,3.122,940.334,17.579,12.435,0
65.503,115.05,0.369,793.69,3.337,921.865,22.216,13.03,0
82.35,133.172,0.398,858.801,3.027,928.182,9.69,7.779,0
71.25,126.816,0.478,854.283,3.429,923.376,19.134,12.353,0
76.751,120.427,0.376,878.63,3.753,941.989,17.082,13.337,0
46.83,129.899,0.378,837.302,3.292,961.019,19.837,12.91,0
83.91,109.786,0.392,963.174,2.928,965.578,16.008,21.058,0
72.394,133.573,0.411,771.488,3.111,922.032,18.335,7.03,0
77.457,124.445,0.443,911.823,3.36,923.22,16.21,15.606,0
81.8,120.083,0.347,979.617,3.467,917.845,19.954,9.99,0
72.256,119.742,0.506,767.896,2.999,995.418,15.192,13.22,0
77.132,95.375,0.478,708.042,3.276,967.607,16.457,14.623,0
71.765,123.347,0.431,994.998,3.04,946.251,11.471,10.25,0
69.486,121.766,0.519,845.878,3.152,1020.019,14.855,11.791,0
71.975,121.877,0.433,891.905,3.096,917.324,13.253,17.279,0
77.477,130.817,0.437,885.093,3.525,967.745,25.02,9.607,0
59.362,126.399,0.456,938.295,2.844,1015.147,15.802,10.835,0
81.383,134.096,0.501,779.189,3.108,957.794,17.8,16.939,0
69.629,120.698,0.432,851.177,3.487,940.925,13.519,11.271,0
75.552,147.703,0.449,889.573,3.439,924.889,19.848,9.052,0
69.869,122.061,0.499,796.143,3.158,959.744,16.761,12.403,0
67.892,101.916,0.453,882.532,2.727,939.397,20.247,13.716,0
76.881,114.699,0.427,720.341,3.371,920.954,21.93,14.569,0
72.75,115.392,0.425,721.745,3.24,1003.133,14.015,11.146,0
74.571,131.873,0.485,676.73,3.368,965.69,19.203,9.309,0
66.85,116.365,0.414,797.978,2.853,976.745,13.574,11.441,0
79.47,105.541,0.45,855.382,3.241,958.512,13.72,9.821,0
92.411,134.331,0.415,809.593,3.07,966.902,18.322,10.56,0
77.382,138.918,0.391,938.608,2.965,957.852,13.571,9.896,0
76.658,136.523,0.473,891.591,3.429,928.126,22.901,12.198,0
58.994,128.211,0.399,816.415,2.906,965.138,4.336,10.139,0
74.195,108.86,0.527,876.645,3.088,894.104,10.787,10.631,0
56.913,74.393,0.547,848.124,3.349,957.152,20.406,6.428,0
74.206,141.343,0.479,739.437,3.139,911.335,26.956,10.73,0
74.516,123.563,0.51,757.191,3.171,965.441,12.887,13.72,0
78.405,119.78,0.469,890.016,3.286,945.874,19.137,10.774,0
77.267,100.838,0.452,712.209,3.106,964.632,13.233,10.171,0
71.192,134.945,0.47,798.619,3.197,948.97,16.682,13.682,0
72.737,120.295,0.47,838.17,3.403,1004.77,18.262,11.6,0
74.539,114.698,0.478,896.128,3.426,963.002,15.678,13.02,0
77.089,124.092,0.423,843.603,3.199,969.553,17.763,15.773,0
87.876,118.566,0.38,870.664,3.057,927.046,17.584,12.69,0
66.772,117.445,0.463,922.421,3.079,925.937,14.087,10.078,0
77.819,105.088,0.438,986.19,3.495,930.983,15.685,10.035,0
77.35,127.508,0.54,763.903,2.814,952.872,16.502,12.161,0
78.108,85.442,0.466,857.475,3.616,981.883,18.495,7.897,0
76.852,105.906,0.504,806.318,3.162,1004.893,13.136,15.377,0
70.38,142.615,0.478,806.927,2.759,934.813,15.987,15.097,0
72.155,100.223,0.457,789.497,3.463,943.67,14.202,8.568,0
75.043,117.305,0.37,832.019,3.223,941.353,22.513,13.227,0
78.133,101.808,0.521,846.508,3.446,931.139,13.292,6.362,0
73.438,112.643,0.492,793.481,2.854,959.151,15.696,19.516,0
70.419,117.69,0.425,839.611,3.344,970.635,21.002,10.354,0
79.058,113.247,0.381,837.696,3.178,980.251,19.413,13.45,0
79.924,138.433,0.441,855.607,2.967,908.29,17.578,11.1,0
80.162,92.076,0.455,864.364,3.193,920.759,16.625,16.967,0
70.841,108.897,0.442,813.584,3.395,936.077,11.81,8.528,0
85.86,90.093,0.442,863.349,3.217,974.397,15.807,15.867,0
72.525,96.903,0.484,721.166,3.062,948.946,16.263,8.633,0
74.216,105.01,0.421,790.701,2.958,967.672,18.519,9.708,0
60.547,131.139,0.488,737.41,3.205,1009.703,19.378,11.524,0
88.667,101.208,0.405,974.244,3.179,968.498,22.09,15.607,0
69.56,123.469,0.362,863.627,3.213,955.693,19.775,5.899,0
75.535,124.927,0.436,882.62,2.997,950.629,26.41,8.55,0
77.919,132.665,0.477,730.218,3.546,945.298,12.151,15.948,0
70.873,135.216,0.397,781.83,3.215,934.024,15.114,9.812,0
66.688,112.177,0.488,817.188,3.164,958.79,21.6,11.312,0
86.265,107.649,0.474,698.29,3.253,924.273,19.13,11.297,0
58.46,79.508,0.4,869.409,3.185,921.177,13.194,11.956,0
75.996,112.642,0.482,919.284,2.907,989.42,20.008,16.605,0
122.825,197.851,0.499,3127.508,2.615,972.047,22.41,27.996,1
72.016,94.051,0.401,860.567,3.004,949.897,17.031,10.839,0
68.637,123.779,0.365,969.367,3.549,986.037,15.471,14.58,0
71.854,128.925,0.473,907.592,3.332,884.546,15.902,18.63,0
109.822,159.422,0.508,1008.681,2.79,912.949,74.399,26.992,1
82.284,119.479,0.454,835.337,2.897,930.803,20.483,10.877,0
77.601,118.182,0.571,886.367,3.016,965.774,11.519,13.307,0
92.173,91.496,0.491,789.62,3.274,961.779,16.003,6.87,0
86.234,116.567,0.513,765.599,3.148,938.04,15.58,17.805,0
63.066,114.645,0.373,891.909,3.393,968.976,20.276,11.067,0
70.469,130.297,0.457,980.538,3.086,966.651,20.797,11.017,0
88.705,112.711,0.482,912.807,3.049,898.888,19.989,10.995,0
68.766,103.819,0.484,776.785,3.3,978.619,13.196,12.671,0
68.152,131.898,0.436,888.787,3.051,965.212,23.435,8.012,0
81.634,112.987,0.429,918.609,3.202,935.907,18.037,16.097,0
82.644,122.174,0.384,876.067,3.02,988.937,12.553,10.149,0
84.191,109.128,0.484,912.974,3.461,983.106,13.599,10.939,0
68.592,102.959,0.504,806.985,3.129,951.518,14.977,17.352,0
73.57,122.152,0.393,814.767,3.082,927.901,10.394,16.043,0
80.927,127.337,0.376,876.636,3.12,931.987,16.366,11.174,0
77.34,123.348,0.552,754.234,3.093,964.832,15.567,10.551,0
81.468,117.886,0.546,933.259,3.309,949.847,24.338,9.49,0
90.785,95.138,0.498,703.901,2.931,908.482,21.988,14.232,0
73.516,112.202,0.452,865.026,3.13,945.486,24.868,11.693,0
83.973,118.959,0.501,951.4,3.19,964.796,17.454,10.323,0
75.765,108.967,0.451,772.138,3.028,959.42,17.305,10.352,0
80.215,128.906,0.464,851.158,3.443,969.389,16.211,11.461,0
78.568,126.124,0.395,989.265,3.063,965.856,13.141,12.099,0
75.94,102.147,0.482,714.7,2.995,985.757,20.198,7.932,0
73.986,117.077,0.482,890.844,3.063,950.116,17.865,13.367,0
84.855,106.198,0.421,992.389,3.455,919.942,19.709,10.648,0
87.096,106.976,0.473,959.052,3.332,949.819,8.705,13.226,0
59.288,100.829,0.376,805.959,3.479,945.591,15.53,13.376,0
82.142,129.815,0.532,711.404,2.937,982.289,12.404,14.788,0
78.703,109.456,0.404,859.842,3.266,923.696,15.559,9.663,0
72.616,83.541,0.487,777.006,3.453,973.454,13.978,14.948,0
86.467,97.042,0.498,881.839,3.243,965.165,18.977,7.147,0
68.823,114.464,0.351,830.647,2.908,948.32,23.529,12.823,0
84.208,144.265,0.418,1075.785,3.413,995.611,91.746,24.873,1
72.968,106.554,0.459,984.374,3.069,990.15,22.037,14.606,0
74.89,110.526,0.461,812.753,3.024,930.379,18.787,12.879,0
70.803,118.761,0.392,935.224,3.035,955.074,22.844,13.012,0
76.967,148.459,0.481,853.275,3.17,917.563,19.315,7.058,0
68.728,129.476,0.498,998.61,2.824,938.069,18.649,10.843,0
63.244,108.676,0.436,826.315,3.402,976.068,18.503,6.548,0
74.323,123.157,0.495,863.865,3.384,998.203,15.723,12.115,0
88.069,101.25,0.537,845.623,3.319,956.089,15.017,6.24,0
73.988,118.21,0.51,798.909,3.16,944.949,16.866,11.107,0
74.828,141.613,0.492,870.366,3.105,945.037,14.835,10.579,0
80.742,120.469,0.44,856.366,3.402,930.846,14.578,11.753,0
77.149,133.874,0.469,954.682,2.809,950.779,18.462,9.142,0
77.077,120.006,0.491,708.739,3.469,953.306,21.258,9.428,0
80.751,110.925,0.463,862.102,3.343,904.771,11.921,14.179,0
58.938,103.499,0.461,852.051,3.062,963.701,17.107,13.817,0
66.419,104.865,0.435,770.611,3.232,969.425,17.906,15.195,0
126.03,195.181,0.669,1791.097,2.738,1060.329,67.221,36.097,1
74.307,143.362,0.496,960.341,2.927,948.821,10.776,13.403,0
69.93,137.574,0.428,778.505,3.551,983.399,18.293,18.195,0
63.84,115.438,0.364,844.236,2.952,956.33,21.517,7.367,0
80.051,108.442,0.391,786.809,3.226,971.226,10.028,8.603,0
85.785,117.277,0.443,967.739,3.007,977.213,20.522,15.34,0
69.391,92.268,0.459,866.039,3.103,958.64,27.535,13.182,0
91.574,138.731,0.456,842.719,3.232,963.099,17.002,18.087,0
68.847,122.286,0.464,748.118,3.134,994.068,25.679,10.685,0
80.588,116.569,0.465,832.527,3.246,955.098,20.851,9.245,0
84.956,115.97,0.475,831.634,3.155,968.015,20.885,14.645,0
78.045,120.328,0.446,631.919,3.078,958.895,19.769,12.653,0
79.973,111.848,0.469,849.633,2.995,974.067,19.779,10.766,0
83.362,96.165,0.468,828.31,3.065,974.383,17.276,12.424,0
70.245,128.336,0.495,808.583,3.309,911.394,15.052,17.562,0
67.849,115.828,0.482,734.835,2.934,938.461,22.635,10.06,0
75.091,120.137,0.477,713.322,3.179,949.865,22.893,13.494,0
72.547,112.449,0.428,956.895,3.307,954.506,13.989,8.801,0
89.077,146.352,0.446,885.463,3.351,899.602,23.794,18.327,0
69.663,113.406,0.425,696.59,2.962,954.797,22.11,10.744,0
71.378,124.865,0.491,771.462,3.077,996.123,16.396,7.94,0
64.574,117.757,0.391,937.65,3.444,999.659,23.749,10.366,0
81.144,169.146,0.476,814.455,3.209,938.421,22.908,11.495,0
85.007,131.748,0.48,911.848,3.454,924.553,14.726,13.649,0
68.89,106.566,0.471,871.06,3.356,961.261,22.522,17.985,0
70.706,102.184,0.379,836.475,2.764,956.28,16.704,11.139,0
80.539,129.52,0.516,837.102,3.335,953.564,15.806,11.621,0
81.838,143.137,0.5,826.326,3.193,977.446,28.48,17.469,0
65.058,117.893,0.395,935.963,3.033,923.393,19.947,9.583,0
79.373,147.412,0.403,736.381,3.34,971.589,22.986,10.556,0
64.702,110.644,0.424,822.212,3.251,960.7,17.628,9.631,0
69.749,147.036,0.481,840.046,2.809,958.463,23.15,10.155,0
82.69,92.671,0.499,853.4,3.029,962.394,24.541,13.942,0
79.266,123.347,0.391,901.104,2.95,951.449,18.634,10.214,0
81.981,116.283,0.486,914.089,3.47,922.695,20.84,20.743,0
67.004,112.629,0.452,963.923,3.187,965.612,21.19,16.699,0
76.393,108.479,0.477,770.499,2.827,937.513,24.771,14.109,0
66.581,141.985,0.435,738.403,3.15,957.744,24.519,13.499,0
79.128,142.978,0.372,858.247,3.165,1009.334,21.017,10.244,0
62.004,112.299,0.415,735.017,3.369,907.209,9.819,12.595,0
86.008,154.51,0.563,921.808,3.077,887.684,63.07,29.747,1
77.517,124.234,0.478,993.46,3.317,970.326,13.55,12.226,0
85.657,109.716,0.507,772.026,2.969,974.471,13.938,16.546,0
71.118,128.225,0.432,933.912,3.237,952.934,16.059,12.362,0
69.451,104.727,0.415,846.399,2.876,959.954,11.626,10.105,0
75.702,112.163,0.575,970.386,3.592,968.732,18.628,15.664,0
98.398,87.856,0.394,846.45,3.173,951.099,18.54,11.851,0
80.531,115.177,0.485,817.863,3.374,933.683,12.624,12.265,0
75.825,114.44,0.413,907.787,2.899,961.855,17.415,17.012,0
71.515,102.974,0.478,793.473,3.229,999.343,23.901,8.737,0
60.585,102.243,0.467,751.277,3.438,946.08,21.974,7.462,0
65.668,119.732,0.532,907.685,3.207,980.612,18.887,8.846,0
75.631,102.886,0.483,860.81,3.057,951.625,27.297,8.113,0
76.995,117.706,0.386,727.066,2.839,937.923,11.101,9.953,0
73.713,111.66,0.5,918.701,2.916,960.389,14.595,10.816,0
78.938,102.589,0.467,951.884,2.92,971.959,9.452,13.49,0
74.141,113.125,0.461,887.0,3.119,959.383,22.796,12.398,0
80.821,115.753,0.502,877.023,2.959,955.005,20.501,18.054,0
93.705,133.285,0.397,931.46,3.206,948.52,23.603,3.965,0
79.779,133.547,0.427,862.354,3.018,936.318,14.27,11.465,0
77.732,116.223,0.4,824.482,3.209,972.35,15.146,6.059,0
85.0,143.632,0.422,838.356,3.543,946.781,16.027,6.441,0
68.45,151.101,0.417,880.739,3.349,936.774,22.307,11.844,0
78.814,126.11,0.412,887.043,3.057,974.387,16.107,14.362,0
71.367,161.523,0.415,871.729,3.025,931.74,18.388,13.19,0
94.165,185.258,0.528,3537.882,3.467,956.373,26.593,22.684,1
90.226,120.82,0.363,721.122,2.835,933.465,16.69,13.702,0
66.575,123.916,0.432,916.76,2.9,955.259,18.795,5.306,0
77.581,126.078,0.412,849.014,3.105,969.092,15.675,10.507,0
80.145,98.661,0.458,918.596,3.327,941.102,16.35,14.023,0
70.589,126.822,0.465,925.103,3.22,933.392,20.41,11.398,0
62.335,109.638,0.47,851.225,3.249,963.151,11.699,12.982,0
75.333,133.514,0.534,827.282,3.435,956.039,20.939,11.157,0
74.059,135.309,0.483,704.919,3.334,934.833,10.529,11.867,0
83.134,113.859,0.484,794.364,3.271,942.607,24.653,10.548,0
72.908,133.685,0.461,1044.706,3.402,945.794,19.206,7.624,0
86.933,126.16,0.481,972.227,3.042,951.855,21.049,4.025,0
76.321,130.489,0.39,847.4,3.108,944.23,17.911,9.675,0
71.291,113.536,0.452,822.129,3.127,995.674,25.644,12.613,0
71.088,121.114,0.466,951.541,3.124,966.43,9.776,11.604,0
87.788,139.427,0.361,899.317,3.306,954.136,16.282,6.409,0
64.72,139.659,0.531,844.608,3.227,965.02,21.091,14.425,0
81.032,90.87,0.462,894.067,3.041,958.484,18.025,13.008,0
75.02,98.312,0.472,667.554,3.43,917.826,19.921,11.994,0
71.149,118.069,0.476,827.315,3.292,902.474,21.833,13.722,0
83.073,103.724,0.537,850.482,3.625,959.156,17.209,11.329,0
81.552,124.706,0.393,914.508,2.978,935.664,16.711,18.019,0
73.362,96.497,0.534,776.161,2.976,953.095,19.539,11.812,0
75.223,89.642,0.439,936.658,3.305,933.524,14.738,9.697,0
69.119,115.055,0.483,953.423,3.057,969.739,20.848,15.011,0
65.966,99.4,0.462,922.322,3.227,941.51,16.78,10.096,0
82.157,106.669,0.439,840.702,3.528,921.832,16.63,15.452,0
77.107,112.907,0.449,712.01,3.202,993.334,21.282,13.027,0
66.259,118.365,0.556,945.398,3.269,935.332,13.005,8.921,0
66.235,97.12,0.432,892.173,2.928,957.747,18.355,14.518,0
87.599,122.676,0.361,827.776,3.032,934.303,16.786,13.186,0
80.666,113.22,0.531,802.595,3.328,935.319,22.473,15.282,0
76.579,133.155,0.46,806.678,3.392,943.838,14.996,16.513,0
69.883,122.57,0.475,864.744,3.28,997.692,19.097,11.431,0
67.633,115.539,0.385,812.386,3.101,954.66,26.798,11.089,0
79.918,123.805,0.44,947.208,3.07,931.226,17.271,10.28,0
76.502,112.576,0.413,756.742,3.15,933.875,18.48,12.34,0
68.316,118.357,0.374,841.142,3.136,945.359,18.321,17.975,0
56.39,133.355,0.49,1078.163,3.608,926.007,13.715,16.109,0
73.878,134.78,0.435,741.543,3.515,922.683,22.524,12.904,0
68.223,126.294,0.36,730.373,3.047,957.695,17.477,10.714,0
68.411,157.259,0.527,944.394,3.347,937.884,7.432,9.669,0
80.717,103.717,0.569,1004.702,3.094,920.691,17.499,12.344,0
80.901,115.878,0.416,835.151,2.817,1008.268,23.857,8.543,0
79.318,122.535,0.399,868.427,3.362,971.563,14.922,11.382,0
71.88,121.256,0.445,831.502,3.02,915.808,15.806,12.853,0
79.069,129.309,0.497,722.812,3.227,937.925,19.653,20.157,0
61.889,121.745,0.494,867.216,2.849,968.04,17.027,14.32,0
80.312,112.166,0.377,779.299,3.048,956.584,24.074,11.875,0
83.835,101.106,0.41,913.397,3.182,923.963,14.5,13.528,0
75.395,127.583,0.448,907.047,3.355,939.627,22.641,10.618,0
71.731,99.782,0.494,818.54,2.992,930.639,23.397,11.101,0
87.452,110.814,0.482,653.191,3.102,957.803,22.874,11.752,0
69.428,124.253,0.412,852.17,2.999,973.565,14.854,9.838,0
74.223,115.399,0.413,931.848,3.034,912.823,14.139,12.727,0
70.506,141.372,0.39,796.009,3.024,954.053,18.935,7.508,0
95.005,152.492,0.577,835.284,3.208,883.692,54.801,31.831,1
75.827,98.677,0.376,971.817,2.924,940.586,18.687,10.397,0
89.704,109.297,0.441,721.421,3.071,890.496,18.777,10.972,0
77.425,134.491,0.427,806.468,3.239,945.36,26.696,10.259,0
85.007,102.264,0.407,867.968,3.339,956.525,16.546,8.177,0
83.778,121.477,0.42,797.917,2.813,958.895,12.913,11.94,0
74.955,114.558,0.555,829.818,3.397,981.058,18.097,12.621,0
73.906,127.477,0.41,938.883,3.261,939.833,14.13,9.538,0
72.495,137.525,0.411,761.906,3.093,954.654,15.292,6.755,0
66.437,135.536,0.417,985.157,3.396,972.354,16.734,7.775,0
88.204,117.199,0.348,912.401,2.949,976.833,16.055,9.293,0
67.47,107.404,0.421,761.651,3.266,919.999,23.746,8.493,0
73.686,121.699,0.494,750.736,2.63,930.202,23.269,9.491,0
78.41,109.931,0.443,940.918,3.312,931.137,13.463,9.07,0
75.028,147.02,0.388,772.047,3.169,980.138,18.341,13.15,0
103.816,170.903,0.535,3090.389,2.998,958.827,30.058,25.915,1
77.829,124.962,0.49,892.297,2.846,893.494,18.44,10.26,0
92.225,90.468,0.489,862.811,3.057,947.435,15.411,15.218,0
68.105,111.19,0.407,721.723,3.152,932.859,19.333,12.027,0
77.215,142.388,0.414,851.49,3.242,916.126,15.177,14.668,0
78.504,89.924,0.413,1050.921,3.436,914.529,19.81,3.039,0
92.293,128.261,0.451,833.056,3.067,982.107,15.48,12.766,0
75.812,150.026,0.378,904.385,2.962,945.709,18.24,16.847,0
63.381,120.682,0.505,935.994,3.26,914.491,17.011,14.448,0
100.268,201.757,0.783,2334.952,2.546,1018.529,33.409,33.987,1
83.456,120.807,0.41,841.479,2.851,951.455,11.031,11.6,0
69.102,143.148,0.449,863.777,3.313,976.887,21.391,11.966,0
75.465,130.875,0.435,774.564,3.125,974.969,13.852,14.979,0
108.126,190.289,0.753,3345.007,3.039,970.779,32.233,24.21,1
79.482,106.098,0.541,839.571,3.277,942.912,22.206,13.285,0
77.601,102.705,0.434,816.059,2.857,961.918,11.479,7.432,0
76.939,106.522,0.413,995.26,3.316,931.285,18.384,16.139,0
66.229,120.928,0.416,957.051,3.089,945.553,20.228,10.386,0
79.728,108.45,0.437,848.883,3.398,927.271,23.026,11.024,0
70.487,143.074,0.403,851.151,3.182,985.753,22.77,15.507,0
79.704,111.751,0.532,777.609,3.094,923.266,23.48,10.952,0
64.127,104.798,0.411,893.485,3.63,931.746,19.653,17.47,0
64.259,139.767,0.499,797.798,3.128,935.846,21.261,14.537,0
76.283,139.7,0.407,835.09,2.952,990.861,23.246,9.858,0
79.937,130.144,0.426,797.898,3.057,952.497,18.655,10.057,0
71.857,126.937,0.461,836.537,2.929,916.228,18.657,13.694,0
62.403,145.797,0.425,906.162,3.418,935.145,23.415,11.149,0
76.981,161.568,0.439,838.031,3.189,934.168,16.138,11.756,0
68.952,114.379,0.44,928.512,3.098,923.765,22.161,6.621,0
59.751,120.317,0.386,868.705,3.108,955.877,18.167,12.081,0
77.335,122.485,0.46,884.37,3.388,956.6,15.468,14.016,0
77.723,109.133,0.381,712.213,3.285,980.79,23.275,12.183,0
69.228,127.327,0.508,1021.77,3.312,938.838,15.978,14.952,0
76.704,135.474,0.452,767.686,2.95,923.129,14.098,7.4,0
78.834,139.379,0.431,973.186,3.206,929.693,16.321,12.365,0
67.852,145.315,0.415,749.564,3.183,958.382,16.505,9.698,0
78.087,94.165,0.512,884.072,3.228,919.53,22.858,11.777,0
83.949,113.281,0.486,909.736,3.136,927.057,12.637,16.658,0
86.311,126.737,0.481,859.127,3.238,952.356,15.054,10.59,0
78.89,133.81,0.374,779.385,3.196,965.873,27.026,12.804,0
75.329,137.814,0.454,909.408,3.1,889.667,22.835,12.365,0
65.007,145.819,0.375,725.328,3.305,967.595,20.836,11.646,0
73.362,130.21,0.358,949.764,3.193,942.288,17.608,7.776,0
76.125,120.692,0.448,910.044,3.295,945.902,19.889,13.856,0
79.422,122.065,0.421,797.12,3.701,975.256,17.302,10.364,0
71.97,143.251,0.425,875.817,3.048,897.498,23.804,11.446,0
72.266,119.094,0.494,914.542,3.446,988.231,17.68,15.332,0
81.193,113.668,0.443,937.704,3.246,984.37,16.562,12.174,0
62.802,121.556,0.42,838.183,3.097,941.854,20.264,7.639,0
75.079,124.149,0.481,785.683,3.48,946.324,24.541,14.129,0
78.261,120.987,0.418,807.57,3.437,959.547,17.662,19.118,0
79.148,102.049,0.576,932.279,3.192,932.493,14.663,13.441,0
73.407,120.972,0.508,833.709,2.951,1002.311,18.881,13.139,0
79.753,108.183,0.463,931.424,3.293,989.772,17.754,9.475,0
76.954,102.515,0.481,849.822,3.003,918.478,23.984,15.647,0
75.876,113.078,0.498,761.355,3.159,929.057,17.602,12.492,0
71.346,148.313,0.456,929.593,3.441,943.4,24.071,9.592,0
92.525,116.832,0.504,818.528,3.374,974.386,17.375,8.875,0
76.54,114.176,0.394,787.09,3.452,923.9,17.349,13.351,0
83.232,113.628,0.464,919.096,3.097,934.33,25.409,13.303,0
65.225,132.57,0.424,855.176,3.137,977.671,14.603,12.262,0
80.714,112.622,0.552,953.215,3.168,935.371,8.234,8.167,0
71.847,117.609,0.434,1021.2,2.928,926.636,14.03,10.891,0
86.11,111.305,0.442,767.778,3.047,910.338,23.242,6.291,0
75.196,136.2,0.441,869.674,3.254,918.952,13.997,14.503,0
73.655,131.416,0.45,957.345,3.264,918.457,13.296,9.105,0
75.385,138.015,0.517,733.077,3.444,905.435,25.697,11.022,0
81.751,120.551,0.55,878.193,3.312,953.993,20.333,12.397,0
72.156,106.46,0.518,746.097,3.311,919.774,23.172,13.526,0
80.396,109.258,0.484,726.657,3.375,942.348,18.223,11.486,0
80.731,115.212,0.477,909.116,3.642,944.371,15.033,15.375,0
71.203,123.772,0.477,753.053,3.044,952.815,16.619,9.317,0
73.091,149.586,0.476,958.698,3.429,899.597,17.108,14.306,0
81.48,109.563,0.45,924.238,3.108,950.24,20.594,7.183,0
72.404,110.583,0.436,686.807,3.075,998.051,12.856,15.337,0
80.903,122.48,0.459,954.784,2.936,976.595,13.72,9.366,0
73.609,117.019,0.502,997.176,2.892,936.35,10.949,11.448,0
66.018,137.302,0.426,886.528,3.495,970.369,8.694,5.712,0
80.606,114.076,0.577,995.398,3.318,902.806,25.202,14.721,0
73.503,131.631,0.457,746.539,3.468,933.993,14.534,15.739,0
73.129,133.934,0.422,817.045,3.059,973.49,23.749,15.399,0
74.329,117.049,0.443,826.434,2.941,957.628,12.784,13.778,0
90.812,119.866,0.38,754.655,3.191,989.076,21.882,15.207,0
69.21,120.17,0.44,831.033,3.361,1007.121,17.834,7.274,0
74.538,103.129,0.399,978.631,3.301,967.137,26.599,13.729,0
67.551,103.787,0.478,918.319,3.338,962.123,17.883,17.311,0
79.182,105.587,0.345,826.164,3.17,914.876,9.559,13.003,0
77.223,114.147,0.522,674.839,3.373,945.47,19.393,6.094,0
94.637,138.261,0.398,795.062,3.056,905.379,20.271,19.101,0
78.445,86.319,0.42,897.104,3.435,945.602,17.6,7.6,0
84.352,106.583,0.47,825.696,2.987,945.91,19.461,7.791,0
74.594,137.38,0.469,836.532,2.99,959.331,22.887,9.953,0
77.465,144.931,0.546,929.848,2.8,927.522,15.915,11.054,0
73.987,119.037,0.435,882.721,3.317,943.773,21.423,9.165,0
74.617,121.617,0.418,688.648,3.104,973.981,17.928,12.775,0
100.922,117.309,0.475,885.286,2.898,949.715,18.089,11.35,0
83.158,127.178,0.415,856.278,3.098,976.461,30.539,16.072,0
82.009,123.296,0.449,704.188,2.834,1031.542,22.409,9.852,0
80.402,115.873,0.496,803.415,3.064,971.152,20.122,12.465,0
89.488,162.557,0.554,1153.064,3.173,857.564,92.79,21.692,1
88.679,132.3,0.481,770.945,3.102,930.184,11.574,10.641,0
68.581,127.179,0.487,906.2,3.456,949.698,20.556,12.932,0
74.648,101.246,0.376,890.13,3.223,973.464,17.363,11.47,0
73.472,136.453,0.439,842.122,3.436,962.777,12.077,10.843,0
84.547,134.006,0.457,831.155,3.212,952.448,18.787,11.282,0
81.471,142.141,0.475,823.66,3.184,952.992,21.372,6.683,0
65.546,147.149,0.531,787.28,3.105,1011.829,11.539,15.352,0
81.064,111.992,0.405,810.371,3.35,981.019,12.034,6.206,0
73.53,116.848,0.42,834.855,3.518,916.958,13.595,15.046,0
78.727,106.173,0.472,770.054,3.519,952.747,16.871,10.373,0
77.2,100.658,0.502,848.138,2.881,977.449,26.402,10.04,0
78.879,129.494,0.422,961.497,3.422,927.416,21.341,12.047,0
82.723,111.6,0.535,879.341,3.054,884.213,21.882,14.934,0
72.716,130.584,0.393,692.272,3.289,945.156,16.759,6.382,0
88.751,82.037,0.382,783.603,3.293,930.56,23.496,11.419,0
76.011,116.063,0.439,1022.894,3.009,963.502,17.168,16.605,0
84.74,117.826,0.415,779.659,3.18,967.703,15.995,9.762,0
76.995,88.855,0.388,962.043,3.312,959.837,19.884,16.762,0
66.019,111.595,0.409,892.036,3.065,966.27,13.302,10.724,0
80.131,128.42,0.442,912.244,2.815,952.642,16.976,11.661,0
84.405,107.788,0.493,866.197,3.292,981.05,26.106,15.753,0
68.903,116.981,0.597,778.565,3.105,927.614,25.423,12.194,0
82.28,104.085,0.494,960.177,3.271,940.88,18.34,13.334,0
70.282,104.858,0.39,1063.207,2.918,925.452,14.144,10.103,0
78.366,114.768,0.452,814.127,3.237,902.823,22.293,12.401,0
88.325,118.413,0.521,828.604,3.412,958.202,15.548,14.375,0
80.983,119.18,0.432,765.659,3.275,909.728,10.196,9.925,0
88.904,111.368,0.493,785.139,3.043,927.874,15.579,10.408,0
55.142,120.267,0.416,932.021,3.155,980.799,8.938,11.844,0
78.041,101.885,0.452,831.233,3.271,901.649,23.677,11.689,0
61.947,127.603,0.453,996.015,2.932,951.445,16.073,10.151,0
75.465,131.799,0.486,690.664,3.518,933.322,19.968,7.894,0
79.682,126.782,0.49,781.799,3.299,929.339,19.325,9.321,0
79.24,121.806,0.455,786.547,3.509,955.899,29.207,14.37,0
75.08,144.978,0.383,847.609,2.909,952.155,15.977,13.586,0
64.013,118.698,0.448,720.642,3.502,924.021,18.057,13.385,0
75.671,117.939,0.417,803.173,3.007,959.663,15.826,5.56,0
88.287,112.85,0.435,946.961,3.263,970.03,17.264,10.955,0
77.859,124.051,0.438,896.629,3.3,914.449,14.693,11.576,0
79.481,107.565,0.428,793.379,3.192,934.041,17.595,8.993,0
71.07,98.944,0.419,913.72,2.981,935.123,19.876,14.69,0
77.308,134.789,0.404,798.883,3.229,938.232,23.975,15.288,0
67.967,98.693,0.46,844.933,3.226,993.238,11.817,15.582,0
84.042,130.635,0.478,826.349,3.468,963.603,16.243,12.359,0
73.705,129.986,0.474,729.116,3.425,932.387,18.33,8.898,0
75.091,123.469,0.604,880.98,2.904,961.951,30.382,12.254,0
72.794,138.935,0.576,821.521,3.252,946.43,22.011,13.989,0
87.663,151.858,0.496,926.49,3.229,896.58,16.799,10.743,0
77.693,127.235,0.434,800.534,2.892,960.553,15.032,12.125,0
66.056,121.548,0.42,758.985,3.154,946.182,17.642,8.485,0
74.779,129.516,0.494,708.211,3.234,952.855,16.5,10.899,0
67.304,145.725,0.43,750.139,3.241,970.008,17.262,7.792,0
70.716,112.747,0.465,866.144,2.954,930.62,20.686,15.934,0
74.564,98.749,0.447,765.775,3.248,951.451,16.174,11.096,0
75.026,84.349,0.504,822.327,3.365,937.156,17.74,8.902,0
81.069,123.692,0.467,993.467,3.456,900.416,18.769,12.995,0
72.447,123.007,0.415,772.262,3.255,1004.223,23.645,14.376,0
71.225,138.726,0.485,909.267,3.293,949.842,17.659,13.349,0
69.88,113.949,0.482,983.122,3.096,920.353,21.171,15.27,0
74.477,136.477,0.506,908.192,3.287,948.112,22.296,13.052,0
79.289,137.854,0.395,851.646,3.83,956.263,15.616,11.103,0
66.394,78.941,0.464,992.184,2.988,958.084,17.555,12.551,0
64.144,101.777,0.405,900.576,2.924,946.362,19.619,11.93,0
64.482,116.241,0.399,801.311,3.467,944.881,11.442,14.601,0
78.877,125.59,0.465,774.31,3.221,892.498,20.421,8.683,0
79.717,116.736,0.458,829.97,2.972,950.795,17.575,9.967,0
72.061,116.709,0.371,1000.933,3.416,973.758,23.765,11.053,0
81.626,123.428,0.37,929.455,2.926,935.828,13.991,10.788,0
68.211,144.143,0.411,934.393,3.004,963.015,24.517,14.498,0
76.927,149.641,0.482,843.812,3.32,946.167,24.824,11.747,0
69.919,143.333,0.47,942.721,2.987,969.658,22.536,10.55,0
73.797,119.84,0.456,846.384,3.165,946.539,21.971,10.639,0
94.068,82.552,0.391,805.649,3.442,947.73,15.874,13.589,0
68.385,103.455,0.379,775.428,3.255,944.803,22.477,12.706,0
82.807,118.016,0.464,869.03,3.141,945.146,14.546,17.905,0
67.772,127.838,0.481,788.912,3.407,937.464,12.267,16.602,0
70.291,134.094,0.479,903.668,3.171,956.644,15.268,4.112,0
83.283,121.614,0.491,778.327,3.18,956.494,15.593,10.957,0
87.182,94.465,0.459,853.473,3.003,953.83,15.203,9.084,0
65.777,110.973,0.481,797.147,2.885,948.346,16.929,18.307,0
72.503,120.806,0.351,806.431,3.45,923.322,14.118,11.561,0
73.944,117.342,0.503,894.537,3.053,949.382,20.931,5.051,0
82.473,130.575,0.448,892.67,3.223,967.56,18.842,12.238,0
67.586,122.735,0.409,830.514,3.416,942.42,11.624,7.673,0
64.552,122.75,0.441,950.786,3.172,930.221,19.164,11.122,0
80.319,127.617,0.473,850.217,3.525,962.943,15.019,12.949,0
67.797,111.012,0.412,867.959,3.047,921.223,17.86,16.294,0
72.575,120.307,0.469,897.37,3.062,971.927,21.269,9.538,0
74.807,118.522,0.454,942.776,2.929,932.665,22.106,14.491,0
73.007,105.254,0.413,776.097,3.272,912.64,12.934,9.225,0
71.983,119.017,0.44,810.737,3.308,983.598,22.591,10.823,0
78.076,127.685,0.415,777.723,2.847,960.377,23.845,10.935,0
77.468,132.579,0.378,984.947,3.2,966.019,22.138,14.783,0
74.987,107.858,0.452,830.98,3.4,897.975,21.489,14.359,0
70.886,98.826,0.441,839.111,2.609,930.912,11.394,14.562,0
68.218,136.493,0.406,923.468,3.35,968.33,14.521,12.349,0
72.177,107.399,0.425,764.086,3.294,964.96,19.137,10.43,0
70.149,143.253,0.474,831.51,2.923,969.883,19.143,15.543,0
75.453,119.275,0.481,709.608,3.231,936.639,24.041,17.385,0
82.524,124.627,0.484,823.618,3.505,981.244,18.066,12.136,0
121.272,253.929,0.847,2288.774,2.84,1059.992,49.941,45.327,1
66.161,126.729,0.428,720.333,3.086,965.309,18.947,9.72,0
89.257,108.525,0.533,967.994,2.95,982.041,17.105,12.897,0
69.621,133.665,0.475,912.445,3.3,909.482,24.571,15.517,0
80.345,116.235,0.486,910.706,3.226,962.026,18.641,9.891,0
78.131,129.059,0.462,837.155,3.222,929.052,20.476,7.606,0
76.878,111.261,0.425,844.732,2.814,940.112,18.928,4.069,0
84.888,104.42,0.518,798.075,2.791,939.966,13.235,11.869,0
66.022,131.168,0.386,821.093,3.275,990.577,19.561,2.437,0
69.654,128.239,0.349,903.403,3.412,971.411,21.62,10.077,0
83.006,116.857,0.342,790.294,3.394,939.623,23.958,13.187,0
71.127,126.446,0.431,819.536,2.872,913.321,22.829,11.162,0
70.121,152.13,0.456,872.012,3.215,898.726,19.592,14.238,0
76.866,117.182,0.472,855.612,3.488,956.06,18.605,12.044,0
86.577,134.227,0.48,777.92,3.092,970.066,18.085,13.026,0
83.623,81.717,0.385,747.271,3.568,915.294,17.367,4.221,0
68.714,110.532,0.58,858.087,3.065,923.767,17.0,11.034,0
69.016,118.266,0.559,889.478,3.079,934.893,16.845,9.579,0
74.671,120.172,0.416,912.432,3.462,925.663,21.102,10.132,0
75.687,137.895,0.427,720.163,3.017,975.449,18.871,14.832,0
74.991,114.582,0.401,768.711,3.284,985.188,22.523,17.649,0
70.285,131.953,0.426,950.106,3.072,947.873,19.632,4.606,0
60.763,106.766,0.46,760.3,3.154,1003.554,20.034,16.046,0
80.653,127.896,0.472,637.203,3.102,967.839,13.159,17.281,0
85.882,105.234,0.448,876.566,3.159,967.012,20.426,9.919,0
76.886,129.877,0.384,767.105,3.322,954.458,15.268,8.755,0
70.334,157.964,0.453,685.028,3.044,938.846,19.091,9.964,0
74.877,105.957,0.448,889.867,3.433,983.583,19.992,7.495,0
73.344,91.276,0.481,927.096,3.493,965.478,20.002,11.454,0
79.209,142.112,0.403,946.444,3.071,949.433,16.944,8.461,0
81.29,132.282,0.46,756.016,3.36,952.961,20.257,11.786,0
85.134,117.612,0.443,909.819,3.117,957.49,15.119,14.471,0
69.591,106.529,0.433,813.154,3.319,960.751,14.01,12.82,0
78.572,112.141,0.427,685.551,3.266,968.219,15.402,15.434,0
84.587,127.74,0.522,871.629,3.11,952.228,21.659,16.834,0
72.612,106.085,0.476,872.488,3.197,952.475,20.74,7.363,0
79.719,93.213,0.33,886.757,3.414,974.247,16.358,17.243,0
76.255,130.073,0.443,894.373,3.159,949.384,17.293,9.323,0
70.999,122.348,0.496,940.262,3.333,972.583,22.201,14.985,0
79.334,125.989,0.404,783.07,3.178,922.329,20.481,12.853,0
71.853,125.397,0.456,865.864,3.131,930.806,18.681,14.779,0
68.579,89.711,0.492,868.745,3.544,924.86,13.953,13.11,0
79.899,133.19,0.418,861.145,3.302,978.73,16.2,8.821,0
81.427,121.086,0.392,594.936,3.406,976.762,14.925,12.468,0
76.85,122.336,0.416,1020.305,3.245,970.333,14.649,16.834,0
77.088,129.457,0.48,912.513,3.131,951.056,20.937,15.799,0
74.715,117.688,0.422,1049.732,3.212,935.268,26.033,9.679,0
79.692,127.018,0.458,727.732,3.306,937.217,26.022,15.004,0
78.772,111.7,0.46,890.939,3.261,977.385,18.867,9.301,0
75.287,106.504,0.432,819.256,3.375,959.704,14.947,17.266,0
81.223,141.513,0.456,806.432,2.869,964.623,20.428,11.985,0
69.09,120.607,0.422,746.419,3.504,955.383,17.201,14.492,0
84.985,105.962,0.352,968.179,3.225,953.983,22.164,12.758,0
71.022,124.187,0.462,850.245,3.348,969.729,18.505,8.815,0
82.996,160.818,0.556,1271.888,3.009,871.268,85.155,23.355,1
69.18,128.473,0.466,906.61,3.193,909.812,19.878,12.252,0
86.329,128.859,0.532,706.183,3.261,979.97,22.214,14.05,0
78.132,124.639,0.496,853.812,3.329,946.686,14.782,10.18,0
76.394,92.203,0.52,837.472,3.3,1011.673,14.481,14.38,0
80.878,111.863,0.438,823.19,2.999,926.18,20.334,13.269,0
67.065,107.768,0.52,757.298,3.53,954.792,14.759,13.484,0
79.463,114.029,0.477,901.984,3.32,934.6,12.152,15.353,0
75.111,128.538,0.456,777.026,3.211,949.684,17.399,14.275,0
73.351,99.618,0.506,904.07,3.512,976.108,10.957,9.579,0
75.412,96.078,0.49,935.835,3.303,980.978,21.16,8.427,0
103.218,133.206,0.353,853.601,3.435,930.63,19.58,9.197,0
74.056,123.047,0.446,854.166,3.236,991.263,18.024,7.189,0
76.35,134.698,0.461,849.579,3.396,962.972,15.499,14.67,0
80.628,138.803,0.429,638.643,2.988,890.233,17.356,13.704,0
58.932,131.463,0.429,762.537,3.522,953.793,14.831,10.568,0
66.734,133.742,0.468,831.844,3.176,950.264,19.452,5.344,0
82.115,132.815,0.482,749.814,3.217,900.997,16.573,14.656,0
70.004,133.255,0.389,774.212,3.081,968.436,23.693,12.415,0
83.666,121.456,0.492,847.641,3.211,904.631,14.824,7.627,0
77.355,158.91,0.515,816.001,3.285,959.563,13.506,10.254,0
68.874,137.667,0.491,738.895,3.344,924.704,17.349,9.852,0
64.534,87.933,0.414,693.952,3.379,979.34,22.508,13.362,0
72.607,143.486,0.451,897.164,2.864,958.723,15.155,16.856,0
86.908,135.862,0.524,697.433,3.225,956.535,15.008,16.408,0
68.045,138.738,0.488,692.263,3.018,957.391,27.158,12.764,0
82.836,136.499,0.417,946.735,3.131,979.918,24.977,7.349,0
72.508,121.337,0.449,956.957,2.921,1003.098,21.658,6.266,0
77.988,118.378,0.46,891.004,3.216,922.007,25.065,14.757,0
72.337,123.103,0.413,922.621,3.378,964.309,13.418,10.212,0
76.129,120.955,0.533,757.852,3.272,948.01,17.184,11.772,0
79.072,113.265,0.478,876.011,3.099,952.63,20.717,11.785,0
81.502,98.334,0.387,755.515,2.917,927.057,12.951,12.48,0
76.354,120.127,0.411,853.121,3.478,940.513,17.712,12.842,0
74.448,126.409,0.433,936.317,3.268,960.65,14.692,12.128,0
70.056,127.1,0.445,800.431,3.077,969.103,19.798,13.409,0
71.066,112.753,0.5,930.163,3.212,938.372,22.342,10.353,0
62.109,121.955,0.457,943.309,3.187,914.302,22.068,7.372,0
93.12,85.632,0.48,964.767,3.169,982.428,19.761,14.764,0
78.181,109.372,0.567,867.302,3.637,958.211,15.791,3.36,0
72.562,144.683,0.413,835.161,3.014,946.858,13.81,13.384,0
86.431,118.267,0.349,865.133,2.988,990.229,20.052,19.844,0
79.027,165.266,0.65,4036.475,2.841,986.671,30.292,30.118,1
76.99,97.36,0.409,790.469,3.279,962.936,21.265,9.196,0
84.193,118.182,0.46,977.171,3.119,959.45,21.148,15.043,0
77.956,117.655,0.446,894.178,3.358,895.925,14.563,17.136,0
80.522,118.421,0.425,902.338,2.912,970.077,13.806,11.931,0
69.31,121.645,0.512,859.518,3.638,914.788,14.993,17.192,0
69.471,138.887,0.377,808.461,3.333,962.585,17.839,13.732,0
74.385,108.695,0.437,937.11,3.164,929.552,12.771,8.541,0
57.86,160.702,0.415,882.109,3.554,975.201,22.467,7.378,0
87.185,135.071,0.443,781.965,3.723,953.775,21.761,10.635,0
67.281,114.083,0.494,900.04,3.069,940.12,19.694,8.109,0
82.909,86.391,0.57,928.263,3.115,952.455,16.309,10.468,0
77.815,118.453,0.472,725.222,3.493,951.972,16.976,13.417,0
66.314,135.871,0.416,807.406,3.207,927.523,16.441,15.085,0
65.625,142.413,0.455,849.345,3.102,903.68,19.598,16.923,0
71.926,105.341,0.508,849.571,3.064,926.063,18.426,8.825,0
79.585,164.855,0.47,754.901,2.625,965.766,8.583,16.599,0
68.641,101.071,0.505,955.899,3.243,982.293,14.209,13.824,0
72.692,108.573,0.423,852.357,3.324,927.011,20.659,13.015,0
91.431,121.156,0.49,981.096,3.335,923.232,16.977,11.272,0
84.933,127.444,0.403,694.113,3.076,873.76,20.827,11.312,0
87.457,110.769,0.544,761.297,3.503,966.757,20.144,17.155,0
83.481,126.891,0.469,766.361,3.233,944.167,24.015,12.513,0
87.272,101.999,0.388,977.307,3.179,941.28,17.338,12.086,0
75.488,124.396,0.445,788.574,3.175,901.1,19.818,9.62,0
71.87,122.082,0.398,900.397,3.037,982.946,19.35,7.304,0
76.254,113.419,0.445,885.341,3.326,975.835,16.203,9.952,0
67.756,126.162,0.421,738.205,3.003,949.231,26.579,10.667,0
74.365,100.791,0.382,613.943,2.987,945.985,18.142,11.28,0
75.431,108.949,0.39,734.941,3.152,956.421,11.643,6.345,0
72.298,94.478,0.405,871.726,3.472,959.533,23.062,14.607,0
62.408,116.267,0.489,707.841,3.448,982.017,16.348,8.821,0
84.954,94.207,0.509,849.38,3.174,961.256,18.158,15.816,0
88.31,153.458,0.527,1250.69,2.872,933.314,65.179,25.155,1
75.706,128.226,0.382,893.757,3.336,955.215,17.167,10.201,0
77.065,123.505,0.376,908.321,3.532,933.748,14.61,12.063,0
70.371,113.67,0.413,807.246,2.965,954.266,19.683,12.491,0
72.286,94.849,0.481,813.395,3.347,929.203,16.039,13.77,0
74.703,118.358,0.436,796.282,3.409,929.544,18.933,12.603,0
80.689,139.993,0.498,1001.807,3.533,948.252,20.152,12.072,0
67.939,129.605,0.476,917.771,3.368,977.312,19.27,8.894,0
76.181,124.561,0.466,740.295,2.75,950.031,9.302,6.564,0
65.888,144.853,0.479,827.186,2.926,930.822,16.877,11.328,0
62.634,136.156,0.486,931.345,3.26,879.342,19.039,7.389,0
70.376,133.928,0.418,766.274,3.156,902.078,25.088,13.683,0
77.011,115.352,0.422,909.253,2.977,947.214,16.787,11.079,0
88.89,106.625,0.442,814.814,3.337,985.088,19.177,10.285,0
80.041,123.471,0.458,773.665,3.313,978.039,12.85,17.508,0
82.282,139.735,0.385,903.12,3.183,939.849,22.196,12.242,0
76.718,118.626,0.443,773.345,3.667,993.922,13.533,11.255,0
77.4,109.174,0.444,837.26,3.494,969.415,16.173,15.995,0
91.575,165.769,0.626,3657.651,3.089,924.964,25.077,29.688,1
87.511,110.456,0.399,744.035,3.448,1006.923,14.372,8.046,0
96.665,149.532,0.443,861.272,3.202,938.226,19.801,12.909,0
67.748,136.278,0.441,815.701,3.402,968.782,17.509,13.373,0
66.186,114.798,0.373,789.341,3.379,913.674,17.267,8.541,0
92.974,103.092,0.368,854.079,3.404,953.294,22.469,9.02,0
73.723,138.272,0.354,869.309,2.963,917.097,16.76,9.399,0
82.875,135.156,0.4,938.196,3.483,952.075,22.348,8.426,0
62.136,104.766,0.463,873.107,2.966,975.539,16.095,12.036,0
90.39,129.914,0.542,941.872,2.945,966.601,17.399,15.496,0
78.114,112.014,0.424,661.363,3.192,935.823,19.203,9.537,0
80.269,108.657,0.55,899.554,3.091,962.904,19.065,8.762,0
67.334,131.359,0.448,775.895,3.365,968.558,12.965,9.577,0
75.373,117.141,0.569,919.412,3.305,924.675,24.692,10.249,0
77.474,113.425,0.381,814.43,3.006,927.137,18.373,9.404,0
80.888,93.489,0.524,745.517,3.305,889.187,12.315,18.042,0
82.949,131.59,0.407,881.442,3.266,943.283,20.643,10.039,0
80.88,118.447,0.482,933.576,3.338,968.118,18.143,8.391,0
68.53,133.495,0.429,717.623,3.377,956.604,20.826,9.739,0
91.886,98.789,0.414,822.029,3.122,952.744,16.35,9.122,0
71.428,119.268,0.496,817.539,3.274,910.887,23.685,13.199,0
67.21,142.6,0.431,868.417,3.133,945.328,13.923,12.296,0
65.928,80.838,0.436,703.994,3.187,952.73,10.564,10.128,0
74.366,108.481,0.448,892.809,2.915,940.948,16.544,13.62,0
71.697,132.53,0.354,882.953,3.019,946.05,18.286,12.67,0
75.928,121.078,0.42,734.474,3.376,1009.99,24.921,9.115,0
59.403,135.055,0.455,729.16,3.456,958.33,15.155,9.515,0
85.857,104.251,0.468,680.781,3.268,948.149,14.496,9.245,0
74.905,114.095,0.486,804.582,3.365,943.988,15.167,15.356,0
65.596,130.017,0.435,827.336,3.51,945.712,21.808,14.163,0
77.085,106.876,0.552,971.195,3.428,977.908,31.566,16.659,0
81.348,117.601,0.421,795.916,3.372,952.253,14.703,5.937,0
77.077,96.333,0.442,913.803,3.072,937.554,22.436,14.714,0
78.411,125.579,0.442,816.216,3.112,941.809,20.343,16.393,0
77.792,130.079,0.55,808.063,3.524,971.798,18.346,13.415,0
78.401,92.473,0.442,737.628,3.025,936.532,18.679,7.305,0
69.53,123.366,0.437,907.055,3.353,931.438,19.156,10.946,0
64.71,122.879,0.431,682.95,3.151,951.069,21.0,13.324,0
68.823,126.458,0.371,922.101,3.305,901.757,12.965,10.819,0
68.117,138.097,0.421,875.72,3.22,948.122,16.271,10.11,0
86.728,114.708,0.44,792.786,3.41,928.363,15.141,10.55,0
68.645,150.321,0.474,756.655,3.178,920.007,15.881,8.111,0
67.908,105.003,0.51,801.925,3.397,923.504,21.119,4.934,0
81.805,118.028,0.399,805.649,2.799,955.217,14.781,13.853,0
72.977,128.385,0.411,830.586,3.54,906.804,16.362,13.129,0
76.349,108.191,0.424,862.088,3.412,927.63,17.325,11.635,0
74.682,134.699,0.387,655.028,3.159,1005.64,19.697,18.101,0
72.669,111.212,0.486,946.417,3.541,926.995,18.138,10.65,0
81.842,122.751,0.428,729.64,3.489,942.892,18.971,11.631,0
65.106,95.407,0.409,760.592,3.34,934.688,22.003,11.955,0
83.729,125.729,0.463,939.868,3.057,1013.725,16.46,18.743,0
71.139,118.92,0.543,843.708,3.503,962.439,16.221,12.385,0
63.638,121.632,0.518,793.648,3.32,945.489,20.477,16.497,0
76.408,141.979,0.53,892.949,3.239,960.014,19.994,17.402,0
72.381,105.404,0.43,948.724,2.963,964.008,15.554,7.718,0
83.531,113.943,0.443,908.9,3.133,977.927,12.181,10.651,0
75.91,114.374,0.57,786.935,3.225,978.546,28.36,11.414,0
55.715,102.523,0.519,916.405,3.15,952.826,18.559,12.061,0
80.528,126.142,0.361,859.246,3.271,942.861,15.232,7.827,0
72.484,111.68,0.369,888.568,3.085,914.879,15.622,12.185,0
119.544,170.049,0.786,1932.815,2.427,1001.109,40.065,29.726,1
75.981,117.98,0.416,841.978,3.441,962.429,19.118,12.678,0
69.139,89.64,0.468,915.758,3.469,915.023,21.793,11.939,0
66.248,137.581,0.529,895.369,3.127,931.227,20.178,15.111,0
67.3,117.722,0.449,731.244,3.325,994.11,17.748,9.647,0
79.228,139.197,0.358,823.255,3.29,942.088,25.451,0.51,0
73.573,133.905,0.498,847.923,3.103,974.813,12.729,9.656,0
76.018,124.936,0.438,720.98,3.368,991.174,11.437,9.81,0
73.05,103.177,0.461,799.31,2.981,957.486,13.417,14.451,0
78.798,103.493,0.444,926.78,3.372,938.882,19.755,11.47,0
81.788,118.0,0.463,778.871,3.25,918.878,16.853,8.45,0
78.963,105.435,0.441,921.392,2.912,995.663,12.593,12.296,0
82.825,117.17,0.461,878.584,3.255,986.609,15.407,14.007,0
73.324,115.994,0.429,1034.8,2.826,939.009,19.033,11.132,0
82.651,88.461,0.412,723.435,3.152,934.337,15.263,14.362,0
72.924,128.871,0.468,936.817,3.067,948.708,16.294,13.781,0
96.683,112.577,0.424,816.955,3.285,944.464,11.853,7.676,0
66.864,139.328,0.412,875.236,2.904,936.349,18.289,14.551,0
75.773,131.004,0.394,851.304,3.443,993.895,25.293,14.085,0
78.439,128.779,0.441,686.385,3.293,944.853,16.397,10.961,0
74.184,135.336,0.504,844.943,2.92,947.118,18.812,17.776,0
72.001,103.746,0.451,784.071,3.287,925.269,18.191,6.69,0
95.714,137.593,0.412,1144.377,2.572,848.271,58.038,21.984,1
73.458,107.307,0.426,926.166,3.416,922.428,12.094,15.291,0
59.09,150.078,0.487,857.57,3.021,919.306,13.945,17.755,0
54.756,114.171,0.477,824.47,3.242,956.588,19.877,14.546,0
91.0,100.09,0.419,886.855,3.282,936.884,16.494,17.697,0
123.681,195.051,0.773,2295.437,3.019,1061.147,41.188,30.945,1
61.504,105.16,0.493,891.556,2.867,961.268,13.051,11.395,0
74.948,101.832,0.433,703.109,3.297,911.67,12.642,12.272,0
64.899,127.606,0.402,739.669,2.831,943.234,15.185,9.653,0
84.036,126.168,0.443,693.886,3.718,978.136,19.335,15.843,0
82.211,106.574,0.403,926.292,3.281,936.646,21.339,10.257,0
58.742,114.827,0.435,1021.47,3.174,951.814,20.19,10.494,0
75.345,92.329,0.407,860.632,3.089,957.71,22.903,10.043,0
69.054,102.644,0.457,893.243,3.357,976.158,23.246,12.458,0
65.173,127.515,0.453,738.535,3.427,965.591,11.06,8.935,0
75.484,120.044,0.373,677.073,3.432,924.196,19.509,17.197,0
78.945,122.572,0.481,783.194,2.933,995.646,21.984,5.93,0
81.508,130.855,0.358,914.768,3.313,961.258,8.074,16.723,0
80.525,130.315,0.47,1013.477,3.295,972.018,15.136,15.228,0
93.55,106.727,0.382,919.344,3.384,953.827,22.246,14.756,0
60.354,127.552,0.499,766.678,2.894,986.335,14.773,11.702,0
80.391,110.785,0.539,796.605,3.417,964.447,19.328,8.156,0
57.802,110.054,0.427,817.838,3.089,956.991,20.41,14.111,0
69.712,119.073,0.493,785.064,2.952,947.241,23.473,13.415,0
92.823,113.6,0.434,755.651,3.043,909.429,19.094,10.154,0
91.091,114.31,0.523,729.783,3.108,948.117,22.034,9.169,0
91.281,144.455,0.489,829.184,3.08,962.617,16.255,10.752,0
81.482,127.784,0.58,828.553,3.182,997.298,14.35,14.205,0
70.726,124.069,0.46,981.768,2.997,956.754,13.989,10.772,0
68.438,118.339,0.421,784.681,3.18,964.951,12.746,9.64,0
81.08,91.478,0.406,857.994,3.356,970.107,23.483,4.792,0
89.414,112.42,0.394,761.288,3.193,920.287,21.022,12.299,0
76.271,157.145,0.522,883.847,3.584,952.493,15.809,14.866,0
78.8,95.859,0.474,853.523,2.991,928.669,22.126,9.657,0
85.338,123.76,0.494,745.558,3.085,962.105,22.779,14.039,0
80.314,123.952,0.396,956.993,3.048,942.23,12.775,15.176,0
62.971,107.043,0.465,1030.806,3.092,914.791,24.439,12.74,0
81.133,118.149,0.351,849.678,3.135,957.362,25.532,12.501,0
79.786,139.204,0.415,902.844,3.424,952.82,21.401,14.519,0
76.78,128.412,0.422,925.511,2.715,945.754,22.58,17.541,0
76.919,146.395,0.429,804.018,3.284,915.78,14.819,8.78,0
75.149,145.957,0.504,902.867,3.045,957.878,21.206,12.173,0
70.972,108.173,0.506,797.886,3.307,949.112,26.415,12.958,0
82.661,133.262,0.457,844.296,3.272,940.502,17.954,10.761,0
78.601,115.827,0.364,967.732,3.341,956.631,19.464,9.84,0
75.477,125.72,0.36,680.468,3.16,920.03,19.841,9.484,0
78.609,128.843,0.452,998.117,2.629,951.364,10.961,16.845,0
76.535,97.201,0.388,846.895,3.483,913.797,18.694,13.092,0
62.945,101.81,0.492,788.891,3.308,930.164,24.481,15.359,0
63.761,124.224,0.592,860.932,3.131,946.375,22.867,16.11,0
70.079,129.405,0.399,814.755,3.367,965.771,18.828,12.964,0
78.405,125.311,0.529,734.427,3.425,937.954,16.796,2.816,0
54.718,113.487,0.433,757.612,2.976,985.535,15.803,17.224,0
65.495,115.439,0.451,855.173,3.188,941.242,17.658,11.103,0
88.561,122.588,0.397,811.856,2.914,966.983,16.344,13.242,0
66.938,111.294,0.468,871.369,3.535,978.87,18.593,12.373,0
76.031,105.445,0.434,858.357,3.102,909.084,19.823,11.581,0
117.657,162.323,0.468,1268.526,3.126,843.852,78.16,19.019,1
77.849,120.742,0.522,851.113,3.167,973.783,15.305,9.469,0
81.637,131.423,0.391,884.777,3.404,933.152,23.576,10.439,0
81.848,122.485,0.416,789.146,3.177,933.843,28.949,8.214,0
81.857,129.082,0.405,749.196,2.942,898.203,20.076,9.267,0
79.564,105.227,0.45,837.322,3.408,917.081,20.011,9.237,0
77.614,79.72,0.442,846.074,3.299,938.226,13.645,8.295,0
75.064,142.663,0.399,1070.564,3.186,971.946,12.835,13.358,0
78.657,77.017,0.452,833.59,3.052,963.575,15.801,14.449,0
73.492,106.992,0.481,694.549,3.248,940.417,14.828,6.691,0
87.165,125.516,0.418,969.515,2.901,982.856,11.58,13.063,0
64.959,122.701,0.423,764.871,3.161,965.508,17.298,11.647,0
82.655,110.721,0.429,913.052,3.176,984.857,14.139,15.296,0
73.321,130.009,0.433,900.704,3.041,943.316,13.728,12.835,0
81.756,107.348,0.403,881.98,3.278,935.345,15.321,15.64,0
87.462,105.37,0.428,896.031,3.188,941.68,16.317,17.951,0
83.251,122.575,0.462,749.841,3.242,954.286,20.934,14.725,0
77.62,107.946,0.542,958.659,2.958,916.564,18.045,12.508,0
75.585,103.751,0.522,914.165,3.415,950.414,18.573,10.835,0
77.459,105.206,0.437,895.823,3.215,944.823,11.59,15.483,0
82.72,100.093,0.452,853.328,3.413,945.072,21.903,14.607,0
75.501,105.827,0.446,777.228,3.06,969.273,17.254,11.524,0
63.045,105.845,0.415,811.797,3.012,966.242,20.673,12.852,0
70.452,121.474,0.449,928.658,3.572,939.998,14.753,11.155,0
81.361,122.243,0.488,908.905,3.145,937.828,13.611,16.209,0
81.866,126.083,0.408,820.244,3.436,917.731,19.999,11.299,0
63.96,97.672,0.427,956.703,3.232,921.725,22.175,9.711,0
85.157,130.455,0.375,1029.473,3.157,945.33,19.116,9.598,0
66.211,133.419,0.434,807.235,3.309,955.284,15.631,16.579,0
70.61,111.439,0.461,873.817,3.819,940.21,17.48,11.138,0
69.381,121.667,0.388,945.54,3.071,924.721,16.175,7.591,0
69.604,151.36,0.441,626.294,3.183,981.032,19.333,18.075,0
66.487,119.689,0.474,910.242,3.329,994.855,22.352,13.822,0
88.115,123.847,0.3,740.762,3.277,988.372,17.104,8.09,0
70.87,110.691,0.479,901.339,3.319,990.751,16.089,9.231,0
83.844,111.43,0.447,697.49,3.053,952.285,15.478,16.258,0
71.211,133.301,0.474,759.143,2.935,968.572,15.563,14.9,0
63.314,128.103,0.392,724.1,3.342,934.851,27.652,10.016,0
72.063,127.091,0.449,874.914,3.302,954.998,18.172,13.753,0
70.796,123.167,0.542,820.937,3.202,1000.845,15.854,11.309,0
72.998,129.972,0.372,738.129,3.235,932.532,18.752,10.315,0
69.816,115.657,0.504,813.437,3.453,974.525,18.524,12.598,0
72.359,99.462,0.453,818.219,2.83,928.36,17.244,2.358,0
73.705,99.62,0.41,971.104,3.35,957.783,13.707,10.118,0
66.98,133.142,0.439,781.594,3.263,990.087,19.369,18.871,0
77.951,97.046,0.507,997.899,3.373,940.98,24.828,13.263,0
76.925,107.874,0.434,940.002,3.282,983.348,11.833,8.475,0
62.467,98.638,0.448,923.712,3.337,941.625,17.69,10.287,0
69.471,114.378,0.421,817.075,3.188,1010.621,16.979,9.953,0
70.784,112.681,0.483,856.663,3.653,906.866,22.762,15.607,0
74.087,130.453,0.518,864.984,3.131,952.403,15.413,12.059,0
83.173,139.436,0.525,828.42,3.35,936.797,18.677,10.74,0
76.548,149.442,0.411,755.813,3.271,984.557,9.162,12.814,0
73.832,147.437,0.416,802.25,3.003,961.039,20.706,5.738,0
85.47,118.723,0.583,883.071,3.063,943.724,25.458,17.169,0
91.616,119.533,0.489,855.658,3.167,918.901,12.686,13.395,0
60.954,142.576,0.52,927.886,3.633,913.152,19.189,11.796,0
81.633,123.193,0.427,732.046,3.222,1033.914,20.657,18.611,0
126.67,197.793,0.79,2079.847,2.759,1033.812,47.786,34.08,1
64.314,103.556,0.489,858.832,3.342,945.354,16.167,7.605,0
76.446,123.666,0.478,766.349,3.219,960.35,19.008,13.221,0
81.172,168.663,0.482,3747.491,3.3,948.071,25.312,34.217,1
59.889,127.013,0.416,822.591,3.078,884.69,17.919,17.076,0
89.554,114.402,0.468,894.789,3.394,930.584,13.849,11.403,0
88.574,110.908,0.478,819.875,3.303,951.018,17.685,11.594,0
83.688,95.562,0.468,887.036,3.358,943.475,17.562,8.433,0
82.911,138.069,0.536,865.379,3.088,974.705,17.536,8.94,0
79.973,123.323,0.428,773.873,2.861,928.015,16.391,11.485,0
84.394,128.402,0.513,846.22,3.122,934.0,11.898,10.53,0
74.216,147.855,0.471,822.795,3.068,959.266,20.379,9.298,0
73.765,125.745,0.326,855.838,3.256,938.564,16.049,9.773,0
82.773,106.946,0.44,853.814,3.323,984.518,15.708,11.383,0
78.789,120.479,0.478,939.45,3.014,956.456,17.911,8.447,0
58.053,132.74,0.458,892.823,3.276,986.377,19.246,14.909,0
76.809,88.091,0.506,916.368,3.265,976.584,18.621,10.584,0
51.304,132.413,0.449,928.013,3.008,946.738,20.991,10.398,0
64.911,115.733,0.449,907.532,3.572,939.855,26.616,9.067,0
71.251,137.403,0.374,1020.875,3.652,987.455,19.798,12.466,0
85.927,118.303,0.554,981.835,3.195,948.206,13.966,14.165,0
97.269,181.947,0.535,1067.798,2.971,784.954,85.059,14.915,1
61.308,101.723,0.461,592.751,3.284,939.999,20.394,12.623,0
74.72,95.562,0.448,703.892,3.168,962.637,14.986,12.603,0
76.04,132.009,0.431,732.206,3.385,952.562,15.829,11.948,0
73.623,127.603,0.369,835.671,3.464,926.797,17.914,11.021,0
69.63,97.309,0.444,827.701,2.93,960.851,19.279,14.738,0
72.717,103.743,0.434,918.167,3.269,960.92,18.154,16.458,0
99.71,153.033,0.469,1139.114,3.008,869.844,87.04,20.63,1
60.494,113.194,0.399,727.898,3.175,912.618,15.666,8.455,0
106.788,177.669,0.57,3189.576,3.088,992.216,33.655,23.437,1
67.494,114.019,0.446,890.903,2.882,1011.859,17.334,14.847,0
80.399,134.181,0.377,883.009,3.575,961.891,13.989,6.233,0
82.714,133.231,0.407,816.989,3.31,933.941,17.548,13.238,0
74.88,136.763,0.477,1016.026,3.264,950.104,21.632,10.687,0
80.088,110.06,0.39,918.452,2.898,915.418,15.933,11.18,0
87.105,97.298,0.4,785.386,2.971,931.193,22.104,8.962,0
68.264,121.024,0.438,898.759,3.203,931.133,17.66,14.233,0
80.738,124.642,0.533,862.551,3.239,909.882,14.538,14.241,0
73.005,108.456,0.516,850.817,3.235,958.284,15.29,17.157,0
68.025,95.926,0.471,842.815,3.595,924.83,14.969,8.978,0
75.105,143.498,0.432,864.391,3.531,963.998,25.809,11.435,0
80.641,122.498,0.454,891.509,3.249,996.644,19.476,16.6,0
76.368,137.519,0.425,581.484,3.166,974.625,18.373,16.028,0
81.682,111.409,0.403,888.161,3.328,925.326,17.262,14.95,0
76.41,115.918,0.442,758.042,3.397,960.775,15.606,9.765,0
77.575,105.679,0.405,876.047,3.021,977.598,14.65,7.79,0
70.883,120.446,0.443,967.211,3.285,948.381,10.238,11.707,0
74.834,124.174,0.385,830.585,3.322,963.573,22.01,10.32,0
68.918,89.616,0.438,941.895,3.318,904.701,12.199,16.067,0
74.825,109.469,0.453,859.088,3.46,951.324,14.679,13.813,0
68.246,116.414,0.403,900.402,2.813,970.293,20.248,13.997,0
74.645,109.928,0.356,879.029,3.526,898.111,18.875,14.241,0
105.714,195.481,0.766,1950.072,3.001,1010.765,35.522,36.625,1
69.253,110.071,0.342,788.732,3.2,933.617,17.097,16.354,0
84.968,135.078,0.524,775.916,3.146,976.329,21.442,12.62,0
97.702,266.613,0.66,2312.474,3.259,1022.263,54.645,30.761,1
63.66,134.875,0.409,895.099,3.24,936.614,18.753,13.731,0
72.827,124.509,0.391,851.644,3.308,898.377,20.246,16.612,0
74.0,142.054,0.496,934.585,3.398,955.29,15.131,15.156,0
75.451,109.551,0.448,793.369,3.162,1006.904,20.162,12.549,0
71.561,116.982,0.451,754.009,2.83,960.266,14.971,3.855,0
69.305,117.27,0.43,803.877,3.364,971.95,19.574,6.239,0
75.7,123.058,0.458,799.648,3.25,1001.051,22.17,13.333,0
73.842,95.74,0.409,952.384,3.167,968.757,15.404,14.204,0
67.938,122.767,0.393,964.337,3.242,939.114,15.805,12.381,0
69.236,124.679,0.392,917.877,3.331,941.336,9.094,18.525,0
65.951,89.023,0.362,933.934,3.161,950.275,14.984,9.123,0
63.977,126.777,0.422,771.413,3.481,937.295,14.367,11.878,0
74.828,123.252,0.497,770.038,3.225,933.231,20.157,12.71,0
94.531,149.967,0.398,813.203,3.359,985.698,19.911,17.666,0
65.888,123.304,0.463,795.042,3.02,907.571,18.171,10.404,0
83.137,94.198,0.495,1017.298,2.917,941.494,17.86,10.235,0
77.857,80.231,0.474,862.779,3.169,909.986,17.268,13.053,0
86.925,124.32,0.375,889.87,3.363,958.315,21.756,8.806,0
61.982,138.495,0.455,912.335,3.199,976.309,22.396,10.314,0
65.171,120.421,0.372,848.307,3.371,930.74,19.957,8.649,0
67.208,128.085,0.494,878.791,3.466,930.595,19.781,11.228,0
68.623,103.941,0.477,883.088,3.3,935.28,18.233,10.626,0
86.676,124.419,0.512,875.808,3.303,938.041,19.974,14.137,0
54.132,104.846,0.475,583.41,3.252,966.632,16.256,11.066,0
90.073,149.629,0.435,749.218,3.407,968.652,23.595,12.126,0
88.504,170.804,0.501,934.706,3.46,952.669,16.972,9.639,0
73.738,81.392,0.494,793.968,3.098,944.875,14.799,9.16,0
88.408,140.88,0.471,750.791,2.863,931.44,22.305,10.486,0
75.218,121.518,0.413,691.427,3.598,917.023,24.16,8.789,0
89.723,141.429,0.38,890.995,3.22,935.775,16.518,9.488,0
62.134,129.259,0.43,749.755,2.942,932.684,12.744,12.641,0
90.532,126.307,0.458,953.025,3.13,1006.557,14.489,8.418,0
74.851,104.151,0.5,750.81,3.07,981.299,12.156,16.945,0
86.65,86.491,0.46,807.166,3.201,957.498,17.303,14.039,0
71.014,143.334,0.541,706.737,3.076,995.534,16.785,12.639,0
77.764,105.746,0.395,690.561,3.373,970.937,16.956,13.177,0
84.087,127.216,0.462,848.388,3.528,948.604,23.095,11.614,0
75.955,131.579,0.555,816.786,3.054,938.726,15.799,8.81,0
84.687,129.164,0.418,779.861,3.081,928.266,19.968,8.727,0
84.879,112.863,0.5,735.742,3.189,995.217,11.694,13.094,0
85.151,97.245,0.512,809.062,3.016,950.048,21.452,16.936,0
77.237,117.403,0.445,915.844,2.908,959.127,11.526,10.62,0
69.111,133.659,0.439,877.048,3.201,920.994,17.67,11.404,0
64.663,98.188,0.482,790.172,3.208,972.992,17.267,9.937,0
74.425,131.551,0.408,860.384,2.954,973.742,15.434,10.251,0
79.689,116.023,0.582,924.377,3.298,990.895,21.557,10.028,0
68.243,109.571,0.396,973.139,3.26,954.346,16.749,11.072,0
81.177,110.41,0.469,755.187,3.086,1006.401,17.284,10.116,0
84.552,121.978,0.416,932.104,3.51,949.498,27.79,11.111,0
74.725,116.809,0.434,909.133,3.237,954.035,20.99,13.832,0
69.386,103.535,0.522,835.83,3.177,937.605,20.703,13.855,0
58.618,120.256,0.445,801.335,3.325,930.657,19.907,12.057,0
82.828,114.246,0.502,858.018,3.191,909.781,18.198,13.672,0
83.995,139.374,0.501,770.397,3.19,965.646,21.497,6.323,0
81.023,103.725,0.469,718.518,3.215,992.324,28.94,14.087,0
85.986,105.753,0.516,827.861,3.092,931.962,12.618,9.069,0
77.408,111.474,0.406,946.148,3.099,919.389,18.658,11.231,0
83.158,126.32,0.492,842.684,3.35,949.264,20.094,16.38,0
88.554,155.216,0.451,811.148,3.024,925.209,16.459,7.394,0
77.831,124.279,0.48,861.428,3.411,994.02,19.746,8.844,0
82.769,127.009,0.375,837.247,2.899,927.476,19.084,14.088,0
79.904,113.677,0.481,944.618,3.511,957.986,16.497,15.261,0
78.822,129.035,0.546,887.584,3.361,975.635,18.063,9.592,0
66.307,116.679,0.473,788.034,3.259,946.221,16.99,9.807,0
79.124,135.981,0.428,895.577,2.952,947.855,16.709,11.47,0
62.394,135.363,0.378,941.408,3.132,943.109,16.516,8.531,0
71.255,98.772,0.449,787.569,3.202,961.33,11.0,14.192,0
92.816,142.295,0.431,873.916,3.282,922.428,15.03,16.672,0
71.055,121.108,0.456,872.758,3.184,909.96,14.833,13.869,0
87.793,112.61,0.439,912.177,3.259,954.233,18.569,13.808,0
90.418,99.69,0.484,918.985,3.132,985.393,13.175,13.904,0
67.518,116.642,0.46,671.787,3.094,976.016,22.845,9.877,0
95.746,136.447,0.439,3566.311,3.29,994.585,32.519,28.171,1
74.167,111.582,0.457,841.871,2.922,976.548,16.557,16.296,0
71.366,119.651,0.461,875.596,3.116,929.042,13.123,15.853,0
73.719,121.629,0.396,819.289,3.127,929.222,19.625,11.372,0
82.349,109.043,0.426,709.108,3.065,994.305,22.037,13.939,0
82.21,117.516,0.466,829.152,3.247,962.236,18.628,12.415,0
63.419,124.795,0.45,895.145,3.087,926.205,15.5,18.37,0
70.349,150.132,0.433,764.923,3.31,936.386,19.069,12.098,0
81.626,127.902,0.41,870.87,2.878,969.213,19.497,6.648,0
72.251,120.727,0.467,827.216,2.958,924.534,18.76,14.213,0
77.639,122.161,0.416,860.089,2.578,915.89,15.664,15.287,0
69.465,142.254,0.366,842.642,3.108,924.669,16.426,10.66,0
72.663,126.73,0.505,792.557,3.206,907.103,17.0,15.866,0
75.827,132.668,0.46,792.31,2.943,949.09,13.975,11.379,0
84.879,122.805,0.445,815.258,3.262,947.619,25.877,11.288,0
78.626,109.048,0.365,766.53,3.12,952.261,21.009,13.835,0
65.619,122.16,0.427,998.366,3.544,936.476,20.46,14.026,0
64.08,88.152,0.454,886.864,3.472,976.647,14.053,11.79,0
74.016,111.254,0.445,860.895,3.138,914.974,17.528,6.468,0
75.544,120.945,0.459,898.6,3.084,998.162,21.217,10.51,0
70.734,137.244,0.36,891.358,3.022,943.628,23.11,13.86,0
132.877,182.366,0.744,2340.4,3.138,1040.028,55.82,30.691,1
65.724,115.593,0.519,906.687,3.1,944.97,12.608,12.397,0
74.811,109.125,0.464,832.072,3.327,950.218,11.631,9.845,0
78.11,132.616,0.52,833.38,3.371,955.181,12.756,13.839,0
66.268,127.415,0.345,806.29,3.782,942.742,17.366,16.878,0
80.805,121.487,0.424,936.464,3.216,936.883,14.235,11.685,0
68.496,135.544,0.402,754.08,3.367,961.197,18.516,3.801,0
88.82,111.024,0.409,784.273,2.903,929.469,20.699,11.239,0
67.992,119.653,0.498,822.511,3.348,983.115,22.74,15.512,0
80.994,120.805,0.536,886.057,3.119,960.975,12.84,12.874,0
79.093,126.224,0.5,992.969,3.048,947.256,13.625,16.476,0
83.111,121.473,0.526,940.749,3.219,924.295,14.945,15.285,0
88.238,119.037,0.483,1008.12,3.053,925.907,15.327,9.155,0
81.916,207.334,0.685,3615.462,2.856,938.503,36.723,31.741,1
80.032,125.014,0.45,1029.316,3.091,940.493,19.805,15.644,0
63.244,121.471,0.397,767.356,3.302,976.776,11.041,11.959,0
76.846,118.034,0.462,922.743,2.98,957.45,19.754,10.341,0
60.933,114.916,0.456,984.592,3.201,929.112,15.526,12.681,0
75.138,122.71,0.388,870.058,3.191,939.258,26.177,5.659,0
86.991,99.055,0.445,823.307,3.255,944.009,17.186,14.388,0
62.742,130.023,0.381,766.438,3.242,936.256,20.69,11.275,0
81.375,114.949,0.397,801.751,3.443,961.169,15.269,13.399,0
77.357,136.598,0.466,865.657,3.382,966.188,16.67,8.494,0
84.533,148.163,0.433,771.787,3.193,935.3,12.601,15.793,0
68.903,105.47,0.472,879.875,3.301,951.319,14.341,15.266,0
74.81,135.014,0.415,791.059,3.137,965.068,14.964,10.306,0
84.489,135.536,0.428,867.718,3.422,933.746,18.972,16.125,0
82.448,126.862,0.514,921.943,3.267,950.636,16.167,11.982,0
78.711,118.234,0.434,966.175,3.182,993.323,13.237,16.273,0
68.395,101.584,0.373,888.941,3.187,929.839,21.758,14.001,0
86.8,117.309,0.392,795.509,3.159,968.96,8.722,6.511,0
62.802,123.975,0.486,880.707,3.404,964.262,10.98,12.996,0
90.879,216.824,0.717,2411.679,2.454,1044.584,46.895,42.42,1
73.085,124.862,0.517,915.564,3.363,982.104,14.667,14.457,0
72.218,119.637,0.383,933.883,2.606,924.687,19.062,15.637,0
67.958,113.079,0.469,801.522,3.267,954.203,13.566,15.083,0
78.599,108.186,0.345,804.924,2.961,961.324,18.615,14.341,0
70.501,85.49,0.421,820.469,2.863,934.033,20.787,9.4,0
65.82,131.546,0.435,947.9,2.957,992.502,13.517,12.919,0
86.379,154.6,0.364,775.451,3.068,959.103,24.869,11.899,0
65.911,115.778,0.464,945.968,3.172,956.861,23.143,17.645,0
69.157,140.676,0.539,863.473,3.422,934.198,17.296,12.128,0
97.836,102.34,0.427,912.587,3.093,915.792,22.257,16.039,0
78.53,124.677,0.496,1010.857,3.343,937.653,13.325,12.396,0
73.586,104.927,0.46,1002.756,3.177,951.382,14.977,16.416,0
88.405,98.844,0.418,823.942,3.33,1009.034,15.139,17.548,0
72.263,151.486,0.418,807.448,3.162,934.604,21.035,13.355,0
67.387,117.233,0.483,815.807,3.121,921.957,21.148,10.849,0
78.714,119.008,0.439,802.091,3.102,944.471,16.64,11.463,0
78.097,120.301,0.38,931.656,3.194,937.787,21.829,16.618,0
70.166,125.209,0.502,859.876,2.96,906.02,19.752,15.444,0
58.501,103.79,0.407,822.259,2.892,948.382,22.262,13.194,0
72.303,123.409,0.432,884.683,3.286,932.649,18.548,14.592,0
85.754,115.713,0.418,789.737,3.47,1006.054,18.461,14.377,0
80.554,110.961,0.487,861.918,3.36,974.277,15.843,10.129,0
80.295,127.913,0.377,871.418,3.133,973.553,19.309,16.027,0
73.169,124.009,0.386,813.146,3.552,910.09,20.23,10.993,0
62.693,113.739,0.423,757.926,3.06,944.21,24.103,13.056,0
79.527,114.908,0.46,769.728,3.251,958.036,15.98,12.404,0
80.683,125.692,0.45,674.325,3.183,922.714,17.906,12.973,0
67.091,112.221,0.445,915.513,3.197,907.232,10.76,11.871,0
83.606,105.452,0.447,859.073,3.523,973.673,12.601,4.897,0
73.78,146.759,0.479,839.959,3.538,968.339,18.337,7.273,0
72.27,110.779,0.498,826.985,3.111,969.709,10.834,11.52,0
77.043,145.275,0.553,899.319,3.434,942.968,18.716,10.592,0
76.631,126.292,0.414,958.692,3.197,948.558,15.042,7.023,0
82.253,132.271,0.358,867.263,3.387,911.406,23.567,9.955,0
88.776,168.433,0.606,4082.057,3.088,924.743,32.923,20.653,1
73.007,128.124,0.501,730.541,2.975,943.476,19.504,7.43,0
66.259,147.161,0.474,795.684,3.448,983.435,16.922,12.761,0
80.805,122.261,0.42,909.353,3.303,892.604,16.707,18.522,0
86.825,123.899,0.408,881.843,3.266,936.8,18.743,17.704,0
59.794,138.252,0.506,777.301,2.704,977.45,15.932,9.971,0
73.039,92.419,0.534,751.15,3.627,915.427,17.821,13.346,0
102.123,193.076,0.559,3613.943,3.761,957.879,33.957,24.471,1
73.238,140.548,0.457,861.192,2.743,911.702,25.675,16.775,0
81.217,105.393,0.471,922.837,3.275,945.125,15.576,12.456,0
79.41,119.84,0.545,805.983,3.276,955.711,25.065,13.657,0
83.621,99.741,0.472,802.947,3.176,959.027,12.433,12.838,0
69.683,122.905,0.427,740.586,3.212,902.284,21.041,17.677,0
71.296,115.185,0.441,873.509,3.541,945.883,11.449,14.647,0
62.944,98.411,0.536,938.918,3.233,983.067,18.856,6.965,0
69.35,131.556,0.515,767.328,3.115,975.195,19.648,12.005,0
85.295,120.879,0.542,894.417,3.284,1011.385,27.582,10.678,0
68.745,116.366,0.456,1002.443,3.232,971.057,21.476,12.279,0
81.238,113.674,0.376,794.153,3.055,934.076,17.806,15.507,0
66.187,125.406,0.467,694.257,3.416,946.248,13.542,15.959,0
93.207,101.481,0.426,948.164,3.291,924.486,13.009,10.556,0
76.841,121.783,0.431,830.003,3.043,961.358,23.829,12.04,0
74.325,99.194,0.43,708.78,3.006,951.484,11.39,13.141,0
75.073,103.399,0.472,968.403,3.452,1011.101,16.612,4.372,0
77.751,117.519,0.465,722.159,3.569,908.607,18.213,13.651,0
83.074,146.973,0.43,966.745,3.491,924.797,19.9,17.186,0
81.551,104.672,0.369,825.419,3.492,951.661,21.307,14.198,0
72.184,122.414,0.349,857.624,2.945,914.957,21.314,7.373,0
72.813,93.064,0.46,906.018,2.963,931.196,21.555,14.551,0
78.027,122.794,0.432,869.945,3.357,970.164,22.691,8.095,0
80.403,137.244,0.444,760.21,2.845,982.838,18.788,6.358,0
58.051,97.469,0.435,758.091,3.114,938.714,15.539,9.201,0
64.163,111.493,0.554,847.239,3.095,943.922,19.424,5.767,0
81.917,90.343,0.418,862.07,2.964,941.918,16.477,15.193,0
61.656,117.325,0.439,983.456,3.248,935.527,29.44,11.966,0
87.695,108.304,0.483,1045.704,3.336,944.716,16.753,13.489,0
65.954,136.623,0.5,947.108,3.175,935.307,17.769,12.896,0
52.495,125.786,0.369,875.389,3.155,925.792,19.622,11.465,0
77.65,80.649,0.446,789.811,3.108,965.587,16.939,11.449,0
65.432,117.655,0.403,825.681,3.335,927.171,21.649,10.154,0
66.87,127.447,0.415,851.614,3.122,939.982,21.662,11.839,0
64.016,121.325,0.461,990.682,3.078,952.426,22.807,9.946,0
69.535,90.763,0.37,881.538,3.453,1012.61,15.155,9.343,0
76.665,120.612,0.376,940.133,3.186,951.42,18.164,13.654,0
78.764,107.897,0.501,962.191,3.237,934.735,19.204,6.674,0
73.933,114.222,0.336,834.832,2.992,948.997,16.621,11.196,0
58.992,140.359,0.378,840.047,3.21,959.37,17.764,12.685,0
57.359,100.444,0.472,851.14,3.262,968.258,17.338,14.633,0
72.691,123.988,0.478,983.896,3.176,934.165,15.928,15.358,0
70.88,136.876,0.398,966.771,3.297,972.046,12.616,12.233,0
66.787,127.368,0.403,1006.113,3.107,971.351,16.568,7.884,0
90.124,180.944,0.647,3218.824,3.488,910.724,25.952,29.423,1
79.481,120.42,0.427,938.524,3.417,979.397,7.179,14.796,0
80.582,134.729,0.386,868.072,3.236,932.975,24.934,11.908,0
55.61,112.953,0.401,886.075,2.881,975.275,19.526,21.187,0
77.904,113.221,0.401,680.384,3.544,964.575,18.947,10.135,0
72.295,136.411,0.491,900.092,3.226,941.083,18.778,18.701,0
79.232,95.035,0.451,651.848,3.382,914.725,15.016,15.378,0
79.474,126.822,0.536,1019.542,2.857,943.987,18.628,17.523,0
76.814,120.638,0.52,857.653,3.027,992.496,17.498,14.511,0
97.558,125.687,0.537,842.275,3.261,938.875,13.446,13.458,0
71.255,112.44,0.441,907.362,3.188,939.893,17.038,16.986,0
87.984,129.102,0.442,891.851,3.006,898.097,16.859,15.066,0
108.409,214.343,0.629,2048.787,2.883,1036.616,44.109,30.198,1
83.684,97.044,0.374,958.149,3.327,926.278,23.938,17.749,0
80.493,113.853,0.384,807.574,3.498,956.69,18.657,15.772,0
71.197,114.343,0.445,799.003,3.245,944.933,12.38,8.682,0
73.436,115.548,0.424,983.768,3.616,935.731,23.375,11.938,0
79.551,116.451,0.456,1072.288,3.053,973.494,14.47,9.554,0
82.215,114.03,0.451,680.276,3.135,947.663,22.996,9.507,0
90.998,201.359,0.603,3302.007,3.133,990.612,25.76,27.697,1
78.259,112.961,0.403,899.424,3.116,971.493,16.319,9.083,0
74.327,101.462,0.447,936.436,3.396,927.718,13.216,12.625,0
75.344,124.649,0.508,820.724,2.901,936.645,15.933,11.35,0
77.207,131.117,0.451,812.906,3.249,941.259,20.309,13.665,0
76.143,116.0,0.465,852.315,3.219,992.95,22.511,13.271,0
75.688,110.212,0.534,896.883,3.041,922.782,17.85,12.684,0
96.179,127.371,0.423,900.028,2.846,931.955,27.322,15.042,0
79.745,147.273,0.425,862.042,3.075,910.617,14.528,10.637,0
74.752,122.783,0.384,898.046,3.188,960.49,11.618,14.825,0
60.702,131.208,0.459,928.343,2.997,893.749,18.034,10.832,0
80.685,123.585,0.447,864.044,3.215,966.885,18.229,13.431,0
94.823,122.874,0.45,932.369,3.583,933.892,20.313,16.499,0
69.234,143.93,0.509,844.699,3.243,942.409,10.596,12.727,0
82.405,156.333,0.452,762.81,2.978,953.763,13.597,13.536,0
80.465,128.085,0.382,831.908,3.143,970.886,14.41,15.986,0
83.257,137.783,0.348,956.347,3.174,965.753,20.267,14.334,0
70.035,74.202,0.461,810.032,3.111,917.79,17.529,13.229,0
80.207,117.745,0.468,741.616,3.656,923.669,19.497,12.277,0
80.033,126.952,0.434,773.311,3.258,924.272,19.557,12.543,0
77.311,112.315,0.426,910.778,2.864,930.77,14.026,12.679,0
77.165,128.57,0.346,755.62,3.253,983.833,19.004,10.53,0
84.095,115.869,0.43,799.145,3.428,933.533,20.289,7.531,0
81.536,114.532,0.385,771.932,3.313,962.632,17.943,18.438,0
70.823,120.382,0.461,685.402,3.145,969.163,15.961,12.086,0
79.013,115.128,0.48,865.417,3.394,966.537,20.036,9.808,0
96.516,250.515,0.628,2056.446,2.483,971.965,27.033,35.762,1
66.347,140.023,0.347,785.395,3.306,968.249,12.876,14.543,0
69.271,144.507,0.426,910.111,3.504,940.509,16.83,17.123,0
81.829,130.041,0.434,868.824,3.212,941.266,12.319,13.357,0
85.25,104.671,0.476,824.083,3.083,902.312,12.246,11.479,0
79.798,122.158,0.397,832.516,3.219,934.469,20.323,15.005,0
68.059,110.353,0.463,774.239,3.385,967.702,24.402,15.23,0
76.124,123.998,0.445,906.11,3.185,976.134,16.23,9.607,0
74.54,110.581,0.499,799.558,3.211,929.591,19.506,14.017,0
63.112,140.942,0.477,831.157,3.619,1005.628,14.5,14.497,0
78.002,113.43,0.407,791.737,3.36,970.951,16.259,8.188,0
78.904,127.914,0.42,808.269,3.351,926.881,20.587,9.166,0
76.776,115.933,0.49,798.504,3.159,901.837,17.979,10.466,0
81.335,132.132,0.438,864.925,3.054,927.989,25.711,16.111,0
78.178,106.815,0.489,727.062,2.791,956.365,18.467,15.749,0
79.594,119.944,0.399,727.371,2.915,931.569,18.257,13.291,0
72.706,114.368,0.512,778.898,3.11,955.988,23.536,7.286,0
76.69,104.367,0.434,908.841,3.335,955.175,14.529,14.752,0
77.935,107.278,0.368,822.474,3.38,957.019,8.886,7.243,0
91.028,135.142,0.393,834.626,3.292,960.549,17.45,8.02,0
70.201,106.791,0.45,775.304,2.896,980.734,25.948,10.529,0
78.436,121.974,0.482,840.086,3.55,976.438,23.357,13.157,0
82.665,154.07,0.483,1075.708,2.564,925.254,57.891,30.073,1
90.096,114.43,0.356,856.257,3.647,912.263,14.815,9.277,0
80.89,137.039,0.469,854.983,3.094,940.141,22.292,16.178,0
66.994,114.513,0.414,961.129,2.944,960.878,15.891,13.802,0
65.413,123.385,0.55,993.057,2.733,952.955,23.567,18.668,0
81.374,118.246,0.523,800.784,3.287,1003.674,10.102,15.019,0
50.049,141.091,0.346,861.368,2.94,915.978,20.854,13.638,0
89.349,140.968,0.372,659.527,3.214,944.927,19.091,11.376,0
96.549,121.241,0.413,920.634,3.107,940.97,16.636,7.442,0
77.277,130.12,0.489,868.748,3.043,965.445,20.829,10.672,0
66.816,114.9,0.418,941.173,3.168,933.16,20.907,16.211,0
61.81,130.657,0.447,844.033,2.989,951.01,18.386,15.655,0
73.215,121.748,0.414,928.758,3.27,945.78,17.998,13.594,0
74.099,111.723,0.484,849.323,2.691,951.401,18.725,12.04,0
68.61,151.741,0.391,772.837,3.288,990.259,16.926,7.058,0
71.729,116.108,0.384,830.746,3.412,914.77,19.58,7.702,0
93.478,158.757,0.513,1154.699,3.181,863.929,50.656,20.957,1
90.253,127.639,0.433,754.117,3.059,951.214,17.142,7.66,0
82.077,116.927,0.546,881.335,3.136,931.634,8.689,5.17,0
72.709,102.243,0.507,860.816,3.521,973.572,14.39,15.019,0
80.486,111.588,0.426,901.386,3.311,991.165,20.532,9.259,0
72.282,122.782,0.41,799.45,3.409,955.018,23.376,9.973,0
78.624,95.558,0.424,816.183,3.051,942.738,17.043,13.047,0
72.862,99.737,0.459,870.254,3.289,963.82,15.126,5.42,0
68.543,121.245,0.449,817.042,3.155,925.138,13.476,6.609,0
78.96,138.251,0.5,1150.417,3.268,880.637,69.167,16.528,1
64.408,119.937,0.497,596.556,3.122,920.628,19.078,9.861,0
57.609,104.425,0.471,893.167,3.334,923.398,18.42,9.804,0
72.055,121.429,0.447,793.838,3.241,963.638,15.323,9.663,0
78.758,103.344,0.446,858.528,2.988,973.342,13.414,9.355,0
87.347,93.716,0.461,676.376,3.339,977.595,19.027,9.31,0
81.234,119.699,0.438,847.266,3.328,1005.775,13.824,15.839,0
70.948,105.923,0.4,885.352,3.118,911.721,26.275,12.606,0
80.112,122.163,0.472,853.638,3.327,953.593,22.585,9.831,0
90.187,73.372,0.466,930.227,3.17,941.675,7.919,10.522,0
81.13,131.423,0.402,874.408,2.999,914.884,18.646,13.693,0
60.249,131.495,0.409,764.127,3.114,929.816,23.918,11.891,0
66.13,117.049,0.476,670.363,3.578,912.031,16.649,11.834,0
87.053,127.278,0.507,901.787,3.352,954.959,20.727,17.068,0
77.879,112.506,0.466,874.52,3.112,976.546,16.297,10.394,0
75.65,109.657,0.519,786.881,2.911,947.08,22.012,14.422,0
79.247,95.416,0.409,905.468,3.256,933.118,11.888,10.28,0
62.463,101.576,0.466,755.69,3.247,971.963,14.005,12.87,0
77.388,105.452,0.535,848.087,3.463,988.51,19.933,10.295,0
63.237,136.332,0.466,885.054,3.017,990.138,21.099,7.018,0
72.01,108.112,0.433,810.465,2.986,936.774,22.951,8.391,0
73.122,83.421,0.426,661.039,3.464,958.661,17.756,7.109,0
88.578,137.216,0.467,861.823,3.124,958.837,15.626,14.07,0
60.299,143.506,0.268,830.491,3.278,973.678,17.173,10.042,0
77.063,130.615,0.493,917.684,3.277,907.065,14.347,12.505,0
63.832,89.751,0.362,889.88,3.378,963.142,12.028,10.698,0
74.751,98.07,0.505,902.966,2.889,915.765,17.218,10.956,0
70.95,105.391,0.495,804.686,3.298,913.5,17.13,10.02,0
88.477,112.621,0.48,779.422,2.877,968.486,22.568,12.282,0
76.044,106.602,0.359,939.916,2.972,946.68,20.424,13.057,0
76.259,101.078,0.348,784.874,3.555,909.184,19.816,13.505,0
81.382,110.924,0.435,631.297,3.267,913.75,19.025,14.597,0
73.166,118.916,0.482,757.198,3.355,936.278,19.35,4.323,0
75.435,118.285,0.407,755.602,3.137,876.817,16.902,11.671,0
72.625,144.437,0.472,750.672,3.229,978.022,19.756,11.701,0
94.825,134.698,0.449,758.995,3.12,966.342,16.426,6.788,0
84.188,120.06,0.436,795.177,3.268,934.48,12.519,15.767,0
87.588,108.437,0.496,725.697,3.032,1008.793,14.173,9.569,0
78.125,106.092,0.452,794.25,3.326,942.01,14.472,16.405,0
69.253,88.619,0.426,876.506,3.284,973.327,18.545,12.852,0
81.311,124.414,0.446,842.68,3.009,937.487,17.121,4.164,0
74.789,147.0,0.522,754.805,3.049,935.215,22.771,13.847,0
75.513,110.053,0.45,761.332,2.998,947.99,17.292,13.332,0
73.76,140.66,0.481,807.14,3.074,961.03,19.725,13.458,0
87.104,166.832,0.637,1124.336,3.193,820.673,69.062,22.593,1
83.568,147.184,0.347,901.317,3.325,998.668,20.497,10.244,0
81.234,137.02,0.454,725.091,3.224,951.85,16.583,7.945,0
95.806,113.155,0.469,738.122,3.231,962.112,16.646,15.968,0
84.717,112.891,0.425,906.114,3.032,925.166,17.974,9.077,0
65.218,88.987,0.421,839.871,3.133,987.186,14.938,12.986,0
72.793,115.756,0.514,833.611,3.494,943.717,18.827,13.04,0
84.106,150.752,0.494,1067.676,2.687,937.975,70.594,15.694,1
78.253,142.565,0.548,957.12,2.969,856.671,17.156,13.715,0
75.167,118.561,0.468,785.997,3.057,916.372,16.752,9.113,0
80.973,129.654,0.428,740.096,3.032,920.508,19.735,17.863,0
74.384,115.461,0.385,784.439,2.774,922.496,18.877,13.499,0
69.558,120.596,0.37,701.841,3.269,960.141,16.74,10.551,0
67.331,95.247,0.42,853.547,2.889,968.525,19.36,7.662,0
86.705,102.813,0.355,947.547,3.19,944.54,20.396,17.904,0
90.797,118.688,0.434,858.228,3.217,928.668,15.502,7.613,0
75.2,137.153,0.445,826.905,3.025,922.948,21.069,14.159,0
85.542,132.148,0.494,765.55,3.554,1024.346,11.019,14.168,0
70.343,114.785,0.421,899.04,3.098,947.846,15.13,11.108,0
82.518,138.921,0.417,845.377,3.322,960.504,18.269,13.15,0
75.307,118.952,0.505,916.477,3.516,978.386,16.658,12.415,0
65.453,102.497,0.498,787.835,3.253,998.539,23.765,10.899,0
63.788,133.255,0.511,781.866,3.308,966.624,20.887,13.715,0
72.044,84.492,0.506,814.417,3.188,905.428,11.797,12.283,0
80.359,119.875,0.491,865.026,3.545,969.971,16.396,16.065,0
87.161,111.404,0.477,909.428,3.181,951.958,17.876,12.256,0
79.407,94.952,0.536,716.716,3.396,1000.607,11.818,7.63,0
83.107,110.166,0.547,829.197,3.299,929.991,18.898,12.434,0
72.758,85.837,0.487,922.809,2.935,941.147,15.104,9.506,0
81.229,126.96,0.522,805.209,3.187,932.814,17.96,14.668,0
68.261,173.644,0.496,760.094,2.966,920.961,14.826,10.707,0
73.811,96.83,0.342,911.247,3.548,932.911,20.116,5.42,0
68.542,125.092,0.506,830.902,3.041,973.071,15.816,16.726,0
66.885,115.446,0.493,963.705,3.054,964.561,16.727,13.551,0
74.609,133.363,0.397,839.809,3.615,924.041,20.302,10.882,0
72.286,114.882,0.425,924.962,2.948,972.629,18.068,6.421,0
80.873,102.897,0.487,817.397,3.379,931.759,23.995,19.767,0
75.258,98.665,0.439,774.948,2.996,975.737,15.169,13.881,0
82.577,126.789,0.391,734.31,3.405,972.283,19.415,8.764,0
70.607,123.922,0.525,878.511,3.16,934.012,19.923,12.037,0
60.776,133.515,0.478,774.462,2.977,958.081,19.725,3.547,0
73.497,122.483,0.509,757.932,2.887,941.352,22.54,13.05,0
72.12,113.922,0.381,795.972,3.011,948.034,20.873,7.975,0
83.316,105.036,0.439,757.566,3.191,954.257,19.42,10.659,0
82.412,120.674,0.374,678.675,3.401,964.101,23.702,16.136,0
77.38,120.129,0.388,1085.779,3.158,948.475,25.095,10.078,0
69.753,100.84,0.552,839.928,3.488,937.152,15.976,11.561,0
75.715,118.982,0.397,947.581,3.054,968.154,16.168,14.379,0
89.009,121.784,0.454,788.287,3.369,929.054,23.62,9.132,0
91.211,128.97,0.504,773.998,2.553,945.844,26.354,13.865,0
74.626,111.189,0.499,960.804,3.14,963.709,19.925,11.71,0
72.249,112.228,0.444,935.161,3.223,980.864,14.724,12.433,0
60.68,145.029,0.421,705.99,3.388,949.026,16.986,12.297,0
77.572,136.214,0.434,866.34,3.183,966.28,19.459,11.326,0
91.976,127.425,0.458,894.842,3.005,930.795,19.295,12.454,0
93.55,94.146,0.447,820.25,3.295,921.888,23.16,10.549,0
84.208,110.802,0.517,905.414,3.097,913.666,14.654,7.253,0
75.692,141.739,0.487,927.094,3.172,945.111,19.734,11.045,0
71.781,109.102,0.467,872.105,2.981,991.804,15.023,7.332,0
78.221,128.705,0.475,892.735,3.218,923.115,14.687,8.002,0
65.545,99.518,0.519,971.622,3.167,930.457,16.185,8.224,0
66.755,105.038,0.459,866.785,3.294,916.644,19.28,12.73,0
94.169,161.43,0.651,3165.609,3.347,975.969,35.378,24.783,1
75.336,92.221,0.56,727.122,3.132,946.758,22.055,13.255,0
63.125,123.354,0.483,941.63,3.559,949.111,24.541,13.843,0
64.693,110.102,0.49,909.806,3.19,963.741,18.114,13.835,0
82.814,138.227,0.433,810.718,3.28,975.019,16.254,12.55,0
72.261,108.643,0.442,898.709,3.189,992.137,17.528,15.012,0
77.228,137.684,0.445,789.611,2.915,965.433,21.23,7.804,0
77.246,112.662,0.407,935.709,3.276,935.978,18.237,9.983,0
75.529,103.924,0.479,662.582,3.291,919.668,16.117,12.844,0
72.573,116.67,0.4,813.624,3.132,952.227,18.513,13.617,0
78.405,133.84,0.393,878.018,3.029,932.764,18.663,8.011,0
80.7,143.63,0.463,794.513,2.724,943.843,11.694,9.903,0
70.655,111.381,0.433,800.016,3.186,939.388,21.999,9.017,0
67.251,94.683,0.485,750.832,3.29,920.241,13.74,13.893,0
87.012,110.841,0.481,821.862,3.144,954.433,17.861,12.194,0
64.772,148.815,0.481,871.305,3.013,967.846,16.286,12.495,0
65.065,121.416,0.514,760.277,3.387,975.385,11.362,11.222,0
71.359,111.984,0.435,805.039,3.063,948.912,21.508,8.679,0
75.032,120.868,0.482,812.113,3.188,926.171,14.494,9.304,0
73.865,151.03,0.468,806.746,3.28,963.316,16.496,12.789,0
82.254,139.836,0.378,826.945,3.176,955.541,17.303,14.002,0
74.878,149.139,0.476,817.358,2.954,1001.043,19.791,14.854,0
77.97,122.179,0.477,695.336,2.855,938.074,21.445,15.639,0
87.428,141.289,0.403,799.45,3.301,955.715,18.089,13.651,0
81.089,110.903,0.416,750.159,2.967,945.27,18.934,14.84,0
85.977,111.569,0.548,890.769,3.205,946.109,22.256,11.907,0
62.581,119.42,0.441,788.204,3.136,911.657,11.669,7.233,0
77.901,149.778,0.384,749.998,3.066,957.148,13.257,12.839,0
71.68,117.627,0.504,747.793,3.1,995.214,18.471,13.402,0
80.236,166.277,0.56,3167.083,3.19,1009.471,13.84,33.004,1
85.827,113.942,0.446,800.883,3.23,928.902,16.109,9.449,0
80.514,110.778,0.396,854.501,3.417,951.609,13.233,17.503,0
72.986,127.633,0.45,933.899,2.892,908.306,22.438,10.828,0
88.932,187.518,0.716,3629.037,3.046,969.487,25.904,23.153,1
62.053,131.86,0.543,928.582,3.164,985.507,24.59,14.56,0
78.693,113.338,0.44,685.128,3.171,966.842,13.941,10.629,0
80.834,135.341,0.461,923.008,3.169,937.752,17.9,13.28,0
68.683,115.705,0.431,893.826,3.477,927.018,12.222,10.643,0
89.671,141.872,0.534,847.785,3.147,942.564,17.203,13.668,0
74.384,130.409,0.388,750.404,3.291,939.907,19.352,15.034,0
83.92,131.258,0.376,912.632,3.365,960.301,20.885,10.528,0
74.413,127.236,0.434,934.302,3.371,962.518,20.295,9.614,0
75.267,110.048,0.482,841.948,3.605,950.58,23.932,8.535,0
77.361,170.238,0.63,999.91,3.081,865.496,82.806,25.121,1
72.571,132.325,0.455,1005.72,3.086,947.301,17.475,12.177,0
81.363,131.303,0.483,839.678,3.302,951.355,9.972,15.074,0
63.967,115.231,0.425,781.305,3.125,944.081,13.233,9.076,0
133.165,230.91,0.742,2357.84,2.672,1077.362,29.732,42.761,1
53.312,93.758,0.464,830.434,3.184,960.431,12.889,11.592,0
83.936,140.15,0.414,954.98,3.379,952.549,23.091,11.341,0
67.036,117.749,0.618,876.634,3.08,918.223,18.591,9.795,0
82.983,106.691,0.52,870.089,3.391,953.016,18.984,12.691,0
74.903,133.508,0.532,917.075,3.247,956.895,8.159,14.706,0
60.749,124.244,0.51,784.717,2.663,945.301,13.985,10.587,0
84.232,147.96,0.388,733.184,3.308,879.325,16.056,12.825,0
83.621,89.672,0.505,667.543,3.087,976.138,14.97,11.931,0
77.06,154.583,0.363,885.282,3.088,967.743,18.753,15.048,0
73.679,118.272,0.453,760.712,3.347,899.952,20.947,10.741,0
59.229,123.886,0.432,922.277,3.369,926.598,19.444,13.427,0
92.745,94.389,0.403,860.317,3.504,984.14,16.766,12.069,0
69.639,143.621,0.527,915.503,3.298,930.209,21.853,14.055,0
88.784,124.728,0.494,938.78,3.041,976.103,14.118,11.615,0
80.838,128.927,0.409,686.131,3.244,948.963,27.785,12.622,0
63.753,143.978,0.445,916.909,3.031,933.468,21.474,12.042,0
70.542,115.626,0.434,892.818,3.067,917.146,22.475,7.128,0
69.834,123.031,0.468,916.949,3.28,984.036,15.514,7.934,0
78.969,120.207,0.383,776.804,3.218,956.092,10.017,8.024,0
72.003,103.462,0.411,814.546,3.135,929.693,21.052,17.528,0
70.154,136.636,0.515,951.672,3.129,964.642,15.441,8.871,0
65.844,120.021,0.494,835.076,3.255,899.745,22.593,10.592,0
77.407,108.117,0.445,703.478,3.362,912.859,20.52,16.281,0
75.997,100.749,0.48,938.465,3.017,890.101,21.308,13.119,0
84.119,125.989,0.448,858.403,3.251,935.08,18.091,10.582,0
84.541,113.657,0.454,699.38,3.102,931.416,17.996,12.944,0
77.722,95.198,0.548,858.861,3.105,963.107,19.618,11.113,0
73.761,133.2,0.406,889.551,3.199,946.788,11.615,14.674,0
63.711,116.602,0.522,933.054,3.292,974.792,19.821,10.422,0
78.901,119.221,0.43,880.699,3.372,906.312,23.286,14.266,0
77.246,132.506,0.458,815.001,3.619,930.289,13.09,15.525,0
76.098,120.742,0.496,980.777,3.315,921.253,11.107,10.892,0
78.05,124.106,0.464,907.291,3.174,972.209,22.477,14.205,0
74.791,89.611,0.497,883.878,3.302,965.69,15.213,14.202,0
108.543,97.88,0.459,882.178,3.235,904.746,17.666,14.631,0
69.303,108.666,0.493,873.748,3.236,896.355,15.301,11.21,0
79.998,129.989,0.46,956.361,3.098,947.114,21.191,9.99,0
78.677,115.35,0.43,759.59,3.246,957.888,20.7,10.907,0
74.428,107.072,0.574,871.984,3.291,954.329,16.461,11.876,0
74.653,108.418,0.435,896.338,3.547,919.952,22.456,9.637,0
74.245,137.444,0.518,727.026,3.46,986.91,17.189,10.358,0
80.365,109.797,0.541,752.857,3.36,927.251,14.203,10.926,0
84.726,129.343,0.447,993.668,2.952,963.709,10.886,9.116,0
76.493,137.52,0.499,817.514,3.366,976.092,19.914,9.513,0
72.127,137.173,0.418,844.126,3.367,955.716,14.904,9.289,0
68.19,121.46,0.47,791.576,3.579,994.705,17.665,14.463,0
76.656,106.738,0.446,772.828,3.239,985.678,20.123,10.352,0
90.262,127.643,0.431,636.627,3.114,916.577,19.336,12.685,0
70.951,121.893,0.414,917.475,2.822,937.228,22.132,10.713,0
78.977,129.134,0.51,890.029,3.163,951.014,18.12,15.259,0
69.51,134.56,0.483,834.776,3.009,990.337,21.373,11.072,0
69.169,101.773,0.525,875.896,2.757,936.866,24.419,10.749,0
80.852,123.211,0.502,918.412,3.378,961.975,18.792,12.449,0
66.922,128.377,0.494,823.404,3.57,945.107,17.205,12.067,0
92.536,108.844,0.493,796.626,3.483,901.802,17.788,13.483,0
75.055,106.027,0.476,809.13,3.396,943.127,19.905,11.78,0
64.463,108.64,0.53,759.118,3.276,987.637,15.475,13.299,0
77.81,115.108,0.487,854.354,3.174,928.099,14.827,17.461,0
76.943,110.034,0.503,828.59,3.29,954.028,19.364,15.956,0
83.886,100.687,0.545,860.927,3.049,921.345,19.853,7.524,0
74.989,132.217,0.464,795.836,3.184,932.939,15.75,15.54,0
81.999,134.923,0.433,909.706,3.178,944.328,15.083,13.087,0
76.262,127.463,0.465,825.776,3.292,925.308,15.009,18.337,0
77.872,145.641,0.45,819.684,3.416,925.801,13.407,12.515,0
66.604,111.094,0.492,808.546,3.024,957.257,23.181,14.392,0
70.909,134.403,0.401,772.057,3.241,956.125,17.041,9.075,0
72.88,113.115,0.557,916.552,3.162,957.194,20.939,13.289,0
77.323,140.384,0.489,846.815,3.178,953.892,17.68,13.059,0
69.658,129.341,0.395,882.006,3.127,955.299,12.922,15.141,0
106.854,173.851,0.64,3037.01,3.072,902.636,31.308,24.481,1
78.593,122.013,0.43,718.411,3.553,925.415,14.722,10.066,0
68.44,121.378,0.446,837.309,3.251,955.476,9.009,14.286,0
81.302,76.857,0.462,862.782,3.205,949.776,16.861,11.044,0
72.891,136.274,0.428,1093.054,3.098,960.242,12.55,20.493,0
66.348,129.601,0.357,846.823,3.167,913.783,21.504,12.316,0
73.733,132.658,0.445,761.313,3.305,938.72,20.713,10.11,0
77.252,132.573,0.529,858.322,2.718,973.145,20.962,12.758,0
77.704,124.424,0.498,823.138,3.177,951.046,19.856,8.499,0
74.635,133.331,0.518,822.655,3.396,924.363,15.364,14.353,0
69.306,102.594,0.408,852.95,3.13,933.861,20.358,14.396,0
76.219,118.573,0.435,730.252,3.293,954.796,20.772,7.93,0
65.723,109.624,0.444,762.903,3.539,939.17,13.105,16.145,0
63.379,99.612,0.424,877.97,3.497,971.82,13.722,7.769,0
78.639,112.617,0.513,1002.452,3.181,933.909,14.957,15.623,0
67.251,115.823,0.439,954.803,3.227,959.104,19.852,9.839,0
61.173,138.029,0.487,991.453,2.914,968.398,14.263,9.058,0
65.691,125.427,0.532,784.266,3.319,924.652,12.547,16.311,0
73.221,110.033,0.381,849.292,3.348,979.587,20.371,18.292,0
74.289,141.181,0.379,877.776,3.274,952.337,12.273,9.91,0
74.434,110.966,0.529,834.567,3.324,952.455,15.518,9.898,0
66.392,112.392,0.439,973.156,3.118,937.963,21.85,17.616,0
79.51,101.646,0.49,854.987,2.998,957.026,17.648,16.576,0
65.133,118.432,0.52,882.367,3.095,925.915,20.818,8.921,0
67.488,148.767,0.503,898.468,3.314,973.196,15.46,14.098,0
79.926,109.699,0.407,1118.833,2.999,947.219,20.191,8.164,0
80.284,126.354,0.554,888.578,3.156,932.679,18.353,11.905,0
74.285,118.316,0.39,800.017,3.1,946.986,18.141,11.849,0
70.684,122.484,0.393,797.628,3.153,971.602,15.184,9.512,0
71.276,129.948,0.5,884.947,3.354,903.432,22.674,14.189,0
70.52,94.503,0.452,934.159,3.152,926.346,17.05,10.882,0
83.2,106.547,0.442,772.215,2.834,934.009,16.89,13.99,0
82.324,129.865,0.539,935.15,3.065,996.671,17.439,7.322,0
74.167,112.029,0.454,1056.358,3.155,932.11,20.958,7.947,0
83.919,89.727,0.407,779.93,3.145,904.591,17.586,16.042,0
67.784,126.859,0.588,926.304,2.94,975.363,12.957,11.684,0
76.43,129.019,0.493,803.674,3.141,957.444,16.474,11.856,0
79.043,123.661,0.501,830.061,3.449,950.865,15.11,12.123,0
75.082,118.523,0.335,808.681,3.021,920.943,23.004,16.327,0
80.57,93.343,0.406,811.399,2.914,946.246,13.664,17.226,0
81.448,124.917,0.473,951.189,3.404,941.887,8.148,13.984,0
117.203,241.161,0.632,2295.595,2.746,1036.433,47.652,43.212,1
69.656,131.323,0.524,1010.921,3.54,941.737,23.845,10.366,0
74.92,138.947,0.438,855.111,3.133,946.488,24.195,11.443,0
73.003,103.684,0.534,899.435,2.754,997.913,18.837,9.683,0
77.303,133.051,0.419,700.307,3.241,969.168,19.256,11.507,0
79.151,121.155,0.491,858.166,3.053,951.312,15.018,13.66,0
75.717,154.03,0.404,863.94,3.036,981.951,15.049,4.956,0
78.057,106.291,0.43,703.722,3.164,976.531,22.482,16.266,0
72.076,134.831,0.345,826.05,3.179,914.83,18.418,14.832,0
75.472,131.112,0.359,942.972,3.247,996.012,19.775,11.298,0
74.03,122.75,0.517,789.648,3.301,961.653,18.371,10.869,0
85.155,132.547,0.402,871.577,3.339,940.046,15.413,10.089,0
74.979,135.284,0.487,814.517,2.952,970.593,13.167,11.514,0
75.7,122.711,0.521,1020.844,3.259,961.306,16.178,9.735,0
74.929,94.614,0.538,838.251,2.852,938.029,18.461,13.027,0
71.966,142.404,0.447,966.978,3.295,969.084,18.347,10.665,0
77.718,124.178,0.505,875.225,3.499,953.771,11.468,10.046,0
76.805,116.027,0.399,765.741,3.021,932.053,19.291,11.441,0
71.105,120.198,0.35,842.311,3.319,924.584,20.805,8.153,0
79.481,110.797,0.428,937.11,3.202,927.775,20.363,15.519,0
75.837,121.093,0.485,801.863,3.28,921.708,13.973,15.272,0
76.854,97.577,0.465,684.464,3.238,941.437,23.796,7.562,0
64.386,143.816,0.473,907.478,3.144,978.53,19.072,12.505,0
63.738,79.385,0.527,1001.88,3.178,939.721,20.014,14.961,0
69.52,111.134,0.449,942.856,3.141,929.962,25.161,14.78,0
66.948,104.544,0.446,663.473,3.058,920.182,13.787,14.732,0
76.092,155.014,0.405,1203.147,2.741,879.342,74.875,15.822,1
83.617,93.823,0.423,897.067,2.851,962.562,17.615,12.24,0
78.408,133.417,0.435,878.516,2.808,943.062,17.586,8.185,0
72.549,118.735,0.366,870.276,3.413,945.013,19.312,11.768,0
66.834,109.525,0.495,868.702,3.322,951.225,22.347,6.451,0
69.768,114.221,0.538,782.663,3.078,933.689,11.701,16.633,0
71.697,120.05,0.441,876.044,2.659,920.046,13.538,9.717,0
61.755,126.588,0.512,899.728,3.219,957.343,13.504,18.547,0
79.51,99.657,0.432,760.39,3.055,993.407,13.77,8.749,0
62.364,119.87,0.429,781.04,2.756,979.424,16.088,12.43,0
68.339,110.928,0.53,892.561,3.044,946.353,18.053,11.669,0
69.993,145.782,0.458,944.951,3.137,1001.993,16.338,11.742,0
70.91,120.044,0.419,834.834,3.18,938.744,16.201,11.354,0
73.397,140.421,0.52,623.667,2.915,895.876,18.256,11.876,0
58.283,119.914,0.463,806.996,3.194,950.37,19.059,7.557,0
71.234,138.442,0.508,949.506,3.115,947.071,16.811,13.776,0
65.205,114.525,0.484,873.177,3.248,938.154,13.3,13.018,0
69.92,145.499,0.431,783.956,3.345,963.034,20.022,15.332,0
57.374,103.536,0.356,851.617,2.999,930.032,19.775,8.754,0
76.286,132.592,0.361,895.964,3.318,937.666,22.561,13.011,0
79.804,174.466,0.494,1090.246,2.928,874.564,45.071,23.238,1
72.715,108.063,0.5,672.568,3.397,902.446,18.526,11.713,0
79.091,95.823,0.45,862.599,3.618,960.725,24.611,8.397,0
68.656,125.735,0.47,851.816,2.997,949.688,19.974,6.492,0
71.88,90.656,0.356,878.153,3.576,903.215,21.835,11.624,0
68.905,118.299,0.48,955.188,3.075,923.783,17.207,13.698,0
68.839,124.164,0.477,860.158,3.165,943.334,18.881,8.999,0
73.887,107.196,0.461,952.721,3.183,979.378,13.302,14.573,0
81.544,126.791,0.508,858.946,3.0,921.687,20.752,12.072,0
83.817,91.472,0.496,911.165,2.811,935.451,17.617,14.273,0
64.697,135.703,0.422,661.175,3.185,949.204,23.751,10.735,0
66.384,131.61,0.455,816.961,3.345,935.18,22.345,14.891,0
68.982,105.326,0.486,827.246,3.205,942.593,20.402,13.144,0
63.846,117.601,0.548,777.363,2.936,923.176,14.426,10.45,0
69.878,146.132,0.465,1046.598,3.223,921.737,10.062,10.222,0
65.271,100.774,0.487,750.872,3.005,933.007,22.794,15.351,0
67.385,105.439,0.508,894.551,2.98,968.427,24.714,10.436,0
84.308,143.532,0.504,924.842,3.087,932.87,19.521,12.9,0
66.473,114.983,0.417,781.942,3.366,955.604,15.574,8.741,0
89.585,130.56,0.452,803.197,3.242,974.786,28.546,15.985,0
75.998,122.925,0.481,887.905,3.406,936.653,16.721,11.779,0
68.551,103.75,0.378,878.267,3.391,912.773,17.423,11.993,0
73.613,121.426,0.53,815.275,3.234,950.597,17.055,9.166,0
68.235,129.54,0.466,963.868,3.51,983.324,22.645,8.66,0
78.9,120.696,0.406,803.238,3.409,905.082,16.455,9.27,0
68.336,119.922,0.394,876.333,3.023,993.686,19.059,11.706,0
84.081,106.501,0.48,779.919,3.286,934.178,16.373,11.458,0
69.915,115.742,0.478,868.62,3.238,957.417,17.012,13.981,0
76.336,107.861,0.501,805.998,2.933,947.436,16.146,14.321,0
58.048,127.943,0.392,826.488,3.501,954.784,15.763,13.093,0
79.022,144.892,0.518,680.114,2.991,979.549,21.302,10.535,0
85.502,113.878,0.478,901.34,3.498,943.061,23.552,15.399,0
72.198,128.027,0.396,815.636,3.307,955.808,14.281,12.215,0
82.47,134.027,0.522,798.856,3.067,968.415,20.618,11.136,0
70.135,137.061,0.473,765.022,3.069,934.539,25.754,14.506,0
75.113,117.299,0.457,796.537,3.219,949.107,20.629,10.688,0
83.262,92.401,0.43,943.616,3.055,933.915,16.796,8.937,0
77.522,145.835,0.508,871.733,3.368,947.604,18.456,12.736,0
75.737,127.942,0.439,995.447,3.406,901.343,17.955,16.353,0
73.914,125.416,0.361,901.91,3.18,982.61,18.368,15.756,0
71.705,120.656,0.444,962.055,3.194,924.593,19.372,15.784,0
77.732,107.758,0.519,869.343,3.464,945.737,18.503,6.223,0
85.005,94.06,0.474,874.985,3.071,963.914,17.41,11.798,0
75.68,117.679,0.521,865.892,3.255,946.525,15.016,12.073,0
74.567,138.173,0.446,791.297,3.138,918.312,18.765,6.346,0
87.409,135.93,0.451,909.333,3.139,994.366,20.275,14.163,0
73.762,119.359,0.484,755.637,3.164,972.755,22.407,14.042,0
91.79,119.348,0.44,960.687,3.43,930.292,16.011,20.508,0
99.711,137.984,0.459,732.801,2.762,961.396,16.657,11.074,0
71.916,147.713,0.461,763.579,2.998,957.671,20.542,15.126,0
74.083,114.802,0.479,756.818,3.568,925.703,17.192,12.637,0
76.511,137.464,0.484,803.97,3.485,980.526,20.698,12.562,0
82.265,151.32,0.445,740.954,3.534,953.58,26.998,9.743,0
62.033,131.58,0.381,758.848,2.739,938.922,15.42,15.556,0
59.838,125.101,0.425,827.472,3.196,941.684,18.226,13.895,0
70.068,135.59,0.419,832.105,3.134,944.348,22.276,3.161,0
63.837,118.688,0.47,875.937,3.201,924.148,13.137,8.534,0
71.752,103.597,0.437,743.681,3.078,943.281,25.313,10.322,0
72.487,109.794,0.575,631.681,3.245,917.769,20.14,9.638,0
77.528,143.798,0.485,858.623,3.058,940.335,18.847,16.124,0
64.286,140.865,0.415,769.91,3.149,917.012,17.272,9.369,0
93.596,118.719,0.475,842.768,3.087,919.964,17.31,14.024,0
84.909,105.076,0.332,923.024,3.424,987.839,22.098,12.085,0
71.229,100.059,0.476,786.251,3.102,939.8,20.586,10.784,0
58.974,107.575,0.374,818.141,3.259,899.07,15.786,8.538,0
83.728,131.612,0.541,810.181,3.5,950.933,16.57,12.177,0
64.048,107.012,0.344,889.327,3.249,995.557,12.078,7.605,0
72.921,97.416,0.405,957.397,3.065,971.579,23.441,6.393,0
76.731,102.808,0.359,769.945,2.76,942.45,24.219,9.819,0
94.331,110.008,0.501,791.519,3.376,957.273,16.906,10.857,0
73.549,117.443,0.491,912.727,3.384,931.371,22.761,11.705,0
71.324,98.768,0.453,856.093,3.368,939.324,20.372,10.054,0
62.56,144.408,0.512,894.048,2.971,941.451,20.066,10.347,0
76.755,104.1,0.551,827.835,2.901,939.816,10.491,10.441,0
72.371,133.576,0.475,766.755,3.434,937.088,22.285,12.499,0
72.222,106.273,0.471,841.775,3.339,959.716,14.601,14.112,0
83.594,125.88,0.503,766.541,3.305,979.85,16.644,14.071,0
71.593,106.001,0.389,853.064,2.853,928.489,22.92,6.698,0
73.518,117.549,0.434,792.46,3.348,999.47,16.416,12.858,0
68.725,102.672,0.435,769.662,3.036,930.845,18.276,11.832,0
79.119,106.494,0.433,857.733,3.457,918.076,20.142,10.393,0
72.361,119.387,0.471,887.811,2.865,932.962,22.09,15.673,0
72.0,133.512,0.492,821.878,3.004,960.794,22.305,17.498,0
78.184,134.339,0.494,833.044,3.113,969.287,17.61,8.345,0
70.022,117.282,0.406,757.324,3.039,894.509,16.292,12.067,0
67.874,121.151,0.401,872.112,3.023,983.834,25.022,8.07,0
75.426,143.816,0.485,1021.778,2.833,840.557,79.068,34.853,1
78.399,103.225,0.466,902.342,3.421,920.72,22.773,14.374,0
87.359,126.981,0.498,860.047,3.169,967.746,15.493,10.127,0
81.543,128.366,0.519,958.28,3.263,938.987,20.279,12.391,0
59.667,117.497,0.463,738.966,3.294,961.155,9.571,9.943,0
78.434,116.606,0.464,939.954,3.304,949.74,16.977,11.931,0
80.917,121.278,0.404,786.786,3.222,948.534,20.809,7.627,0
72.11,117.879,0.489,1070.387,3.239,959.506,17.975,14.626,0
69.872,112.545,0.446,786.373,3.178,953.769,22.497,12.042,0
121.672,223.681,0.681,2142.953,2.86,1016.842,49.207,31.336,1
89.529,113.148,0.455,753.305,2.957,945.844,13.55,15.185,0
68.741,107.712,0.411,1044.191,3.056,945.912,16.458,14.176,0
50.144,111.692,0.461,1009.523,3.241,885.252,16.883,10.635,0
72.888,100.298,0.424,824.807,3.104,965.637,11.999,10.53,0
85.567,124.894,0.467,723.394,3.341,937.506,14.268,17.675,0
86.556,135.272,0.491,988.34,3.149,941.619,16.544,9.846,0
77.795,130.612,0.444,913.167,3.338,956.027,16.302,7.699,0
71.043,99.093,0.427,846.264,3.203,872.232,27.081,13.315,0
70.446,96.614,0.518,922.622,3.184,949.291,20.607,16.426,0
78.401,114.341,0.411,785.848,2.88,964.706,12.697,12.949,0
77.748,120.04,0.494,902.869,3.108,966.311,18.09,17.953,0
127.817,186.517,0.727,2518.805,2.47,1002.814,43.387,33.016,1
81.935,129.227,0.377,887.737,3.132,970.665,14.896,10.236,0
75.285,124.493,0.4,686.395,3.221,929.687,17.635,11.443,0
81.058,124.475,0.377,818.291,3.358,959.63,19.525,8.284,0
107.696,168.427,0.63,3064.58,2.748,967.462,26.814,27.494,1
67.101,102.776,0.427,888.124,3.276,955.625,10.343,9.864,0
78.365,125.226,0.424,820.992,3.053,963.262,16.473,12.142,0
84.076,109.345,0.475,755.834,2.992,951.981,20.939,14.536,0
80.125,108.928,0.33,937.942,3.376,954.272,17.814,13.575,0
84.163,144.439,0.43,936.063,3.143,967.774,18.679,11.763,0
65.787,139.644,0.466,695.819,3.104,972.415,9.712,15.114,0
84.408,132.144,0.45,899.302,3.131,961.117,18.742,13.322,0
80.675,146.031,0.498,688.798,2.962,992.699,7.554,11.034,0
74.275,108.089,0.459,853.926,3.239,1003.963,16.086,15.516,0
65.014,122.463,0.455,678.937,2.883,928.704,20.471,6.018,0
73.299,156.074,0.472,777.959,3.363,941.661,18.873,9.972,0
61.503,115.792,0.487,908.77,3.477,969.3,15.266,10.899,0
72.995,127.82,0.364,746.881,3.043,905.996,14.76,15.086,0
78.518,102.589,0.313,921.902,2.991,964.157,21.478,8.918,0
75.196,121.203,0.452,964.83,3.383,960.382,15.425,12.409,0
78.18,107.609,0.464,851.504,3.337,980.063,17.187,14.696,0
64.841,115.86,0.422,764.309,3.006,954.204,15.374,13.164,0
86.654,113.018,0.39,839.686,3.096,940.864,18.533,12.03,0
71.47,121.661,0.5,779.918,3.026,967.967,12.122,14.027,0
80.523,104.077,0.499,888.848,3.069,910.054,16.131,9.225,0
90.586,155.14,0.434,895.492,3.208,925.799,26.196,11.739,0
82.805,105.63,0.494,848.203,3.717,955.504,12.663,14.605,0
71.889,113.268,0.552,810.438,3.042,947.942,20.696,10.567,0
62.586,113.141,0.503,850.039,2.976,902.045,9.151,11.715,0
89.801,146.72,0.375,916.806,3.512,963.828,15.469,14.831,0
76.065,100.519,0.415,756.448,3.041,964.929,14.93,13.61,0
79.408,154.145,0.425,844.108,3.35,971.414,15.131,10.443,0
77.209,115.872,0.488,819.073,2.951,945.8,20.409,11.525,0
80.368,106.099,0.501,666.504,3.269,1003.412,9.525,13.122,0
83.371,130.229,0.404,862.576,3.335,944.331,15.874,10.701,0
70.777,135.596,0.454,799.478,3.289,941.327,19.363,9.066,0
73.557,96.492,0.462,913.789,3.129,990.245,13.378,13.816,0
72.245,115.241,0.449,927.024,3.289,918.404,22.712,9.173,0
74.673,111.429,0.497,938.248,2.799,938.495,18.998,9.195,0
78.529,118.34,0.466,858.061,3.05,940.205,14.576,12.949,0
87.918,131.533,0.553,831.542,2.983,925.213,21.345,10.575,0
72.335,120.98,0.43,724.822,3.052,932.672,16.239,8.058,0
65.513,96.877,0.531,781.629,3.212,981.508,16.823,8.322,0
80.342,129.437,0.514,874.844,3.393,927.818,15.809,11.369,0
81.25,122.378,0.412,716.637,3.093,897.547,20.515,14.879,0
79.263,132.351,0.454,702.509,3.539,935.341,22.096,14.828,0
73.682,120.333,0.423,799.804,3.014,932.621,17.93,9.088,0
64.218,131.641,0.424,836.154,2.961,926.127,16.943,10.81,0
75.105,125.881,0.435,902.381,2.751,964.169,18.481,12.022,0
76.705,115.331,0.468,851.461,3.404,960.59,19.908,8.06,0
78.9,129.725,0.477,882.563,3.089,928.933,13.152,12.912,0
75.465,116.7,0.465,1073.199,3.203,933.532,23.375,10.676,0
71.971,115.077,0.421,805.545,3.241,907.398,13.786,19.853,0
91.344,170.723,0.566,1082.152,2.964,876.396,76.397,20.126,1
74.003,127.627,0.503,941.413,3.268,954.486,12.464,8.056,0
81.701,112.491,0.397,796.28,3.355,977.554,13.855,11.439,0
74.386,122.122,0.522,798.594,3.13,944.636,19.27,15.545,0
86.909,108.542,0.399,822.671,3.224,941.208,20.778,11.758,0
81.897,125.491,0.396,776.077,3.26,993.774,9.232,14.567,0
80.811,131.6,0.528,969.336,3.022,985.006,14.786,14.813,0
80.565,114.339,0.398,916.604,3.523,931.672,18.969,10.698,0
73.535,103.995,0.375,817.459,2.7,963.333,16.576,13.117,0
79.022,133.558,0.542,884.43,3.057,912.556,19.862,13.627,0
76.907,94.423,0.436,713.241,3.285,927.8,15.068,11.123,0
72.843,143.755,0.556,697.749,3.063,919.232,21.625,7.081,0
71.843,122.599,0.379,858.116,3.228,960.669,11.772,8.709,0
83.616,177.78,0.589,2608.628,2.921,987.095,31.452,30.19,1
79.948,136.99,0.429,858.617,3.189,987.419,14.491,9.417,0
71.499,107.372,0.518,904.358,3.361,933.878,20.551,15.012,0
85.304,119.455,0.539,926.938,3.376,895.75,18.102,16.191,0
73.074,121.638,0.449,961.697,3.292,935.929,17.132,13.923,0
63.129,129.991,0.42,875.024,3.103,972.43,16.454,12.305,0
65.919,118.589,0.473,822.732,3.204,957.088,8.686,15.533,0
92.211,127.212,0.388,835.921,3.289,951.791,15.384,6.861,0
133.521,203.012,0.758,1960.589,2.663,1093.283,46.42,29.42,1
68.45,125.627,0.418,896.697,3.198,902.047,18.077,12.192,0
69.42,117.935,0.414,830.925,2.682,946.925,23.178,11.218,0
63.391,116.23,0.428,835.008,3.145,925.342,17.669,9.187,0
75.538,145.553,0.473,795.967,3.383,956.61,19.729,14.841,0
84.879,129.337,0.44,892.061,3.07,963.598,17.336,10.543,0
77.558,115.459,0.486,826.928,3.257,939.085,21.657,12.43,0
68.875,129.055,0.522,805.021,3.205,949.475,17.932,11.849,0
78.656,134.618,0.47,882.848,3.055,942.102,20.74,16.634,0
70.717,106.763,0.528,926.519,3.25,956.243,15.73,13.994,0
68.87,127.61,0.417,997.441,2.993,948.081,22.418,8.227,0
66.662,104.625,0.466,848.545,3.58,922.702,20.411,7.754,0
67.545,129.844,0.417,918.414,3.12,990.931,16.7,14.758,0
64.541,124.898,0.372,846.695,3.241,975.606,18.609,8.603,0
118.072,191.251,0.741,2320.153,3.344,979.923,43.062,27.722,1
75.513,122.862,0.46,896.353,3.302,941.395,21.124,13.24,0
82.104,99.526,0.493,815.748,2.953,899.307,15.024,14.723,0
84.328,109.155,0.495,761.654,3.283,970.901,17.893,11.61,0
80.193,119.718,0.416,831.645,3.072,956.329,14.899,14.267,0
88.149,126.231,0.364,934.865,3.559,965.175,21.669,11.332,0
84.026,122.389,0.433,812.591,3.192,971.744,12.033,15.663,0
83.854,117.211,0.418,789.38,3.223,933.174,18.958,12.971,0
79.93,119.378,0.5,749.626,3.14,948.198,16.017,11.003,0
82.337,127.328,0.457,712.535,3.275,946.957,15.404,10.223,0
63.978,123.983,0.528,918.274,3.446,958.706,20.839,10.026,0
77.263,116.372,0.397,799.714,3.13,958.233,19.624,16.895,0
68.549,99.74,0.449,813.531,3.136,973.142,11.591,12.181,0
72.335,137.034,0.493,794.103,3.238,976.843,17.173,13.324,0
63.443,114.838,0.433,826.222,3.31,998.163,13.109,10.564,0
61.274,127.195,0.445,822.934,2.973,938.384,19.002,5.08,0
73.313,133.039,0.458,818.993,3.109,957.572,21.854,12.283,0
72.721,126.88,0.388,809.04,3.106,968.839,23.241,9.479,0
52.146,110.835,0.499,862.165,3.24,958.363,14.685,11.469,0
96.032,184.972,0.885,2539.078,3.601,965.505,45.653,48.839,1
58.349,111.593,0.559,863.446,2.986,924.701,17.975,8.914,0
82.039,134.241,0.45,862.696,3.148,956.302,19.506,12.497,0
85.867,136.842,0.5,762.49,3.189,964.165,20.148,9.864,0
80.122,131.31,0.485,876.911,3.023,962.943,18.039,10.819,0
82.878,112.358,0.421,930.045,3.469,913.021,25.143,15.568,0
70.304,105.487,0.515,799.867,3.296,905.619,16.097,6.622,0
72.761,94.729,0.43,989.725,3.222,916.846,15.107,14.457,0
83.087,114.09,0.359,636.475,3.233,929.707,26.139,12.772,0
81.366,132.853,0.35,831.092,3.14,968.882,19.51,6.814,0
72.985,114.442,0.454,899.853,3.348,967.309,12.46,16.241,0
77.206,131.586,0.52,903.044,3.162,934.609,23.458,12.261,0
86.044,131.113,0.33,632.955,3.218,967.718,16.913,6.25,0
71.32,127.52,0.424,832.394,3.226,955.298,24.445,6.346,0
78.318,133.352,0.478,893.535,3.286,948.198,15.777,10.667,0
80.893,156.772,0.597,4397.843,3.162,1000.083,32.128,26.046,1
78.488,94.701,0.409,812.634,3.328,989.38,12.198,14.411,0
74.482,126.763,0.439,775.052,3.414,968.543,19.13,12.778,0
82.503,117.244,0.438,880.229,3.328,972.144,17.136,14.587,0
76.399,108.159,0.31,936.803,2.833,935.037,14.458,6.897,0
84.022,113.72,0.355,904.663,3.414,982.103,22.298,11.87,0
69.563,95.21,0.427,779.746,3.078,950.739,21.863,9.213,0
90.965,150.454,0.438,834.112,3.423,941.399,15.804,10.494,0
72.349,133.024,0.317,714.777,3.117,954.783,14.182,8.406,0
87.372,94.386,0.433,737.366,3.024,960.62,17.334,11.573,0
77.59,118.634,0.519,923.094,3.151,922.939,10.914,9.565,0
85.576,119.335,0.512,926.273,2.972,953.372,22.069,14.971,0
75.889,154.208,0.48,906.42,3.09,921.954,22.85,12.779,0
80.557,149.217,0.433,845.662,2.864,948.254,15.167,13.724,0
74.619,120.199,0.426,637.302,3.197,956.162,24.848,12.629,0
87.824,131.546,0.407,979.097,3.126,921.314,17.567,11.037,0
76.46,138.305,0.472,856.519,2.886,944.322,9.924,7.304,0
61.932,113.2,0.455,786.411,3.299,964.242,15.903,5.757,0
76.393,124.3,0.406,652.008,3.265,947.902,17.592,7.955,0
74.746,131.588,0.46,718.832,3.187,933.175,23.757,10.178,0
83.823,115.186,0.491,620.028,3.325,951.247,13.338,18.014,0
79.013,119.131,0.422,839.061,3.139,978.366,11.354,10.133,0
77.507,120.843,0.433,941.941,3.208,934.293,12.003,9.996,0
70.16,89.131,0.524,936.744,3.032,969.13,13.485,14.636,0
79.336,93.315,0.404,882.633,2.999,956.627,12.688,13.968,0
66.475,96.352,0.375,826.784,3.11,922.034,19.784,16.512,0
74.709,137.416,0.459,759.09,2.906,968.404,17.495,13.589,0
69.921,104.734,0.463,781.4,3.379,913.341,20.174,11.126,0
81.591,142.485,0.466,860.24,3.156,923.885,15.7,13.953,0
80.688,99.898,0.543,891.52,2.993,961.74,22.036,10.457,0
76.33,126.355,0.435,918.36,3.23,983.833,16.083,13.921,0
77.824,147.781,0.427,837.783,3.501,955.437,17.613,13.355,0
81.593,120.356,0.532,798.45,2.882,918.006,18.222,11.22,0
71.938,131.992,0.46,780.402,3.323,984.473,11.522,18.71,0
73.212,117.473,0.456,838.426,3.006,928.599,13.836,14.284,0
88.051,124.31,0.526,810.703,3.093,917.536,17.116,9.069,0
64.794,117.912,0.344,813.918,3.273,974.71,21.452,15.134,0
80.295,153.252,0.531,920.723,3.111,915.83,17.264,5.927,0
68.322,137.42,0.514,955.138,3.42,937.763,20.892,7.7,0
78.845,114.472,0.486,930.818,3.131,973.111,20.255,8.466,0
73.394,127.049,0.517,960.201,3.33,922.47,22.203,10.444,0
75.136,127.149,0.478,649.928,3.486,953.924,15.579,9.417,0
76.396,150.341,0.519,840.782,3.169,923.839,15.596,10.85,0
70.409,122.772,0.507,920.099,3.087,974.096,17.609,7.117,0
70.859,122.431,0.467,946.414,3.252,975.039,18.528,10.811,0
86.013,118.759,0.501,770.021,2.931,963.914,19.721,9.294,0
77.65,120.273,0.407,904.677,3.146,880.094,15.994,17.399,0
75.595,113.096,0.42,915.002,3.306,982.177,26.275,3.659,0
72.553,114.626,0.497,871.548,3.144,952.064,20.543,11.29,0
71.808,139.557,0.491,737.725,3.008,944.05,14.032,5.599,0
74.379,148.148,0.46,787.744,3.204,936.501,13.924,12.577,0
67.409,126.925,0.314,1068.558,3.486,972.866,19.053,13.645,0
71.961,141.323,0.483,908.847,3.331,971.792,21.015,13.89,0
79.315,91.248,0.372,805.963,2.878,961.239,14.886,11.154,0
60.03,113.003,0.439,799.986,3.043,998.652,23.442,12.751,0
73.806,102.876,0.538,915.367,3.098,967.508,17.502,11.961,0
56.54,112.675,0.452,827.043,3.086,971.831,20.18,12.43,0
56.505,123.035,0.322,853.145,3.002,923.442,16.793,11.185,0
87.96,104.565,0.42,934.299,3.379,914.789,15.222,9.182,0
97.844,99.218,0.511,686.91,3.138,963.174,14.893,14.173,0
89.723,145.725,0.492,828.386,2.936,955.49,22.39,16.806,0
80.286,102.967,0.459,792.284,3.114,883.615,10.96,9.88,0
79.213,104.146,0.511,907.235,3.154,985.966,20.52,9.823,0
80.873,138.423,0.361,878.325,3.076,961.93,18.957,8.951,0
81.489,109.407,0.452,879.029,3.177,915.244,15.394,13.236,0
66.574,120.924,0.477,829.762,2.989,936.359,12.035,12.851,0
63.252,116.171,0.479,917.534,2.965,935.229,25.691,8.016,0
69.105,122.241,0.453,941.398,2.77,983.581,18.401,11.156,0
80.506,89.16,0.393,956.6,3.118,937.248,17.331,9.606,0
67.603,92.895,0.435,825.525,3.059,911.892,20.538,10.287,0
68.141,158.438,0.426,896.242,3.055,1008.484,19.911,11.608,0
77.524,114.279,0.459,726.196,3.399,951.055,22.66,14.066,0
73.824,135.631,0.486,847.287,3.328,953.154,21.647,16.092,0
77.014,108.982,0.443,806.098,3.14,951.493,20.962,13.174,0
61.129,132.643,0.399,903.033,3.024,937.817,23.475,17.887,0
76.798,119.187,0.487,859.582,2.947,978.852,10.205,11.576,0
71.075,142.578,0.401,904.142,2.948,958.868,19.464,12.133,0
72.067,125.839,0.323,900.376,3.015,966.78,23.847,7.364,0
77.2,100.019,0.387,840.187,3.143,929.362,11.429,8.829,0
71.961,130.692,0.479,810.944,3.203,914.759,23.099,12.746,0
77.971,133.401,0.499,879.171,3.273,957.223,19.251,13.724,0
78.609,98.659,0.424,889.865,3.217,928.583,17.568,7.699,0
80.977,135.301,0.404,979.076,2.647,964.048,21.897,18.294,0
71.714,121.946,0.428,830.982,3.272,973.33,15.206,12.761,0
69.911,105.0,0.466,915.123,3.179,962.591,26.176,10.904,0
83.466,149.009,0.533,1079.289,2.914,851.345,60.596,23.534,1
66.406,125.052,0.396,801.32,3.196,960.004,20.646,13.018,0
90.668,128.267,0.456,882.457,3.397,930.926,25.216,8.678,0
99.581,144.277,0.519,986.758,3.419,912.328,17.024,12.75,0
79.142,99.281,0.425,913.019,3.527,916.714,20.676,12.529,0
79.521,135.146,0.539,831.775,3.091,933.258,26.01,14.326,0
73.96,121.334,0.441,906.699,2.99,957.757,22.682,10.402,0
75.523,127.598,0.333,948.173,3.359,960.678,15.109,9.638,0
82.588,122.895,0.44,911.31,3.406,953.684,12.794,8.805,0
71.238,114.748,0.43,855.598,3.107,960.245,18.427,17.92,0
72.144,104.685,0.407,871.485,3.126,945.619,26.538,14.614,0
80.08,125.689,0.519,864.635,2.918,952.034,13.28,12.163,0
78.38,115.891,0.437,800.175,3.225,916.082,21.403,14.617,0
71.492,129.012,0.504,855.674,3.286,922.529,19.77,10.137,0
85.932,113.689,0.457,844.854,2.853,946.291,14.741,12.171,0
73.161,124.356,0.454,804.508,2.894,910.338,15.777,16.819,0
89.457,112.533,0.418,787.3,3.287,941.801,18.46,14.309,0
67.526,134.905,0.455,775.523,3.21,993.767,23.124,11.521,0
70.467,136.298,0.408,859.715,3.016,964.993,19.855,11.328,0
86.317,118.596,0.437,709.786,3.581,947.782,17.93,14.269,0
82.844,142.335,0.537,803.638,3.195,974.54,19.828,12.544,0
63.385,134.93,0.438,865.309,3.058,958.091,17.774,14.641,0
78.907,125.677,0.399,881.699,3.218,947.322,21.92,16.174,0
82.313,121.816,0.514,840.918,3.517,972.185,14.524,6.102,0
92.086,139.504,0.511,844.211,3.147,984.868,13.817,13.554,0
69.519,126.621,0.375,881.912,3.075,940.709,17.825,9.957,0
79.389,124.285,0.479,704.313,3.231,969.101,17.113,5.12,0
84.587,121.63,0.441,857.457,3.261,955.874,18.686,9.253,0
65.863,129.503,0.535,1011.956,3.254,907.285,21.827,10.495,0
65.782,89.299,0.386,822.2,2.966,980.702,18.788,9.982,0
75.336,118.148,0.485,843.117,2.956,953.649,14.262,14.123,0
66.223,98.555,0.373,965.774,3.098,966.926,18.072,14.062,0
84.152,131.528,0.39,707.959,2.826,933.015,15.263,9.76,0
75.695,142.222,0.511,742.195,2.841,950.425,24.859,14.136,0
85.016,134.995,0.446,887.721,2.847,906.006,17.399,4.212,0
91.858,104.348,0.538,810.463,2.814,952.262,19.185,13.946,0
79.934,125.277,0.422,868.788,3.031,939.541,20.482,13.222,0
81.708,91.272,0.439,875.417,3.012,949.292,12.885,8.104,0
78.962,142.539,0.465,924.152,3.344,945.0,16.661,12.287,0
78.783,138.903,0.411,756.607,3.124,967.69,26.305,13.402,0
78.005,120.068,0.497,929.238,3.34,958.832,16.813,15.024,0
60.522,123.996,0.418,874.37,3.261,914.39,11.534,7.174,0
76.954,116.708,0.498,1033.222,3.372,956.486,13.276,11.246,0
97.25,188.412,0.584,3005.392,2.994,920.357,29.393,32.637,1
66.087,132.575,0.471,796.601,2.918,950.774,14.773,13.431,0
76.537,82.867,0.341,758.087,3.193,926.455,23.075,12.294,0
78.299,135.718,0.507,959.754,3.04,991.84,13.947,14.577,0
82.433,149.714,0.386,801.584,3.14,918.662,14.219,13.664,0
85.004,125.852,0.501,877.99,3.133,958.322,20.413,11.692,0
82.459,135.903,0.459,952.082,3.411,932.558,18.019,15.1,0
77.941,145.712,0.441,863.659,3.081,1000.358,19.896,18.193,0
80.825,116.249,0.485,943.615,3.086,907.924,16.695,11.625,0
76.259,128.548,0.446,878.294,3.105,968.189,16.047,10.383,0
59.786,102.173,0.447,861.474,3.016,961.047,21.424,15.305,0
67.774,121.319,0.442,823.09,3.354,952.356,16.352,13.76,0
78.807,115.872,0.407,800.495,3.227,903.832,20.291,10.089,0
88.295,150.469,0.553,1185.826,2.876,895.493,58.984,27.005,1
101.507,163.48,0.628,3322.342,3.291,975.941,28.498,25.559,1
58.633,137.998,0.445,854.276,3.011,959.301,15.383,13.198,0
64.255,121.232,0.473,911.482,3.549,920.445,15.821,12.864,0
66.498,128.296,0.472,986.395,3.301,973.826,17.831,10.59,0
75.497,138.67,0.5,848.588,3.525,958.31,15.275,12.676,0
72.188,117.576,0.475,833.108,3.069,987.744,15.713,10.818,0
81.737,133.658,0.409,842.917,3.156,1010.131,14.305,10.136,0
73.376,126.085,0.418,780.887,3.175,959.963,21.896,14.743,0
78.971,98.577,0.373,857.464,2.986,928.395,13.44,9.139,0
86.118,131.22,0.347,817.783,2.994,947.912,13.675,13.456,0
77.7,111.955,0.481,803.509,3.014,957.417,22.475,10.886,0
71.837,84.899,0.46,863.913,3.34,948.617,20.16,15.234,0
73.461,109.628,0.478,802.05,2.779,935.528,20.781,11.931,0
84.996,121.752,0.463,1011.177,3.15,952.522,22.82,12.31,0
79.325,141.855,0.433,808.312,2.955,938.212,17.005,8.048,0
69.838,135.338,0.41,804.146,3.222,925.535,26.273,12.431,0
82.306,123.69,0.502,753.83,3.376,954.649,19.615,7.855,0
72.502,116.946,0.498,873.276,3.37,942.218,26.482,10.168,0
82.699,119.591,0.5,810.109,3.178,935.552,22.973,9.015,0
68.949,112.256,0.509,906.993,3.135,973.872,18.584,11.44,0
80.462,150.676,0.605,961.528,2.795,867.462,78.016,18.741,1
80.175,109.581,0.512,761.65,3.84,961.297,15.252,15.297,0
75.584,121.124,0.59,840.835,3.365,953.265,20.307,16.822,0
80.516,129.362,0.422,777.825,2.927,965.318,12.916,11.761,0
72.092,126.348,0.455,803.688,3.079,960.391,21.487,16.292,0
77.072,118.701,0.492,917.999,3.261,991.799,21.422,13.006,0
73.501,94.514,0.483,916.509,3.19,951.634,14.006,13.606,0
79.421,129.083,0.436,761.274,2.872,984.573,17.193,13.525,0
88.31,98.337,0.486,747.998,3.614,954.183,20.411,10.182,0
75.612,122.358,0.422,918.608,3.072,939.005,25.056,7.296,0
66.532,132.472,0.448,860.366,3.23,920.961,13.06,9.788,0
64.732,123.787,0.51,914.156,2.832,908.707,15.03,11.364,0
62.78,120.798,0.487,786.403,3.475,927.66,17.583,9.972,0
77.347,125.896,0.485,853.242,3.418,948.223,23.123,8.477,0
76.701,105.866,0.573,961.397,2.936,963.834,11.414,8.035,0
74.662,126.832,0.423,777.223,2.753,948.313,16.562,15.15,0
77.426,125.112,0.475,836.989,3.484,971.181,14.923,14.857,0
65.344,110.292,0.456,801.488,3.149,923.124,24.598,14.785,0
67.396,133.551,0.469,878.25,3.358,951.184,16.051,11.775,0
75.042,118.562,0.52,781.651,3.191,951.404,19.871,6.84,0
58.723,127.518,0.483,791.969,3.241,996.375,12.138,8.306,0
77.86,129.243,0.435,540.433,3.629,925.628,22.998,15.398,0
78.535,101.048,0.422,836.546,3.454,978.423,19.28,8.875,0
79.475,138.088,0.487,859.989,3.351,963.678,15.619,15.666,0
70.973,137.137,0.543,934.786,3.268,944.311,15.319,10.478,0
75.38,87.334,0.474,813.964,2.864,965.296,22.74,18.005,0
66.468,113.589,0.432,999.204,3.262,939.045,20.981,14.041,0
68.449,95.669,0.411,853.336,3.466,948.699,21.303,14.571,0
66.143,151.117,0.404,740.858,3.054,916.229,26.351,8.628,0
79.078,126.184,0.37,1012.605,3.281,941.698,20.335,11.138,0
81.057,122.508,0.473,981.331,3.131,962.889,20.018,7.875,0
66.411,143.288,0.383,877.716,3.035,963.096,23.895,8.479,0
86.704,114.105,0.447,893.102,3.263,969.911,12.163,12.706,0
59.418,108.906,0.424,788.596,3.371,927.093,17.185,11.504,0
65.302,111.504,0.456,832.679,3.062,1020.12,21.113,9.372,0
70.599,116.395,0.415,916.487,3.318,925.953,14.989,14.578,0
76.091,135.1,0.56,921.694,3.398,954.435,15.146,13.955,0
68.892,106.398,0.442,818.664,3.014,956.273,15.717,7.707,0
78.702,138.994,0.568,1071.192,3.309,954.774,68.882,16.928,1
65.21,118.96,0.322,987.184,3.297,973.883,15.259,11.266,0
70.32,134.327,0.398,894.959,3.022,945.427,22.903,9.16,0
104.185,158.692,0.534,1095.92,3.005,919.304,53.217,19.41,1
66.669,105.481,0.385,974.512,3.564,897.002,15.67,18.177,0
72.194,130.288,0.521,767.647,3.145,920.557,27.075,14.016,0
69.413,143.678,0.355,832.507,3.463,936.713,14.739,16.172,0
76.858,131.986,0.428,902.163,3.158,967.466,22.016,10.5,0
72.384,117.283,0.341,875.89,3.497,926.935,23.13,9.322,0
71.718,139.445,0.45,970.532,3.408,919.325,14.536,11.298,0
143.674,183.438,0.676,2247.435,2.462,1027.895,43.78,31.733,1
73.085,107.938,0.35,749.778,3.175,944.738,16.142,11.755,0
72.03,118.881,0.409,740.818,3.508,945.484,14.715,11.66,0
87.437,159.831,0.463,3808.99,3.302,940.289,26.829,26.027,1
75.149,129.736,0.487,865.284,3.34,963.276,19.752,11.378,0
79.376,159.972,0.376,821.929,3.308,944.439,19.909,9.217,0
52.491,114.784,0.402,993.387,3.012,938.845,21.587,13.652,0
59.922,134.036,0.42,857.339,3.254,980.743,21.474,11.473,0
68.643,123.809,0.411,841.766,3.179,941.223,20.717,5.925,0
77.892,114.349,0.44,834.971,2.681,978.227,17.281,14.807,0
86.079,103.7,0.471,747.517,3.532,929.517,13.213,12.171,0
86.417,126.62,0.422,772.532,3.373,993.03,14.992,9.282,0
84.463,98.198,0.415,855.324,3.159,997.419,17.044,9.151,0
69.071,123.916,0.444,805.837,2.986,931.927,17.01,13.458,0
76.103,113.233,0.488,781.622,2.992,919.156,27.516,10.774,0
90.189,103.36,0.426,836.959,3.296,969.493,18.946,6.514,0
81.888,115.067,0.427,945.815,2.947,1000.301,13.304,11.729,0
72.78,107.849,0.502,931.027,3.146,978.379,15.436,15.729,0
87.676,136.091,0.505,842.188,3.294,914.867,19.452,13.025,0
74.845,125.353,0.461,839.582,3.295,935.183,19.672,14.079,0
78.177,145.47,0.429,857.18,2.989,946.139,22.134,14.03,0
60.588,122.679,0.388,828.555,3.372,906.501,13.155,18.848,0
72.15,125.724,0.43,846.156,2.989,956.23,12.494,13.469,0
65.767,122.69,0.365,847.923,3.198,940.821,17.557,9.866,0
70.921,121.241,0.431,955.779,3.058,980.851,18.095,11.084,0
82.903,136.291,0.398,796.838,3.053,959.705,15.165,15.595,0
80.736,135.992,0.417,876.686,3.031,962.844,8.236,13.21,0
79.552,111.201,0.402,874.353,3.231,916.188,18.451,9.014,0
79.699,112.829,0.389,898.824,3.127,925.719,20.977,18.245,0
82.154,86.866,0.406,819.641,3.162,943.499,15.753,16.897,0
70.373,89.434,0.507,854.152,3.164,982.959,17.9,8.905,0
70.112,111.847,0.502,917.576,2.914,932.699,15.608,7.676,0
80.993,125.619,0.543,846.385,3.356,971.065,23.669,15.711,0
94.427,118.256,0.508,787.248,3.284,967.311,10.727,12.056,0
66.884,142.13,0.594,875.927,3.126,927.008,19.822,17.703,0
91.113,135.79,0.495,975.397,3.084,942.627,18.031,15.714,0
75.399,96.324,0.399,770.698,3.207,986.255,28.309,9.859,0
90.116,129.613,0.521,810.876,3.061,966.214,17.128,7.622,0
68.255,138.36,0.417,818.528,3.203,935.65,18.211,9.095,0
70.947,134.983,0.434,755.347,3.223,936.555,18.348,13.277,0
66.796,132.735,0.439,851.365,3.304,984.225,18.36,6.525,0
99.565,195.794,0.882,2489.794,2.487,1107.278,56.299,41.338,1
70.926,104.6,0.493,838.027,3.155,930.261,21.154,16.36,0
69.384,116.56,0.437,658.892,3.227,947.366,14.962,5.355,0
70.555,109.712,0.386,802.714,3.359,884.967,13.362,20.7,0
68.752,128.333,0.393,804.479,3.062,951.701,26.008,17.356,0
68.189,117.52,0.459,935.56,3.069,978.3,17.488,11.265,0
77.378,112.575,0.422,784.648,3.091,944.684,24.994,15.651,0
81.49,112.569,0.516,916.094,3.334,918.623,17.084,12.194,0
78.419,110.038,0.483,756.506,3.29,950.748,18.491,11.824,0
66.093,131.166,0.476,814.82,3.341,952.845,9.409,13.457,0
87.688,117.384,0.424,707.801,3.273,913.942,16.792,9.296,0
79.902,102.547,0.476,844.926,3.464,919.634,18.564,11.568,0
71.354,125.36,0.401,935.2,3.151,1020.054,8.504,8.581,0
77.403,102.465,0.428,802.377,2.982,941.435,18.171,11.593,0
76.754,134.482,0.367,928.32,3.055,939.97,24.037,16.441,0
81.362,111.647,0.416,929.916,2.99,930.9,12.092,13.396,0
79.9,114.754,0.337,714.114,3.213,920.395,4.074,8.84,0
68.083,120.256,0.505,816.226,3.297,940.287,15.353,10.149,0
75.456,101.733,0.472,967.608,3.236,974.896,16.9,11.057,0
86.844,117.684,0.522,744.6,2.984,947.26,13.447,8.313,0
91.897,111.829,0.464,925.83,3.316,950.956,18.296,11.422,0
71.659,111.481,0.483,774.909,3.356,987.164,11.813,9.609,0
75.216,132.213,0.45,830.847,3.327,946.793,13.114,8.44,0
85.311,110.099,0.466,745.196,3.228,933.809,20.179,11.889,0
90.958,116.163,0.381,864.563,3.381,949.714,11.924,8.294,0
69.764,127.46,0.51,1040.613,3.347,922.507,13.263,13.06,0
86.701,119.648,0.527,856.105,3.049,1014.743,21.204,11.182,0
79.44,101.787,0.47,763.972,2.941,937.588,23.14,10.399,0
53.546,130.572,0.412,910.886,3.428,961.195,18.095,11.687,0
83.267,129.243,0.426,862.898,3.294,966.033,23.007,19.369,0
64.185,124.152,0.436,772.589,3.212,959.351,20.251,13.09,0
87.82,134.022,0.496,743.397,3.171,922.579,21.021,12.306,0
78.035,120.814,0.431,831.079,3.302,974.985,26.633,14.377,0
84.94,129.0,0.447,933.824,3.189,981.001,17.057,8.333,0
69.724,139.284,0.4,742.12,2.938,950.003,17.768,14.194,0
73.73,101.635,0.45,837.171,3.453,919.878,13.553,13.353,0
76.14,122.487,0.476,820.014,3.242,932.076,17.126,9.94,0
84.158,138.043,0.511,700.165,3.514,966.249,21.901,10.601,0
77.112,110.85,0.453,860.785,3.181,948.176,23.542,12.821,0
75.899,107.611,0.376,741.644,3.285,979.651,18.67,15.4,0
76.933,112.11,0.464,776.826,3.195,967.968,16.79,9.398,0
72.081,82.772,0.46,901.976,3.137,929.382,15.677,9.223,0
79.998,132.533,0.51,970.747,3.51,1000.644,15.728,12.908,0
70.083,139.62,0.484,894.305,3.099,939.578,18.553,16.65,0
73.393,136.743,0.479,783.667,3.196,950.611,24.181,15.646,0
84.047,102.93,0.411,763.531,3.175,936.716,18.841,12.776,0
76.059,138.864,0.37,772.579,3.298,980.189,16.73,8.142,0
79.183,113.401,0.433,803.102,3.205,946.719,11.025,8.437,0
74.919,114.42,0.424,862.377,3.074,954.044,24.307,12.754,0
79.438,106.637,0.44,954.315,3.151,965.817,18.977,10.228,0
62.092,124.754,0.406,883.871,2.992,928.419,19.766,13.117,0
68.935,132.0,0.492,762.404,3.252,915.04,13.774,10.855,0
80.82,131.452,0.415,748.298,3.088,992.08,5.972,11.95,0
68.735,110.562,0.404,768.582,2.998,990.32,19.163,16.099,0
90.72,99.735,0.355,768.66,3.356,982.274,14.399,12.498,0
71.599,124.423,0.45,764.597,3.146,947.787,21.997,12.854,0
72.269,111.166,0.467,956.414,3.316,952.897,21.627,15.963,0
75.915,120.476,0.515,775.339,3.367,960.363,13.111,14.889,0
82.067,114.66,0.46,687.332,3.286,950.793,20.767,11.36,0
78.234,110.168,0.42,922.857,3.059,994.164,22.655,8.455,0
77.415,161.914,0.443,974.886,3.103,944.263,22.632,7.877,0
74.458,90.325,0.421,746.327,3.359,982.221,11.381,9.388,0
71.683,124.555,0.402,900.783,2.944,990.12,14.069,12.741,0
77.348,114.746,0.463,745.969,3.024,983.704,23.453,10.826,0
126.944,215.481,0.799,2499.921,2.801,996.463,47.607,37.399,1
67.553,135.655,0.439,873.619,3.299,902.175,20.878,9.309,0
66.726,131.151,0.403,771.951,3.126,974.456,27.163,10.853,0
49.684,120.771,0.468,1031.126,3.164,991.319,17.28,13.44,0
92.315,130.288,0.47,892.759,3.316,944.454,11.94,13.732,0
72.249,117.469,0.481,984.744,2.956,933.517,21.733,12.557,0
80.429,117.845,0.412,752.884,2.901,947.655,14.324,13.986,0
76.276,95.371,0.537,879.875,3.035,927.473,13.592,13.499,0
93.424,132.17,0.523,936.841,3.254,953.049,24.953,8.665,0
69.967,126.673,0.484,907.869,3.195,963.345,19.209,11.805,0
80.092,117.608,0.502,911.647,3.47,958.306,21.094,11.217,0
66.915,92.939,0.416,784.515,3.051,887.535,20.206,12.677,0
78.732,124.673,0.509,870.339,2.799,969.32,26.178,12.091,0
77.435,99.845,0.414,1013.657,3.287,968.947,17.746,5.539,0
89.088,90.181,0.457,809.912,2.971,957.628,20.514,8.965,0
67.402,126.756,0.451,765.017,3.524,964.507,20.461,13.982,0
69.578,115.59,0.386,801.654,3.266,919.518,15.327,13.991,0
79.397,120.868,0.423,758.374,3.019,952.754,18.405,7.549,0
66.826,116.494,0.524,835.356,3.506,925.848,14.078,11.007,0
77.483,128.963,0.453,861.553,2.966,946.304,12.853,11.493,0
76.27,124.132,0.449,878.076,2.98,1003.142,11.837,13.737,0
65.006,139.695,0.513,793.388,3.11,950.754,18.571,11.736,0
85.601,100.545,0.417,785.407,2.965,926.6,16.473,9.242,0
66.217,102.168,0.384,749.442,2.96,947.619,15.778,9.526,0
65.343,135.383,0.458,816.69,3.283,914.109,24.013,12.572,0
70.748,119.39,0.377,1020.425,2.859,904.873,11.256,14.942,0
75.048,124.556,0.423,739.241,3.484,967.397,20.847,15.327,0
61.121,111.954,0.372,858.348,2.839,954.345,18.266,11.12,0
83.792,92.863,0.51,838.991,2.933,890.64,19.096,14.929,0
76.983,121.36,0.438,954.562,3.076,969.509,17.954,11.232,0
65.206,115.462,0.429,753.609,3.33,943.25,21.644,11.616,0
89.083,117.463,0.475,814.005,3.442,949.313,18.003,12.644,0
75.159,117.674,0.428,849.175,2.757,976.106,10.804,6.368,0
87.971,119.686,0.589,843.047,3.135,988.853,10.299,6.216,0
81.626,124.189,0.48,980.532,3.029,961.819,18.854,19.776,0
75.345,112.116,0.479,757.355,3.188,909.085,15.344,13.007,0
69.71,117.431,0.359,801.307,3.341,959.631,14.908,15.72,0
76.88,134.698,0.489,780.992,3.254,885.749,20.129,14.751,0
76.558,119.425,0.452,815.136,3.159,949.503,17.012,9.285,0
61.872,128.873,0.488,865.197,3.101,985.081,16.85,14.861,0
79.465,123.993,0.484,851.871,3.382,973.825,15.797,9.434,0
79.757,102.085,0.485,842.445,3.014,915.019,21.801,12.902,0
83.562,96.115,0.437,953.147,3.509,932.265,22.035,6.526,0
71.643,128.668,0.473,808.594,3.302,947.07,18.036,9.268,0
83.223,123.077,0.457,896.389,3.242,929.166,21.031,13.989,0
71.16,121.542,0.49,850.722,3.192,948.859,13.74,16.054,0
61.279,108.219,0.491,828.618,3.037,953.49,23.325,14.581,0
68.727,139.211,0.458,905.702,3.502,930.735,16.08,12.0,0
79.047,111.618,0.452,822.801,3.16,974.756,9.606,13.053,0
77.964,147.139,0.441,910.209,3.089,983.526,9.451,8.18,0
70.071,152.715,0.434,913.977,3.352,977.026,17.754,13.347,0
76.285,129.902,0.505,921.068,3.185,990.018,9.947,8.671,0
60.845,125.939,0.359,769.483,3.289,906.912,19.177,6.499,0
78.348,108.856,0.466,798.303,2.876,936.6,18.498,7.82,0
75.622,139.846,0.45,816.919,3.311,960.416,16.759,7.734,0
74.017,105.689,0.414,799.823,3.396,951.828,14.638,11.463,0
84.483,120.181,0.376,825.844,3.11,961.124,18.775,10.328,0
75.829,115.557,0.533,769.931,3.04,920.549,21.558,13.508,0
64.232,138.076,0.428,1069.462,3.183,911.571,22.772,13.833,0
66.022,121.441,0.391,844.826,3.018,903.683,16.426,8.892,0
86.572,94.75,0.453,829.051,3.186,939.136,16.556,11.535,0
77.685,128.57,0.431,871.055,3.158,944.691,12.745,13.891,0
82.966,106.572,0.499,779.444,3.0,956.244,23.485,14.645,0
83.71,129.182,0.478,948.851,3.042,961.083,17.443,12.936,0
67.727,129.109,0.411,832.703,2.96,951.965,17.236,10.989,0
71.217,132.112,0.419,961.841,3.335,914.205,15.301,10.276,0
67.723,115.242,0.429,812.268,2.946,946.056,14.676,14.384,0
84.121,145.157,0.489,832.074,3.316,953.965,16.856,11.791,0
85.642,121.679,0.516,889.224,3.464,933.859,21.223,12.413,0
84.845,125.67,0.539,797.916,3.288,965.73,11.433,15.672,0
77.888,101.759,0.489,823.278,3.127,974.689,20.554,10.052,0
67.456,118.967,0.473,841.202,3.191,970.745,20.747,15.994,0
75.566,125.587,0.474,667.582,3.228,952.472,18.549,10.99,0
87.867,94.212,0.408,864.47,3.176,935.366,20.23,8.939,0
87.856,108.767,0.431,723.179,3.27,952.595,15.478,15.246,0
61.61,133.7,0.42,864.495,2.848,930.035,19.608,9.867,0
75.298,94.498,0.558,924.461,3.373,943.385,5.349,12.962,0
95.058,108.956,0.431,798.137,3.415,947.119,23.445,13.004,0
68.701,129.765,0.408,842.643,2.973,966.406,13.813,11.343,0
77.131,125.684,0.432,822.002,3.262,977.387,21.948,7.693,0
85.78,127.986,0.512,845.338,3.197,947.08,21.089,19.58,0
68.943,106.586,0.47,847.65,2.897,956.192,20.072,12.181,0
72.681,103.051,0.527,823.808,3.011,958.817,14.567,9.285,0
68.262,109.801,0.508,730.248,3.294,946.714,18.155,8.691,0
82.444,121.593,0.412,860.73,3.585,969.123,21.885,9.862,0
73.866,123.444,0.484,940.677,3.263,980.94,25.472,7.236,0
71.311,114.962,0.524,787.51,3.179,935.095,12.658,11.635,0
77.045,105.551,0.466,901.042,3.289,913.97,17.385,10.73,0
72.978,118.542,0.428,887.316,3.59,974.303,9.529,12.827,0
73.857,125.906,0.429,933.514,3.159,963.391,17.365,3.693,0
82.692,130.179,0.526,836.53,3.24,946.211,21.486,16.856,0
70.621,125.502,0.555,895.195,3.413,914.078,17.823,12.318,0
75.224,101.969,0.446,617.814,3.184,961.609,9.804,7.348,0
84.78,127.518,0.422,795.684,2.874,896.018,11.541,8.885,0
72.276,97.404,0.483,792.922,3.286,971.74,12.85,11.988,0
80.859,108.708,0.487,842.347,3.056,931.621,20.805,14.525,0
69.334,132.657,0.449,784.367,3.314,931.647,13.693,12.035,0
79.49,111.611,0.441,719.598,3.437,888.936,19.769,10.432,0
75.034,126.967,0.482,670.083,3.087,934.555,8.665,15.697,0
92.218,119.613,0.344,924.224,3.129,949.321,17.993,11.228,0
77.479,109.646,0.502,931.584,2.757,943.862,18.176,14.151,0
73.155,134.502,0.405,911.732,2.908,921.396,16.428,12.441,0
100.381,223.569,0.682,1981.742,2.377,993.695,55.496,44.467,1
62.493,115.9,0.498,830.395,3.332,941.193,21.9,14.607,0
76.595,111.732,0.41,859.709,3.253,914.2,20.351,7.171,0
70.086,116.543,0.501,869.914,3.134,888.743,18.005,11.337,0
87.091,100.1,0.514,720.792,3.391,929.746,25.44,16.841,0
82.842,109.08,0.462,939.068,3.55,998.328,22.479,11.751,0
79.066,118.952,0.527,837.328,2.855,978.151,19.087,11.409,0
67.623,112.469,0.48,845.565,2.97,935.412,11.863,21.146,0
72.365,116.508,0.484,717.394,3.026,1001.749,21.342,15.946,0
63.35,116.424,0.446,979.97,3.099,938.028,15.331,11.102,0
74.461,133.037,0.488,774.491,2.937,937.594,18.252,11.777,0
87.565,74.776,0.397,1015.733,2.807,937.635,20.484,5.802,0
66.69,128.537,0.461,930.168,3.057,910.307,20.748,9.61,0
71.895,123.761,0.533,670.914,3.126,948.605,17.266,12.586,0
78.995,89.674,0.535,867.896,3.53,936.809,19.731,9.127,0
78.383,144.784,0.45,980.672,3.354,941.532,14.507,9.329,0
62.789,107.084,0.485,941.952,3.216,946.043,10.706,12.288,0
82.023,95.341,0.436,928.505,3.706,946.817,20.817,13.322,0
85.557,115.09,0.409,927.621,2.968,875.945,11.426,12.325,0
78.168,124.423,0.521,683.003,3.071,938.624,21.034,8.277,0
76.547,119.33,0.433,847.503,3.442,920.945,19.754,8.687,0
83.916,115.616,0.367,878.382,3.25,919.331,10.557,11.92,0
49.664,114.913,0.503,769.785,3.053,970.659,21.586,13.325,0
81.303,130.435,0.444,948.227,3.363,982.168,18.518,15.113,0
65.011,97.399,0.525,856.357,3.262,985.627,21.45,8.091,0
69.398,107.302,0.464,783.277,2.951,986.901,15.909,20.174,0
80.367,111.033,0.435,933.478,3.554,933.328,21.932,15.371,0
67.56,120.69,0.409,845.758,2.991,966.894,15.976,17.733,0
86.548,167.206,0.474,907.054,2.847,902.846,18.644,14.067,0
73.004,107.831,0.486,876.006,3.717,963.328,14.153,12.237,0
74.546,107.266,0.426,885.181,3.153,958.609,9.042,16.987,0
83.852,135.579,0.459,920.388,3.355,991.535,19.774,14.354,0
64.426,114.247,0.415,933.966,3.176,949.255,15.355,11.389,0
76.202,124.772,0.478,892.55,3.203,963.507,17.833,15.502,0
95.208,181.359,0.502,3365.357,3.246,986.022,33.556,22.073,1
79.745,104.562,0.448,873.34,3.442,904.138,18.835,13.536,0
68.067,126.696,0.517,954.728,3.296,963.839,9.444,14.012,0
64.027,139.07,0.485,751.195,2.951,948.244,21.23,10.978,0
86.108,117.79,0.537,792.07,2.603,954.58,24.228,8.008,0
61.291,131.857,0.487,848.502,3.501,905.591,19.768,10.581,0
121.043,196.738,0.699,2054.992,2.976,1020.809,38.59,38.274,1
64.334,138.649,0.419,823.389,3.037,926.029,15.392,7.48,0
76.107,101.325,0.519,783.766,3.432,961.419,18.833,10.958,0
83.561,112.739,0.455,866.09,3.396,988.081,26.445,8.294,0
88.166,148.478,0.41,836.915,2.995,931.88,16.151,14.044,0
71.709,122.426,0.512,903.729,2.921,949.601,16.494,9.715,0
70.412,145.149,0.49,761.828,3.174,923.669,21.077,11.386,0
86.772,114.059,0.386,949.545,2.842,989.423,20.518,6.749,0
69.964,105.4,0.332,919.773,3.29,945.675,24.275,12.123,0
87.082,96.038,0.412,828.137,3.267,915.325,12.935,11.716,0
68.99,126.819,0.464,784.969,3.338,972.583,19.907,12.069,0
71.274,127.759,0.527,991.824,3.196,949.514,11.948,12.174,0
65.362,130.181,0.437,1003.892,3.218,942.93,20.218,13.73,0
63.914,93.758,0.493,853.706,3.093,973.253,17.438,10.974,0
82.2,112.649,0.53,742.349,3.173,921.674,20.01,18.945,0
62.503,91.48,0.544,870.415,3.031,927.903,14.246,7.947,0
81.777,101.567,0.505,819.172,3.455,938.427,22.342,13.933,0
73.779,118.052,0.49,861.007,3.484,950.152,17.325,10.673,0
90.543,119.537,0.503,808.256,3.281,941.159,21.899,9.588,0
76.332,129.035,0.448,779.868,3.129,949.167,15.082,11.253,0
70.167,131.479,0.478,812.414,3.377,944.927,17.143,10.286,0
81.026,108.386,0.512,814.509,3.229,975.536,20.703,14.241,0
104.039,218.76,0.902,2258.753,2.634,1038.549,43.449,41.179,1
90.27,122.28,0.391,889.032,3.199,964.506,24.105,9.373,0
50.237,124.541,0.525,803.857,3.035,928.0,21.707,11.642,0
82.103,102.479,0.438,816.098,3.129,939.742,7.259,12.33,0
75.002,131.238,0.614,999.251,3.006,955.253,15.237,4.649,0
82.783,178.762,0.449,1171.926,2.705,853.489,61.35,30.41,1
80.195,111.992,0.54,976.467,2.819,988.199,15.385,8.213,0
75.718,107.874,0.397,886.569,3.282,942.491,24.672,13.656,0
71.17,142.323,0.425,985.611,3.333,957.324,17.305,11.372,0
75.754,123.182,0.374,832.694,3.134,951.703,20.59,15.752,0
78.632,119.25,0.477,890.136,2.857,966.866,16.295,10.338,0
70.256,95.287,0.403,830.152,3.183,922.232,21.942,10.637,0
84.29,131.131,0.504,948.994,2.732,965.129,22.706,12.693,0
77.582,127.453,0.422,735.268,3.6,980.282,18.804,16.252,0
77.5,108.095,0.47,926.395,3.269,938.709,16.969,13.148,0
46.756,107.784,0.32,748.589,3.634,964.939,13.417,15.928,0
91.021,92.136,0.451,988.118,3.174,945.578,19.542,11.547,0
68.163,106.123,0.5,875.613,3.308,926.327,24.107,9.82,0
65.143,116.644,0.437,940.631,3.143,959.92,24.522,10.673,0
70.882,98.429,0.458,806.203,3.032,971.063,20.339,13.417,0
94.992,174.625,0.486,3723.488,3.039,988.106,19.588,26.045,1
71.774,118.925,0.479,816.268,3.095,945.026,16.812,11.316,0
75.689,85.527,0.434,762.274,3.383,929.269,13.345,10.858,0
78.205,113.405,0.496,776.547,3.15,991.022,19.113,17.809,0
73.633,124.118,0.414,758.544,2.853,940.824,15.772,14.562,0
85.545,114.642,0.388,892.503,3.212,877.426,16.915,6.415,0
68.193,99.593,0.388,847.565,3.096,951.241,9.444,10.863,0
81.656,89.882,0.444,995.951,3.159,961.577,13.804,15.342,0
86.057,123.275,0.421,873.727,3.026,938.178,11.167,13.064,0
76.067,97.05,0.41,786.0,3.698,933.325,19.565,11.712,0
70.569,97.78,0.424,925.099,3.126,945.28,21.607,14.162,0
87.638,114.976,0.463,913.071,2.957,993.244,17.337,15.474,0
86.21,116.181,0.453,956.876,2.845,987.26,13.129,9.656,0
88.803,109.634,0.465,723.968,3.171,941.536,19.014,3.964,0
85.093,118.332,0.515,731.458,2.976,967.354,11.873,10.284,0
76.111,133.93,0.5,801.95,3.688,916.845,14.382,10.189,0
85.171,106.471,0.37,846.744,3.016,987.353,6.002,12.886,0
64.442,122.252,0.61,907.578,2.911,937.148,16.732,18.339,0
72.199,143.866,0.464,812.896,3.229,924.186,22.364,8.292,0
75.9,128.292,0.528,659.426,3.416,951.156,17.861,10.117,0
77.633,112.866,0.355,896.916,3.237,967.753,15.979,16.027,0
72.403,113.319,0.404,847.531,3.192,981.622,23.613,10.422,0
63.953,141.727,0.538,819.638,3.227,975.173,10.827,11.064,0
61.752,112.18,0.435,888.663,3.162,992.037,15.536,9.318,0
60.006,110.934,0.45,841.736,3.096,929.418,23.944,10.845,0
86.539,104.05,0.406,824.558,3.263,936.289,20.951,14.134,0
64.263,113.605,0.475,738.118,3.093,942.782,15.609,6.99,0
79.857,129.455,0.461,847.9,3.315,958.638,18.667,11.77,0
77.1,97.665,0.531,737.928,3.104,944.187,26.414,7.942,0
86.732,143.536,0.531,791.826,3.166,914.391,18.323,13.698,0
80.271,121.485,0.465,782.92,3.317,941.915,23.186,16.382,0
74.412,106.073,0.466,859.813,3.418,971.407,19.287,16.331,0
58.577,109.795,0.469,802.416,3.511,901.562,13.659,15.156,0
64.399,124.446,0.445,871.882,3.06,902.49,19.572,11.888,0
77.007,156.846,0.501,955.519,3.303,962.992,18.19,6.629,0
85.395,128.648,0.413,933.418,3.141,960.294,10.872,14.002,0
78.828,114.87,0.435,736.856,3.52,987.166,17.07,9.458,0
81.813,117.107,0.43,877.189,3.358,980.129,24.741,6.635,0
71.313,126.798,0.481,865.663,2.935,909.812,25.422,18.332,0
62.75,121.215,0.418,835.305,3.068,920.529,18.05,16.849,0
69.953,103.35,0.441,929.047,3.277,961.425,16.866,8.258,0
79.375,107.682,0.326,780.354,3.229,971.752,15.647,12.133,0
76.767,131.809,0.417,733.979,3.265,952.493,21.024,11.551,0
85.08,106.922,0.528,913.714,3.483,963.012,17.547,11.015,0
67.516,103.315,0.445,844.32,3.385,959.219,17.191,11.177,0
83.997,123.037,0.47,938.045,3.156,916.395,13.033,12.669,0
79.846,103.467,0.404,934.236,3.539,925.779,14.181,14.323,0
73.637,113.402,0.484,812.945,3.614,962.509,14.798,15.477,0
74.7,120.968,0.358,823.828,3.369,954.568,20.292,5.365,0
74.152,125.322,0.559,829.034,3.072,971.704,19.359,14.932,0
74.891,130.846,0.462,879.191,3.333,984.467,19.053,9.701,0
72.879,131.936,0.473,937.781,3.461,931.14,18.437,10.473,0
87.22,112.744,0.401,994.34,2.989,954.556,18.062,8.855,0
76.671,141.036,0.528,872.093,3.578,942.653,16.063,11.774,0
62.549,118.418,0.444,1021.904,3.485,993.698,18.913,10.19,0
68.525,100.795,0.385,793.657,3.263,931.142,12.488,10.902,0
79.06,115.899,0.462,917.877,3.444,965.046,13.512,13.456,0
79.084,123.31,0.459,856.164,3.183,946.83,21.418,12.006,0
73.167,116.934,0.411,847.39,3.296,956.54,21.846,14.05,0
82.278,125.16,0.53,1009.395,3.248,916.439,13.659,15.179,0
69.612,120.21,0.416,824.962,3.409,973.901,20.191,14.043,0
70.939,125.755,0.425,881.271,3.031,1010.524,17.197,8.151,0
69.575,130.725,0.498,888.768,3.188,932.314,14.244,10.817,0
82.161,112.546,0.539,873.644,3.554,958.123,13.714,10.452,0
66.249,110.401,0.433,824.083,2.81,943.925,20.645,9.691,0
83.013,100.357,0.406,820.312,3.094,955.767,18.332,12.32,0
77.727,164.96,0.623,3515.463,3.011,921.879,24.953,26.633,1
71.923,103.387,0.379,859.609,3.398,972.093,12.005,10.434,0
93.117,154.136,0.548,3787.256,3.361,960.197,21.537,21.128,1
63.877,139.967,0.409,950.95,3.074,949.974,26.255,13.476,0
92.927,121.324,0.476,786.425,2.916,978.093,29.032,9.648,0
79.054,126.618,0.493,856.956,3.168,967.288,16.892,16.758,0
82.653,145.278,0.494,753.874,3.081,931.423,11.175,17.932,0
71.033,127.028,0.519,805.079,3.116,921.786,20.6,13.437,0
57.629,126.511,0.475,860.312,2.837,926.25,19.547,18.488,0
73.375,101.128,0.461,920.958,3.142,919.073,18.752,12.968,0
83.528,120.4,0.454,915.197,3.448,954.374,13.928,9.884,0
67.918,129.044,0.491,810.783,3.448,947.557,22.104,8.744,0
69.144,101.166,0.483,784.097,3.456,968.535,17.833,15.716,0
68.057,114.486,0.448,892.937,3.76,995.151,19.517,6.408,0
75.272,125.099,0.44,802.962,3.449,936.28,14.704,14.484,0
72.617,119.146,0.383,825.409,3.343,946.437,17.328,17.983,0
79.031,127.262,0.516,916.899,3.192,965.128,20.022,18.328,0
68.572,137.031,0.379,802.455,3.507,928.767,15.149,17.696,0
75.054,125.53,0.385,915.161,3.106,975.909,11.914,11.376,0
78.998,121.386,0.378,842.492,3.005,916.703,18.493,12.693,0
90.799,127.979,0.392,824.813,2.741,955.924,18.715,8.731,0
66.376,142.362,0.429,647.328,3.261,956.502,21.399,7.438,0
72.966,123.95,0.44,848.784,3.45,968.921,25.515,14.396,0
69.516,120.529,0.481,776.555,3.067,964.268,16.435,15.045,0
62.287,125.337,0.398,944.019,3.153,960.803,24.188,10.656,0
62.547,126.165,0.395,911.472,3.028,954.894,18.275,8.658,0
77.388,125.736,0.45,755.209,2.974,963.353,21.774,9.495,0
60.6,140.992,0.503,866.857,3.22,912.922,28.221,13.716,0
67.701,130.896,0.372,876.298,3.232,971.969,16.542,15.134,0
65.12,136.203,0.515,874.546,3.101,945.672,24.653,10.146,0
74.992,136.756,0.544,929.646,2.957,920.672,16.057,15.949,0
75.334,100.399,0.413,753.237,3.398,980.255,26.258,20.038,0
84.759,125.176,0.494,774.181,3.837,929.88,17.543,17.082,0
97.476,193.994,0.587,3578.977,3.027,965.678,37.537,24.756,1
76.164,108.262,0.482,744.487,3.196,953.127,19.387,10.095,0
84.433,128.984,0.458,922.351,3.103,939.969,21.664,8.672,0
83.741,105.436,0.481,881.911,3.318,908.975,19.22,13.229,0
71.63,141.616,0.438,849.808,3.415,965.902,18.689,10.314,0
76.138,123.561,0.513,943.242,3.095,924.386,20.382,9.677,0
78.128,121.572,0.491,749.141,3.426,993.009,17.148,14.495,0
77.212,129.501,0.352,994.162,2.962,923.125,16.082,15.261,0
77.391,108.648,0.405,855.004,3.381,959.25,16.736,11.98,0
93.135,126.713,0.47,942.771,2.908,937.745,14.387,8.775,0
90.282,123.445,0.529,898.045,3.06,972.228,16.047,9.089,0
79.629,132.518,0.484,902.05,2.93,942.245,13.145,10.54,0
76.825,120.18,0.349,823.888,3.698,905.036,15.177,9.423,0
75.063,107.323,0.42,797.911,3.458,989.637,11.744,11.821,0
75.88,118.461,0.49,873.131,3.035,940.536,17.83,6.603,0
82.609,111.375,0.52,806.365,3.467,883.57,15.68,10.238,0
73.415,106.855,0.404,913.243,3.078,948.416,9.649,13.289,0
65.207,113.403,0.422,850.577,3.445,989.499,13.769,6.066,0
76.185,103.967,0.418,914.444,2.891,952.212,14.038,9.589,0
65.209,144.581,0.483,803.829,3.425,965.969,23.149,8.761,0
107.89,179.265,0.743,3444.672,3.356,970.937,32.959,30.679,1
76.633,125.997,0.46,832.988,3.253,948.216,15.192,11.698,0
68.378,109.264,0.467,730.158,3.219,1006.638,10.606,14.608,0
71.836,120.879,0.431,880.47,3.252,948.234,19.465,10.508,0
59.468,122.219,0.437,781.527,3.042,964.607,23.144,16.018,0
109.58,150.774,0.573,3197.416,3.017,923.84,25.731,31.192,1
78.937,92.588,0.601,882.693,3.2,953.743,29.252,16.317,0
91.161,134.019,0.5,829.289,3.086,959.001,12.696,11.052,0
74.735,117.314,0.4,898.515,2.808,957.597,19.973,16.432,0
87.509,101.028,0.467,900.817,3.125,992.661,17.539,12.302,0
72.792,107.011,0.475,856.49,3.04,931.981,19.244,10.675,0
83.438,123.892,0.485,754.054,3.359,960.692,17.481,12.705,0
69.089,104.238,0.406,820.828,3.387,949.68,21.54,10.299,0
66.935,142.089,0.461,927.393,2.936,951.35,17.053,15.96,0
71.396,111.015,0.493,731.278,3.443,946.324,15.593,9.304,0
67.865,139.953,0.457,801.638,2.937,944.577,16.602,9.697,0
110.174,180.204,0.785,2460.531,3.13,1062.243,60.279,49.028,1
83.687,101.767,0.424,861.96,3.142,953.904,20.759,13.414,0
73.656,110.364,0.462,891.38,2.78,942.81,21.851,8.624,0
76.681,160.384,0.377,633.706,3.043,925.746,14.66,10.62,0
81.632,102.849,0.514,762.421,2.998,910.607,18.896,11.024,0
80.299,132.22,0.417,935.874,3.307,938.768,18.757,12.115,0
68.645,107.084,0.515,782.214,2.834,954.844,23.199,10.51,0
65.579,124.023,0.447,940.396,3.371,947.03,19.378,9.466,0
83.127,141.572,0.468,991.494,3.343,926.84,18.787,15.723,0
63.627,103.111,0.515,722.407,3.287,981.541,16.142,11.686,0
63.23,92.253,0.543,939.393,3.215,918.493,15.698,13.664,0
101.353,127.977,0.415,768.275,3.04,931.43,22.973,13.167,0
75.963,123.648,0.457,821.667,3.201,931.013,14.53,18.929,0
77.554,145.347,0.427,834.415,3.335,910.772,24.861,11.951,0
75.699,101.22,0.461,799.661,3.531,931.409,20.101,11.711,0
76.893,137.553,0.33,767.383,2.925,963.353,25.073,11.807,0
75.109,110.391,0.433,794.893,3.159,957.232,12.865,11.971,0
83.034,121.454,0.375,857.314,3.245,971.912,24.482,15.032,0
69.453,99.07,0.487,853.638,3.382,966.03,13.642,12.039,0
65.406,123.84,0.446,889.719,3.26,1023.089,17.521,19.736,0
71.292,112.421,0.458,873.012,3.625,975.587,22.498,13.624,0
80.954,127.802,0.415,879.651,3.305,962.521,19.113,10.392,0
82.16,169.14,0.559,3239.449,3.207,975.599,41.846,24.935,1
75.403,167.093,0.46,969.464,3.288,947.371,24.117,14.71,0
78.417,101.728,0.387,846.434,2.92,965.57,20.673,11.152,0
78.074,113.476,0.466,669.723,3.168,978.821,21.851,14.656,0
61.364,114.736,0.36,930.192,3.141,970.974,24.599,9.162,0
73.969,136.113,0.515,678.045,3.016,989.998,21.521,10.081,0
72.521,106.296,0.4,851.751,3.059,940.12,24.954,13.766,0
70.709,131.145,0.459,849.011,2.866,968.008,20.532,14.304,0
67.375,97.786,0.491,797.581,3.154,950.689,15.172,10.274,0
66.191,125.047,0.529,865.072,3.488,959.18,20.487,17.479,0
69.791,88.076,0.431,819.838,3.306,945.791,21.238,9.664,0
95.406,176.944,0.691,3038.347,2.903,959.673,48.009,20.36,1
76.63,139.907,0.371,866.767,2.888,1012.697,18.172,10.319,0
78.761,115.379,0.434,756.637,3.18,970.237,19.081,7.794,0
78.497,113.968,0.498,920.547,3.106,938.002,21.977,5.425,0
66.36,119.326,0.477,863.056,3.373,956.019,14.685,9.855,0
71.909,126.44,0.486,808.704,3.144,955.904,18.271,17.542,0
83.276,126.953,0.43,682.441,3.529,969.73,25.391,11.131,0
71.131,112.62,0.379,760.912,3.32,947.991,17.654,13.857,0
78.042,123.862,0.496,813.982,3.101,942.743,17.501,12.071,0
70.532,112.623,0.354,716.607,2.98,949.059,14.339,15.153,0
63.799,105.744,0.491,726.021,3.288,985.284,25.975,16.92,0
75.777,100.516,0.579,733.881,3.221,894.622,19.242,15.977,0
87.528,136.796,0.411,842.728,2.978,936.627,22.577,7.894,0
70.432,100.002,0.489,874.009,3.266,956.909,26.685,11.455,0
67.439,108.871,0.498,700.097,3.273,951.148,23.008,14.668,0
77.249,104.376,0.486,816.324,3.646,949.716,16.945,15.003,0
67.226,140.431,0.423,796.103,3.023,940.462,16.687,18.374,0
68.589,115.423,0.363,913.047,3.191,967.313,9.926,14.301,0
72.081,96.484,0.465,1001.081,3.243,922.861,16.488,11.881,0
85.029,174.638,0.524,922.779,3.246,933.482,24.519,9.583,0
71.656,98.429,0.4,1005.981,3.144,913.729,14.041,8.9,0
69.148,117.083,0.538,850.124,3.413,971.751,16.259,11.941,0
59.181,126.692,0.423,1037.02,3.47,945.06,19.878,6.572,0
81.857,123.066,0.436,783.238,2.74,956.782,16.167,12.263,0
76.098,118.513,0.449,963.971,3.025,952.406,27.233,9.083,0
81.078,107.855,0.426,852.178,3.301,930.194,21.517,13.171,0
65.582,131.022,0.441,850.111,3.408,980.603,24.177,15.372,0
80.836,118.38,0.464,762.987,3.171,952.016,17.195,14.468,0
74.14,130.549,0.478,855.74,3.15,919.105,15.834,9.751,0
70.265,123.374,0.406,1015.481,3.395,914.716,13.927,10.69,0
73.93,124.231,0.444,926.258,2.995,951.382,15.302,20.2,0
77.283,112.831,0.399,871.665,3.001,945.908,12.519,13.759,0
74.46,143.222,0.421,932.926,3.345,959.975,17.717,6.598,0
69.902,135.301,0.538,808.445,3.046,967.02,14.516,14.531,0
92.828,109.933,0.438,971.578,2.951,964.947,18.13,16.742,0
63.813,88.313,0.539,871.04,3.204,956.341,22.397,10.185,0
77.574,109.597,0.411,712.891,3.369,944.757,17.841,11.276,0
71.404,114.248,0.59,836.748,3.017,985.694,16.298,11.784,0
82.404,118.712,0.427,845.002,3.211,961.985,16.434,13.524,0
69.093,129.616,0.478,855.845,3.247,945.818,10.884,10.45,0
92.445,125.908,0.578,711.76,3.499,930.707,24.182,10.839,0
64.264,131.931,0.479,897.532,3.373,991.253,19.199,9.088,0
60.062,122.45,0.503,761.018,2.837,880.579,16.938,8.965,0
68.293,129.53,0.438,1003.988,3.525,972.77,14.789,11.012,0
79.702,112.357,0.421,794.973,3.128,944.51,17.028,14.658,0
86.232,139.028,0.431,954.807,3.32,906.831,20.805,15.306,0
70.164,120.952,0.453,917.696,3.523,952.52,20.6,12.943,0
76.604,116.701,0.504,826.443,3.49,970.802,17.071,13.492,0
67.888,120.407,0.45,844.521,3.292,924.216,12.605,11.239,0
77.183,129.421,0.47,808.113,3.375,923.918,21.647,12.975,0
76.514,122.096,0.426,843.751,3.313,941.011,18.159,6.552,0
83.343,129.516,0.493,792.753,3.293,952.937,19.473,13.32,0
74.416,127.22,0.352,934.491,2.972,954.799,8.681,13.034,0
64.572,125.644,0.477,885.538,3.241,980.513,8.394,14.02,0
71.595,121.966,0.465,758.672,3.236,915.611,18.244,12.315,0
125.734,224.694,0.726,2367.06,2.896,997.588,59.801,44.041,1
90.482,120.306,0.36,942.388,3.034,921.259,15.199,11.326,0
80.574,132.31,0.416,814.411,3.231,954.765,16.232,9.661,0
62.634,88.303,0.525,742.441,3.088,954.439,18.3,13.264,0
70.106,134.091,0.465,926.404,3.051,1000.517,18.733,7.697,0
78.266,76.24,0.388,946.008,3.179,933.41,17.216,14.299,0
71.179,129.228,0.453,837.036,3.401,946.223,15.34,15.167,0
72.06,109.471,0.512,863.988,3.327,906.345,15.823,12.413,0
74.429,123.056,0.468,895.656,3.23,954.022,19.935,13.386,0
76.016,124.427,0.402,1015.451,3.409,904.583,21.215,6.751,0
71.881,143.193,0.507,889.22,3.439,902.064,23.774,7.579,0
86.055,122.841,0.521,717.774,3.176,952.673,24.37,10.466,0
130.961,189.339,0.712,2097.726,2.553,1025.084,30.744,51.159,1
78.472,111.712,0.389,682.157,2.811,970.607,23.875,14.44,0
112.966,190.549,0.607,3548.681,3.277,986.622,30.805,24.041,1
75.965,135.341,0.478,721.026,3.378,925.072,19.61,16.246,0
75.56,111.916,0.466,872.617,2.979,967.534,16.551,8.535,0
65.645,114.461,0.424,833.462,2.932,973.268,20.58,12.662,0
75.888,119.753,0.404,855.339,3.441,931.737,23.294,9.834,0
66.262,122.012,0.464,896.644,3.218,948.634,17.075,15.121,0
67.295,126.533,0.412,854.644,3.002,1006.617,14.273,12.819,0
64.079,115.749,0.477,836.107,3.009,908.288,26.907,14.27,0
80.63,134.264,0.348,871.703,3.383,950.304,17.602,10.994,0
73.077,127.728,0.383,851.528,3.07,940.617,21.632,13.837,0
59.239,104.918,0.491,985.803,3.085,902.786,23.237,11.57,0
80.811,124.459,0.487,846.249,3.146,947.187,13.444,5.516,0
82.299,110.327,0.452,840.506,3.099,946.53,13.666,12.727,0
66.172,122.265,0.439,859.158,3.564,949.187,16.265,15.091,0
81.365,126.886,0.523,889.472,3.19,947.316,19.087,16.27,0
63.089,128.094,0.437,818.535,3.265,916.891,21.528,14.481,0
68.536,109.736,0.493,776.867,3.014,947.783,19.621,10.029,0
79.562,139.467,0.413,811.944,3.389,1007.925,10.261,11.156,0
82.894,149.217,0.431,1030.721,2.818,956.424,16.209,14.134,0
62.871,127.089,0.438,852.097,3.335,892.147,15.939,16.743,0
81.141,130.535,0.41,789.424,3.537,909.821,14.681,15.384,0
79.485,119.167,0.449,790.752,3.04,945.057,21.534,7.821,0
82.284,136.691,0.455,823.799,3.149,972.065,14.916,14.49,0
74.16,94.159,0.434,822.904,3.174,931.69,17.334,4.449,0
83.649,112.518,0.381,800.6,3.177,940.336,14.266,12.11,0
83.126,112.484,0.467,754.829,3.233,924.38,18.71,11.132,0
63.839,131.622,0.423,749.642,3.182,946.922,17.274,8.191,0
90.143,180.598,0.577,3298.765,3.127,993.459,30.616,26.889,1
70.198,113.107,0.389,958.496,3.42,936.32,19.503,3.798,0
74.547,123.101,0.41,768.277,3.485,933.745,20.493,11.603,0
82.931,135.741,0.468,810.556,3.133,924.937,15.508,11.866,0
95.026,88.912,0.486,965.693,3.219,906.161,15.991,10.988,0
65.898,119.229,0.459,720.185,3.057,960.051,25.62,13.561,0
90.27,115.36,0.456,842.684,3.097,939.346,19.835,17.972,0
71.649,127.899,0.456,842.041,2.979,944.04,20.454,18.755,0
76.726,147.209,0.404,711.714,3.009,988.391,18.922,13.895,0
76.02,114.502,0.443,834.49,3.104,933.64,28.587,10.924,0
81.811,134.294,0.493,915.687,3.024,957.215,15.915,11.319,0
72.738,123.868,0.405,887.982,3.261,934.026,14.724,10.0,0
61.265,99.328,0.434,554.254,3.334,966.015,16.208,13.386,0
83.802,125.878,0.449,928.143,3.7,896.784,22.399,13.266,0
78.714,97.44,0.446,891.127,3.113,937.587,12.979,12.715,0
72.448,95.613,0.534,876.453,3.78,956.632,16.712,10.12,0
83.767,117.3,0.498,728.841,3.319,945.118,20.683,12.674,0
74.274,119.673,0.481,837.195,3.381,972.69,18.126,12.73,0
83.746,117.005,0.578,713.188,3.235,949.974,17.621,10.329,0
69.906,98.958,0.458,989.637,3.547,967.379,13.975,11.091,0
65.573,100.152,0.489,701.137,2.468,937.36,17.48,13.442,0
77.064,129.608,0.539,938.793,3.323,973.402,20.088,11.676,0
57.596,109.72,0.401,950.274,2.994,973.738,15.142,12.427,0
75.511,126.929,0.439,729.943,3.167,984.343,17.904,7.662,0
96.884,128.114,0.464,843.718,3.258,932.848,12.906,8.135,0
70.692,122.439,0.411,728.596,3.035,975.424,14.138,13.317,0
66.615,86.243,0.471,729.68,3.405,954.861,25.413,12.164,0
81.033,123.201,0.465,879.519,3.258,958.699,22.663,7.117,0
70.117,115.382,0.468,941.891,3.493,983.35,15.341,15.401,0
71.74,121.091,0.38,962.524,3.482,952.846,20.645,12.361,0
69.792,118.435,0.432,866.074,2.806,943.328,21.5,9.612,0
81.692,104.608,0.424,744.791,2.912,968.08,18.842,13.59,0
91.171,163.21,0.469,786.824,3.224,935.646,18.162,13.647,0
78.337,145.686,0.481,906.182,3.387,942.921,20.719,14.788,0
99.376,137.727,0.421,1020.356,3.387,928.455,18.473,11.557,0
75.303,111.123,0.493,804.17,2.772,910.843,27.124,7.862,0
71.394,126.991,0.418,862.592,3.61,951.636,13.693,13.016,0
59.767,126.105,0.412,753.835,3.102,890.267,22.159,16.001,0
80.16,120.843,0.452,769.876,3.277,910.942,20.652,8.189,0
74.305,123.134,0.48,828.486,2.861,960.981,18.762,9.851,0
82.058,102.37,0.533,973.193,3.461,964.89,17.176,7.746,0
69.8,115.005,0.486,960.764,3.053,948.225,14.47,14.894,0
69.271,132.81,0.319,768.632,3.398,953.148,18.283,12.207,0
87.669,124.538,0.414,834.446,3.16,937.646,15.431,18.285,0
81.937,121.208,0.457,852.834,3.25,933.276,21.038,13.452,0
73.07,128.99,0.429,757.588,3.204,897.823,20.499,4.574,0
70.669,126.958,0.376,882.964,3.194,953.858,11.565,12.017,0
86.535,125.34,0.431,703.124,3.086,1014.11,15.72,14.344,0
75.725,107.654,0.417,861.688,3.22,958.598,20.344,7.177,0
84.217,106.198,0.542,1078.292,3.443,936.864,10.367,8.905,0
78.756,144.637,0.439,855.039,2.916,964.68,16.697,14.097,0
66.319,124.944,0.428,716.08,3.402,925.362,19.984,4.659,0
73.427,107.599,0.404,684.883,3.383,971.946,20.65,9.605,0
62.313,134.416,0.531,909.794,3.158,935.949,19.395,12.111,0
72.452,119.892,0.437,949.876,3.31,961.406,24.821,11.887,0
81.253,124.083,0.494,849.646,3.299,951.058,19.559,11.145,0
81.988,132.641,0.515,848.138,3.159,924.447,15.932,12.196,0
81.038,105.122,0.474,883.319,2.803,930.371,11.505,11.225,0
62.361,117.375,0.317,974.417,3.353,943.457,11.198,12.975,0
72.958,114.442,0.391,660.646,3.479,912.256,14.873,14.727,0
70.392,103.259,0.481,849.653,3.103,948.641,18.581,12.598,0
69.706,115.568,0.462,810.141,3.102,952.429,25.44,14.821,0
78.355,117.026,0.474,957.215,3.464,960.341,13.331,11.727,0
74.352,111.27,0.377,814.591,3.037,941.669,16.14,16.12,0
80.223,116.659,0.435,891.487,3.443,921.632,18.888,13.352,0
85.174,120.389,0.474,629.707,3.05,971.188,20.065,14.437,0
75.54,147.024,0.411,783.976,3.016,929.936,17.995,11.445,0
67.565,111.157,0.52,784.625,3.078,950.22,18.52,10.145,0
77.193,104.835,0.458,802.948,3.493,915.72,18.402,11.765,0
83.165,136.087,0.421,726.54,3.615,990.833,18.584,14.08,0
57.722,114.402,0.459,813.038,3.326,948.961,19.638,11.816,0
77.78,145.782,0.447,970.124,2.908,933.162,20.939,13.223,0
87.263,112.374,0.455,846.042,2.961,916.219,20.422,10.397,0
63.3,112.197,0.454,1025.366,3.305,942.67,17.495,15.397,0
85.104,156.754,0.473,1172.234,2.914,892.043,78.391,19.579,1
68.881,107.067,0.489,789.61,3.439,910.129,23.245,15.668,0
79.986,132.859,0.413,834.745,3.469,981.653,20.459,12.703,0
88.22,128.47,0.412,802.32,3.367,942.585,22.538,12.267,0
57.908,137.204,0.396,803.835,3.042,954.454,6.332,6.026,0
68.848,138.682,0.493,785.421,3.018,981.488,15.527,7.7,0
72.513,139.814,0.349,918.87,3.187,935.857,21.507,14.888,0
77.456,139.908,0.429,973.508,3.118,934.4,23.545,11.012,0
71.229,116.818,0.475,784.402,3.182,944.249,12.825,13.286,0
69.637,130.907,0.462,934.291,3.279,971.096,6.92,7.717,0
62.652,93.875,0.375,808.882,2.945,923.528,21.052,11.591,0
69.051,125.826,0.453,945.892,3.07,921.193,18.921,16.594,0
49.457,119.603,0.538,798.832,3.22,983.414,21.327,8.094,0
70.253,113.174,0.496,953.45,2.944,961.825,18.177,11.032,0
68.749,86.065,0.389,701.62,3.191,942.123,17.106,18.46,0
79.93,123.613,0.502,866.657,2.899,955.64,11.263,13.905,0
91.261,110.382,0.463,790.162,3.143,977.248,20.898,15.786,0
75.381,121.405,0.454,891.37,2.879,1003.006,20.302,10.551,0
79.187,123.835,0.412,828.63,3.393,972.041,24.009,12.676,0
77.273,95.252,0.344,865.497,3.11,966.398,14.247,13.875,0
75.055,118.276,0.409,867.782,3.334,930.679,19.882,13.997,0
73.334,122.528,0.48,789.662,3.061,947.63,16.519,9.73,0
59.164,118.594,0.438,910.741,2.849,886.559,11.048,13.45,0
86.036,140.286,0.451,814.032,2.87,965.808,17.526,11.325,0
68.404,132.955,0.528,977.877,3.01,927.407,19.662,9.412,0
87.219,120.914,0.499,823.128,3.143,902.424,18.286,11.972,0
67.914,114.133,0.424,949.317,3.388,933.241,18.167,12.577,0
72.157,157.736,0.494,929.979,3.407,943.567,12.661,12.997,0
75.841,133.653,0.434,968.373,3.361,947.297,22.428,16.929,0
78.493,134.463,0.54,768.472,3.091,925.343,19.646,14.824,0
78.018,121.76,0.449,852.301,3.144,969.935,22.125,12.198,0
79.645,146.913,0.478,837.709,3.408,975.896,17.52,7.241,0
87.855,110.134,0.415,671.277,2.853,939.232,15.781,12.661,0
85.281,119.224,0.376,1035.391,3.263,969.675,23.258,10.014,0
82.701,117.63,0.463,952.832,3.185,1013.383,15.628,16.208,0
82.234,120.784,0.431,788.898,3.459,946.569,15.09,9.729,0
68.7,143.417,0.476,839.439,2.882,977.27,15.025,14.696,0
73.305,115.528,0.442,801.421,3.047,986.39,18.464,12.757,0
79.804,93.507,0.396,885.657,3.188,950.218,15.985,13.129,0
67.418,105.487,0.4,822.157,3.337,924.34,21.908,12.331,0
79.057,130.482,0.476,827.699,3.309,932.284,21.164,6.961,0
83.188,138.805,0.377,818.638,3.088,965.14,19.365,12.414,0
75.237,97.268,0.379,911.297,2.778,904.943,15.246,15.249,0
77.656,145.923,0.542,740.724,3.117,989.413,23.144,6.576,0
61.027,110.672,0.368,858.489,3.219,974.404,19.029,14.164,0
70.156,127.184,0.48,814.229,3.132,928.917,17.495,12.206,0
76.11,117.45,0.432,699.448,3.204,902.237,14.845,11.546,0
78.814,144.448,0.376,907.79,2.98,903.618,14.827,6.577,0
72.35,101.985,0.386,1018.72,3.506,920.904,19.674,15.881,0
85.884,132.082,0.46,690.708,3.43,944.325,13.294,7.575,0
87.773,144.689,0.456,877.055,2.964,922.781,22.847,9.403,0
82.506,122.438,0.523,797.616,3.175,923.169,19.79,12.406,0
70.295,103.54,0.419,877.86,3.068,980.522,18.467,10.091,0
69.277,111.327,0.461,767.692,3.537,938.476,23.95,11.912,0
71.746,118.468,0.374,893.682,3.322,931.657,9.978,17.421,0
65.183,119.558,0.426,915.661,3.611,986.116,15.631,10.621,0
77.598,127.368,0.4,826.624,3.182,918.041,15.289,13.562,0
91.413,107.107,0.484,844.038,3.252,962.82,13.041,9.735,0
85.947,138.154,0.431,934.048,2.933,950.428,17.792,12.295,0
81.021,103.839,0.466,910.046,3.257,942.183,23.238,11.838,0
88.091,144.913,0.466,854.09,3.001,973.953,25.232,7.121,0
87.909,95.69,0.416,859.858,3.101,965.877,19.258,10.378,0
75.045,106.484,0.504,852.854,3.053,909.509,22.267,6.668,0
70.52,125.417,0.306,764.765,3.196,932.592,13.296,14.394,0
85.671,114.808,0.455,925.335,3.13,923.813,25.741,10.962,0
80.849,111.289,0.481,875.181,3.5,942.134,15.601,13.501,0
80.884,160.355,0.459,757.507,3.337,957.413,17.859,10.825,0
79.398,124.821,0.444,905.506,3.373,913.974,17.817,15.123,0
79.497,118.719,0.453,753.558,3.292,952.072,14.565,11.519,0
83.744,104.369,0.485,688.505,2.923,968.768,16.076,8.487,0
80.289,138.583,0.463,802.58,3.035,947.573,17.053,13.329,0
81.698,114.636,0.383,911.052,3.117,964.523,18.752,12.706,0
72.193,121.957,0.388,817.092,3.194,938.082,9.172,13.59,0
51.653,108.664,0.535,760.336,3.424,919.748,21.939,11.888,0
85.664,112.866,0.493,735.867,3.126,963.657,16.067,9.182,0
74.044,114.218,0.507,936.96,3.534,930.149,20.968,17.144,0
75.038,114.425,0.517,865.38,3.47,917.66,16.494,12.664,0
65.347,112.735,0.411,751.765,3.014,978.867,11.634,14.286,0
108.705,203.867,0.625,2513.686,2.821,1010.935,42.844,43.495,1
68.45,120.748,0.496,819.645,3.07,971.495,16.118,11.489,0
76.906,120.368,0.484,794.574,3.434,976.132,21.491,12.188,0
83.774,144.2,0.407,846.768,3.295,979.364,18.046,11.455,0
99.357,173.391,0.797,2099.071,2.342,959.17,42.919,48.361,1
77.216,126.14,0.473,805.025,3.367,912.415,16.598,14.888,0
81.203,128.991,0.457,869.488,3.225,930.94,14.688,14.261,0
82.942,138.555,0.652,957.512,2.904,871.974,52.966,29.31,1
75.86,109.477,0.477,775.969,3.018,919.964,17.198,14.3,0
74.005,96.749,0.495,824.217,3.235,938.309,21.15,5.789,0
82.193,145.158,0.476,786.925,3.287,978.969,23.576,21.415,0
85.936,122.483,0.375,774.666,3.087,931.324,20.046,9.224,0
83.86,106.983,0.394,760.28,3.241,941.522,13.945,15.088,0
75.417,99.738,0.385,815.049,2.979,877.474,17.898,10.692,0
60.577,112.957,0.451,875.2,3.062,935.051,16.663,14.449,0
69.691,118.674,0.406,869.338,3.003,960.547,14.703,13.989,0
65.875,130.545,0.593,999.857,3.289,943.229,19.884,18.876,0
68.323,93.185,0.461,840.496,3.202,949.523,18.977,7.726,0
74.988,112.559,0.503,840.866,3.028,994.137,19.865,11.342,0
73.726,94.693,0.464,749.114,3.489,968.675,18.519,9.133,0
60.635,103.218,0.512,835.632,3.223,915.17,16.76,10.909,0
81.886,121.445,0.469,877.376,3.203,996.399,27.391,7.602,0
81.24,124.936,0.485,871.208,2.928,985.76,20.031,12.652,0
84.73,139.459,0.446,825.215,3.352,932.325,24.899,11.807,0
84.837,110.105,0.427,885.049,2.877,948.927,22.147,12.593,0
54.526,140.398,0.366,863.998,3.172,972.647,9.523,11.847,0
80.68,121.359,0.466,896.396,3.365,962.183,13.177,13.867,0
81.95,108.392,0.383,925.089,3.325,994.636,21.321,13.267,0
85.042,150.648,0.601,772.627,3.401,936.657,16.214,5.555,0
70.436,108.026,0.448,794.322,3.143,953.26,15.586,11.37,0
69.722,109.436,0.506,849.453,3.295,906.417,17.993,12.827,0
80.498,142.012,0.452,913.157,3.072,938.343,20.383,15.445,0
78.796,137.388,0.383,981.767,3.17,962.014,15.791,11.576,0
84.54,103.606,0.41,730.074,3.083,1005.619,25.005,11.441,0
71.469,93.778,0.465,869.194,3.001,987.936,14.252,14.863,0
56.477,108.383,0.462,790.542,2.853,921.865,13.978,6.658,0
56.612,118.607,0.506,935.719,3.552,949.714,16.994,16.275,0
85.484,130.532,0.418,806.65,3.211,932.513,16.889,7.394,0
84.677,129.306,0.431,929.399,3.223,932.111,18.55,17.226,0
63.732,114.01,0.449,851.736,2.952,958.101,18.212,15.963,0
60.998,74.972,0.494,849.203,3.049,994.998,17.253,9.944,0
89.369,121.363,0.477,751.054,3.476,917.736,9.721,14.59,0
72.806,119.901,0.466,881.573,3.307,953.894,26.647,10.138,0
78.559,142.242,0.387,757.357,3.251,964.908,20.473,9.092,0
65.68,145.395,0.391,903.694,3.099,936.947,19.705,14.832,0
61.459,111.869,0.494,949.667,3.296,946.107,22.092,12.033,0
66.219,101.655,0.439,836.126,3.269,941.964,12.103,13.603,0
58.515,100.465,0.513,827.007,2.941,947.396,16.854,14.239,0
94.066,77.714,0.474,809.312,3.284,928.557,28.925,13.839,0
61.654,142.501,0.44,938.732,2.926,924.584,22.358,7.045,0
80.672,94.617,0.443,940.618,2.954,943.727,22.599,16.106,0
87.851,114.942,0.399,724.214,3.196,910.732,17.91,9.167,0
71.815,105.431,0.432,889.925,3.174,970.63,11.348,10.886,0
71.376,117.982,0.5,787.921,3.104,938.029,18.081,16.366,0
72.66,120.66,0.462,882.608,3.09,964.659,17.821,11.848,0
71.277,142.25,0.427,781.789,3.199,979.925,15.95,4.115,0
85.239,110.232,0.401,831.642,3.07,920.651,19.821,11.103,0
85.682,105.606,0.482,806.235,3.418,966.892,17.355,8.149,0
93.065,154.452,0.508,1143.719,2.937,915.092,69.648,23.838,1
77.7,120.507,0.403,965.56,2.846,945.437,16.935,18.925,0
79.694,129.028,0.436,821.382,3.304,947.116,11.51,13.851,0
61.21,104.622,0.438,800.96,2.68,955.717,14.262,12.576,0
75.105,117.738,0.421,735.877,3.111,910.141,18.81,12.713,0
90.276,114.285,0.519,857.151,3.193,970.878,16.144,9.34,0
86.093,119.932,0.361,861.212,3.218,948.061,13.405,12.407,0
78.751,132.916,0.441,888.498,3.314,929.234,13.684,14.447,0
74.053,128.728,0.473,939.518,3.604,942.292,23.0,8.549,0
75.993,125.17,0.42,714.028,2.903,965.525,13.766,4.681,0
81.309,126.379,0.458,857.94,3.166,976.65,24.032,9.609,0
66.974,124.173,0.42,843.367,2.918,939.084,20.884,8.185,0
82.83,139.972,0.465,897.591,2.894,931.75,13.271,9.175,0
83.531,122.515,0.493,879.161,3.206,1006.3,16.434,16.331,0
70.199,85.433,0.374,866.571,3.286,944.573,24.898,14.63,0
80.28,116.459,0.489,835.744,2.786,986.193,17.214,14.149,0
63.097,114.426,0.383,822.28,3.471,947.955,10.264,11.823,0
72.31,115.392,0.435,928.758,3.599,998.829,15.159,11.25,0
71.059,145.536,0.446,784.505,3.302,915.318,26.913,17.1,0
72.43,111.839,0.48,799.712,3.139,930.25,17.888,15.556,0
69.451,103.074,0.523,818.312,3.067,928.467,20.149,16.359,0
83.215,120.348,0.497,911.022,3.107,980.729,8.407,9.445,0
87.424,142.348,0.466,838.265,3.307,952.24,17.394,7.736,0
67.87,140.937,0.583,780.553,3.299,951.662,19.689,10.828,0
82.417,117.817,0.518,736.719,3.313,943.442,20.623,15.738,0
86.103,122.886,0.411,791.581,2.978,951.991,12.408,7.1,0
83.914,110.459,0.461,860.564,3.346,947.676,20.104,12.768,0
63.211,119.072,0.54,909.207,2.886,975.231,12.539,10.593,0
85.357,170.97,0.52,1164.372,2.99,848.702,65.721,26.186,1
98.547,163.21,0.519,1144.82,3.248,903.619,56.699,26.773,1
99.256,134.518,0.481,787.285,3.336,945.785,14.963,8.039,0
60.06,107.797,0.514,839.695,3.269,969.804,19.295,9.284,0
88.303,109.349,0.449,828.633,3.471,969.861,13.504,14.107,0
80.734,132.834,0.424,730.613,3.026,943.116,13.981,9.882,0
83.718,113.395,0.328,947.594,3.106,942.243,11.336,17.964,0
71.512,75.643,0.432,821.972,2.915,942.596,17.746,13.531,0
73.308,138.302,0.465,913.944,3.449,880.726,14.775,11.176,0
77.091,107.111,0.458,917.317,3.1,1003.124,14.729,15.686,0
72.468,134.41,0.529,940.223,3.067,965.411,14.221,13.179,0
55.708,93.64,0.456,917.211,3.058,942.044,26.962,10.898,0
79.406,122.532,0.451,796.739,3.134,941.076,17.308,11.557,0
75.12,106.456,0.397,709.966,3.249,953.779,12.027,10.823,0
82.484,114.127,0.488,871.67,3.236,975.328,15.595,18.433,0
73.784,95.884,0.407,814.331,3.451,942.318,14.597,15.149,0
78.199,94.142,0.471,769.302,3.357,964.375,10.09,9.984,0
76.708,111.18,0.444,859.435,3.283,936.793,19.169,11.35,0
67.355,106.664,0.401,897.219,3.055,942.022,15.287,13.028,0
80.643,106.487,0.518,837.69,3.118,944.104,24.917,17.683,0
74.452,130.847,0.451,958.605,3.25,992.721,20.026,6.642,0
76.625,132.08,0.448,959.276,3.378,955.569,15.248,8.708,0
80.263,120.131,0.455,826.187,3.164,934.009,16.578,11.175,0
73.785,151.626,0.511,907.581,3.172,919.085,19.278,11.454,0
64.276,105.895,0.439,815.045,3.247,923.694,14.102,12.504,0
77.507,103.023,0.424,810.879,3.245,886.621,18.667,18.574,0
64.551,123.798,0.513,831.335,3.224,986.724,20.638,17.487,0
75.231,110.486,0.35,841.634,3.043,919.437,21.432,12.34,0
63.02,103.511,0.457,753.166,2.96,923.901,17.299,10.363,0
79.546,147.163,0.501,774.442,3.141,929.799,21.944,11.425,0
65.853,136.294,0.476,839.509,3.251,960.003,14.03,10.013,0
64.087,121.572,0.412,733.02,3.039,948.547,17.235,15.338,0
91.342,113.836,0.415,732.934,3.411,954.111,17.114,10.043,0
77.188,123.152,0.527,825.131,3.16,904.461,11.147,12.63,0
84.381,128.343,0.401,780.052,3.204,951.051,20.819,9.507,0
77.867,130.524,0.375,868.115,3.313,969.242,21.702,15.004,0
87.758,128.759,0.43,968.661,2.965,977.623,19.732,14.943,0
71.519,130.195,0.456,917.858,3.2,1002.906,15.007,17.016,0
63.473,93.349,0.465,804.092,3.312,925.531,18.282,8.613,0
77.641,129.524,0.431,1002.169,3.041,964.668,18.083,15.892,0
69.052,132.603,0.508,766.835,3.264,987.728,19.323,13.652,0
76.274,113.325,0.485,865.367,3.386,967.094,14.142,13.84,0
65.667,119.721,0.474,947.253,3.124,911.965,17.095,12.077,0
70.162,128.467,0.529,792.797,3.375,937.704,17.31,9.939,0
71.36,116.627,0.504,861.638,3.471,902.82,17.409,9.083,0
78.014,96.919,0.446,980.732,3.411,915.781,24.549,11.701,0
88.93,103.207,0.397,907.102,3.145,944.919,24.859,10.32,0
78.328,144.574,0.337,915.19,2.931,947.516,12.426,11.463,0
60.516,122.619,0.494,819.13,3.076,935.575,14.038,11.798,0
74.298,125.983,0.429,669.985,3.221,988.849,16.64,14.653,0
73.039,104.077,0.455,819.122,3.192,964.742,29.095,6.717,0
73.937,116.75,0.488,773.613,3.334,905.769,22.232,14.575,0
71.946,108.061,0.381,839.648,3.236,1003.148,16.889,10.992,0
83.156,112.827,0.446,782.484,3.208,952.452,22.718,8.302,0
73.064,130.24,0.408,837.498,3.084,957.814,24.825,10.227,0
64.672,137.682,0.532,584.743,3.4,917.652,11.858,14.511,0
93.801,172.998,0.518,3433.92,3.338,983.691,17.307,30.012,1
81.275,113.116,0.471,919.855,3.439,928.703,22.665,12.085,0
80.504,116.787,0.441,819.789,3.352,930.659,13.692,9.703,0
76.181,115.778,0.369,986.665,3.296,1000.807,21.414,14.773,0
83.068,145.479,0.436,952.702,2.968,918.415,21.66,12.725,0
75.022,129.296,0.471,729.032,2.942,976.569,18.371,15.729,0
61.729,113.369,0.492,955.467,2.95,961.68,20.878,12.576,0
71.088,116.749,0.392,859.694,2.951,919.083,17.827,14.53,0
74.484,120.544,0.36,872.484,2.994,945.044,12.64,12.511,0
85.744,98.569,0.47,829.549,3.603,948.962,17.625,11.633,0
76.273,135.397,0.518,921.525,3.02,965.334,15.347,11.076,0
65.962,106.081,0.379,835.692,3.311,917.509,14.638,10.469,0
68.77,125.762,0.376,791.194,2.966,909.826,20.491,16.678,0
74.825,164.522,0.437,1172.584,3.303,843.254,68.657,5.42,1
75.237,108.451,0.445,930.336,3.402,944.512,9.848,15.525,0
70.825,84.876,0.573,882.165,2.918,937.035,22.924,9.725,0
83.376,97.696,0.455,719.723,3.049,943.999,15.554,9.09,0
79.168,121.386,0.447,882.864,3.406,991.59,15.585,5.329,0
71.475,110.271,0.413,797.193,3.136,914.278,22.025,15.16,0
79.652,132.087,0.554,715.379,3.153,973.304,17.15,13.109,0
62.62,105.761,0.39,723.261,3.072,987.153,18.752,9.117,0
62.217,102.768,0.439,846.579,3.115,924.536,21.594,8.216,0
74.84,96.127,0.38,929.338,3.174,911.148,16.891,11.845,0
87.863,132.994,0.412,960.237,2.891,909.85,19.383,9.275,0
73.369,120.623,0.43,795.126,3.157,955.943,22.033,12.439,0
76.809,116.792,0.433,948.134,3.208,969.13,22.165,13.553,0
75.907,105.117,0.423,823.663,3.039,962.992,17.544,13.302,0
76.567,131.937,0.451,829.289,3.35,940.733,22.249,7.195,0
60.027,80.84,0.467,744.712,3.283,994.663,23.396,11.827,0
60.177,125.429,0.4,799.006,3.605,941.194,13.167,13.708,0
78.105,106.654,0.482,774.575,2.886,937.403,9.589,8.585,0
74.919,126.381,0.476,971.538,3.502,968.01,20.082,16.124,0
79.424,106.123,0.492,891.128,3.328,991.79,12.01,7.417,0
86.693,117.592,0.509,923.68,3.256,975.399,21.912,8.325,0
74.896,94.516,0.347,853.012,3.345,901.43,14.289,7.641,0
75.329,110.525,0.488,926.501,3.397,940.807,10.131,11.327,0
93.936,122.408,0.426,840.502,3.01,932.682,27.696,14.21,0
70.846,100.578,0.522,939.461,3.119,970.067,18.736,11.804,0
62.911,128.648,0.425,874.823,3.152,970.547,20.433,12.236,0
78.1,130.062,0.463,956.409,3.358,937.02,15.874,14.249,0
69.157,100.974,0.341,840.085,3.183,937.632,26.701,10.026,0
75.119,117.863,0.488,963.621,3.207,950.466,16.39,8.552,0
75.447,106.495,0.472,937.878,3.081,992.23,20.346,12.769,0
80.102,96.497,0.474,864.679,2.92,928.796,17.294,9.648,0
80.279,120.59,0.564,896.249,3.133,937.758,24.962,8.496,0
70.363,127.969,0.524,888.758,3.406,974.763,18.632,8.825,0
76.651,108.125,0.464,1059.225,3.054,891.62,17.8,13.418,0
80.654,99.999,0.448,915.324,3.25,913.662,14.906,13.17,0
67.155,109.523,0.41,896.408,3.537,964.979,20.775,12.937,0
66.457,102.866,0.461,864.595,3.449,959.632,16.16,14.467,0
71.35,115.661,0.514,874.504,3.198,977.218,20.93,15.44,0
76.355,140.755,0.52,727.563,3.189,892.455,19.202,9.652,0
65.103,126.964,0.36,851.368,3.246,964.422,21.151,13.525,0
78.304,108.835,0.519,931.009,3.089,955.831,21.15,13.623,0
77.547,135.791,0.443,891.009,3.18,910.917,12.775,11.134,0
77.958,94.968,0.487,780.028,3.284,942.433,23.034,9.274,0
62.952,97.355,0.421,901.107,3.054,934.286,15.931,8.156,0
75.166,137.027,0.467,718.009,3.223,954.462,16.048,13.565,0
83.48,123.401,0.383,760.662,3.313,955.928,16.807,5.515,0
64.704,104.581,0.509,765.593,3.481,999.926,19.637,12.859,0
91.35,129.359,0.426,1095.796,2.724,898.932,59.355,24.844,1
79.1,106.287,0.464,718.457,3.134,930.095,22.046,11.258,0
63.792,104.492,0.299,839.803,3.231,928.058,14.277,15.271,0
69.725,114.46,0.501,795.818,3.443,980.696,27.593,13.906,0
81.761,125.402,0.45,958.869,3.477,911.869,21.107,14.95,0
88.358,119.983,0.413,644.362,3.291,953.099,16.087,14.821,0
85.656,137.668,0.452,847.117,3.159,914.005,16.91,8.113,0
67.413,133.88,0.468,674.379,3.177,983.453,11.914,9.518,0
61.284,132.878,0.48,765.719,3.593,973.284,15.887,15.748,0
79.432,109.347,0.456,840.43,3.17,914.605,20.649,10.495,0
87.463,182.881,0.691,2379.213,3.221,1042.638,49.528,40.97,1
68.754,108.153,0.425,831.581,3.159,982.435,20.051,15.598,0
71.972,117.993,0.473,810.921,2.855,987.806,16.669,11.211,0
67.026,166.839,0.473,833.237,3.09,940.534,16.721,14.531,0
59.246,114.064,0.43,756.975,3.088,936.827,20.823,12.771,0
73.707,130.037,0.484,836.946,3.317,925.274,13.231,6.294,0
72.329,102.429,0.488,780.082,3.061,962.927,20.597,11.617,0
75.677,103.89,0.453,677.768,2.976,960.629,14.766,12.22,0
70.696,96.922,0.47,912.458,3.205,949.16,14.816,13.62,0
67.453,130.484,0.458,798.322,3.013,967.689,16.106,12.817,0
84.754,136.896,0.467,787.758,2.894,973.9,5.895,13.463,0
55.71,125.677,0.418,847.651,3.443,899.185,11.206,12.13,0
71.302,128.972,0.43,738.805,3.479,963.907,20.009,10.43,0
73.6,136.686,0.434,953.733,3.423,936.505,17.55,8.177,0
76.568,155.847,0.537,919.648,3.204,947.88,20.666,16.12,0
77.579,113.149,0.457,908.23,3.176,964.414,22.625,8.51,0
62.302,103.75,0.415,789.787,3.486,936.192,18.882,15.695,0
86.574,133.341,0.488,697.26,3.036,934.517,23.782,12.401,0
65.267,149.987,0.44,838.331,3.404,904.168,11.655,8.62,0
81.515,98.326,0.506,986.583,3.087,902.825,17.415,12.313,0
82.726,140.152,0.377,763.402,3.338,946.989,17.835,13.002,0
85.493,104.88,0.417,810.878,3.055,912.665,20.275,9.853,0
62.666,114.361,0.459,832.273,3.366,957.916,17.562,11.022,0
81.224,142.383,0.394,825.938,3.062,965.062,15.377,15.817,0
76.741,106.421,0.497,872.76,3.073,903.871,24.843,14.085,0
60.433,112.48,0.353,771.763,3.306,943.846,18.754,9.817,0
82.409,141.973,0.407,673.908,2.997,978.492,21.299,13.845,0
71.268,96.249,0.526,926.797,2.945,999.978,25.492,14.826,0
69.535,94.467,0.557,829.242,3.3,1014.407,15.481,12.53,0
64.544,112.958,0.405,818.509,3.306,927.287,12.914,11.389,0
76.972,131.792,0.469,835.784,3.363,933.267,16.261,10.071,0
87.57,121.81,0.499,852.602,3.153,974.182,19.213,13.9,0
72.85,126.753,0.416,856.088,3.026,922.931,18.784,8.01,0
79.146,116.293,0.459,831.142,3.24,964.206,20.459,12.615,0
79.147,113.415,0.439,687.556,3.363,936.638,17.534,11.654,0
70.944,157.207,0.362,862.895,3.354,975.819,20.768,6.048,0
72.634,138.357,0.422,836.683,3.319,961.246,20.386,12.137,0
64.258,106.993,0.455,868.394,3.282,946.514,17.703,14.3,0
83.58,101.292,0.484,736.726,3.021,967.312,21.842,13.771,0
70.253,105.523,0.405,855.134,3.405,947.58,17.884,14.967,0
66.791,125.892,0.383,972.814,3.469,977.065,19.907,11.484,0
72.717,128.821,0.449,768.223,3.149,997.84,20.434,3.409,0
71.833,137.871,0.414,951.26,3.496,932.457,23.859,7.934,0
78.999,116.879,0.531,796.922,3.184,926.822,15.401,14.464,0
77.757,124.95,0.437,726.058,3.043,915.861,16.583,11.353,0
117.839,231.777,0.695,2177.047,2.915,999.593,58.802,24.86,1
73.592,121.878,0.479,861.836,2.746,948.975,18.236,13.183,0
79.765,124.025,0.411,927.203,2.948,954.787,21.633,16.828,0
63.415,84.193,0.49,899.623,3.471,983.37,18.505,14.049,0
84.88,134.155,0.414,848.506,2.934,976.615,18.415,14.306,0
82.831,112.408,0.43,779.895,2.717,933.99,17.341,11.278,0
78.932,118.376,0.47,822.538,3.066,952.158,17.56,8.231,0
74.748,95.145,0.414,959.194,3.569,961.195,14.261,8.3,0
77.336,114.626,0.438,1014.975,3.385,925.135,19.901,12.982,0
78.235,108.609,0.486,780.44,2.839,989.923,12.09,12.353,0
76.516,136.94,0.511,884.574,2.74,942.801,14.098,14.323,0
72.911,117.313,0.443,922.986,3.042,941.903,16.719,9.527,0
76.495,111.411,0.389,806.164,3.717,968.462,17.025,16.817,0
82.71,115.997,0.502,871.773,3.351,932.965,19.529,13.933,0
71.486,125.265,0.531,869.326,3.28,937.569,15.232,10.763,0
82.485,104.262,0.465,932.292,3.281,1007.953,19.705,12.985,0
79.727,133.402,0.436,786.977,3.212,980.954,20.942,11.007,0
59.572,117.094,0.452,996.771,3.238,949.738,18.374,12.896,0
68.414,122.071,0.484,748.605,2.881,940.433,27.565,14.431,0
79.118,117.111,0.418,908.6,3.044,949.515,17.756,9.826,0
86.655,134.183,0.503,874.377,3.172,970.419,18.594,8.652,0
80.555,106.859,0.376,783.703,3.009,915.212,12.435,14.142,0
60.273,127.019,0.429,810.744,3.371,934.205,14.257,9.705,0
67.984,128.011,0.407,909.988,3.421,931.752,20.583,13.636,0
87.135,114.382,0.428,894.103,3.008,1001.68,15.571,13.259,0
62.432,111.28,0.413,915.165,3.342,907.877,16.897,10.956,0
72.32,122.776,0.502,806.376,3.173,960.872,13.594,7.245,0
64.799,122.488,0.527,874.465,3.249,974.82,21.017,13.136,0
62.383,124.681,0.446,798.74,3.33,964.022,12.273,13.799,0
66.179,122.547,0.473,842.051,3.285,961.006,20.671,9.721,0
69.301,123.383,0.445,1040.175,3.581,935.039,21.359,13.087,0
77.651,116.442,0.464,757.624,2.702,958.61,18.021,14.033,0
78.216,124.594,0.48,772.558,3.447,919.389,25.244,9.632,0
70.923,111.449,0.379,896.691,3.101,926.803,21.821,12.81,0
87.668,125.369,0.464,795.478,3.193,949.807,18.405,13.049,0
87.062,130.247,0.372,931.973,3.593,949.418,17.369,14.111,0
67.557,128.532,0.455,832.311,3.417,937.751,14.236,11.734,0
63.823,103.843,0.433,803.444,3.209,982.525,18.635,14.001,0
82.9,129.753,0.485,908.67,2.785,937.142,14.513,13.577,0
67.86,120.517,0.455,939.437,3.274,962.611,18.714,12.482,0
69.062,134.348,0.526,900.862,2.505,935.921,17.904,10.72,0
73.825,120.373,0.427,929.534,3.29,968.109,23.199,11.649,0
68.623,125.381,0.458,963.193,3.12,932.971,24.548,12.586,0
76.133,115.232,0.47,803.373,3.161,980.126,21.265,12.116,0
76.355,119.77,0.417,918.706,3.23,968.323,19.719,18.693,0
68.252,117.711,0.499,855.298,3.113,984.092,26.837,15.434,0
74.866,158.625,0.421,800.304,3.185,927.71,15.942,13.566,0
68.441,114.222,0.359,775.369,3.131,952.192,24.9,11.067,0
83.596,90.513,0.528,754.374,3.544,956.151,17.75,11.742,0
66.527,117.966,0.435,919.598,2.572,977.404,16.408,9.415,0
76.673,125.551,0.432,969.446,3.143,974.19,14.617,15.242,0
73.869,124.04,0.424,789.641,3.321,942.791,17.711,13.17,0
80.974,123.493,0.411,900.294,3.122,981.192,21.576,12.256,0
77.791,100.502,0.4,786.822,3.364,911.422,11.806,11.619,0
63.769,112.911,0.463,764.618,3.41,928.472,18.303,16.408,0
81.602,114.256,0.518,1009.152,2.82,906.683,23.796,17.981,0
75.275,142.838,0.431,829.542,3.334,941.981,22.749,12.083,0
75.618,132.082,0.377,834.206,3.065,950.766,14.533,7.89,0
72.726,108.582,0.385,835.532,3.332,963.795,18.736,12.752,0
90.524,130.667,0.433,831.252,2.867,950.432,18.56,14.451,0
68.839,129.329,0.531,955.942,3.281,961.085,22.066,11.839,0
122.179,214.758,0.703,2299.351,2.578,984.893,60.283,41.936,1
67.538,108.64,0.495,926.667,3.436,924.066,21.6,12.419,0
69.608,136.263,0.493,920.58,3.013,983.88,13.286,11.275,0
71.975,120.003,0.438,951.757,3.17,925.203,17.81,16.738,0
85.732,124.618,0.399,870.858,3.116,971.465,16.383,12.398,0
72.982,123.974,0.451,909.812,3.157,948.309,14.265,10.042,0
81.525,121.309,0.464,777.392,3.341,957.531,16.988,11.361,0
76.767,135.976,0.41,760.505,3.053,930.73,16.569,13.156,0
79.532,125.953,0.515,885.61,3.219,960.542,12.4,10.494,0
75.817,143.462,0.366,879.067,3.123,931.501,20.105,15.531,0
66.194,116.091,0.436,749.028,3.67,984.77,21.54,4.699,0
92.057,128.786,0.533,933.781,3.11,929.002,17.856,11.157,0
67.065,139.016,0.473,1017.589,3.236,944.661,15.821,10.277,0
75.353,121.659,0.455,804.157,3.112,951.783,19.011,11.851,0
83.991,97.154,0.464,977.031,3.48,924.852,24.469,16.746,0
73.16,131.651,0.44,876.395,3.234,958.081,14.241,15.69,0
73.166,94.622,0.489,931.607,3.577,940.096,15.477,15.284,0
109.29,250.775,0.72,2406.49,2.922,1025.528,39.318,35.324,1
71.779,134.608,0.49,929.512,3.057,978.028,15.386,12.689,0
91.06,109.447,0.398,740.651,3.265,967.241,15.481,13.785,0
86.947,136.947,0.429,692.4,3.129,985.359,25.75,17.123,0
60.964,136.949,0.454,974.475,3.506,955.027,16.448,14.177,0
80.538,141.796,0.467,747.096,3.063,970.858,12.179,8.642,0
82.097,107.566,0.427,781.393,3.236,956.073,17.675,11.819,0
92.569,196.807,0.498,3842.984,2.926,940.791,31.115,26.379,1
84.375,134.901,0.496,769.808,3.187,919.176,17.884,14.762,0
73.914,135.067,0.452,906.079,3.311,898.722,20.966,9.254,0
63.177,125.947,0.435,870.42,3.159,967.263,17.83,16.852,0
87.407,141.788,0.584,3525.402,3.116,951.192,39.002,31.671,1
68.25,112.631,0.437,945.847,3.226,943.693,16.637,10.738,0
86.86,103.495,0.49,905.827,3.118,917.068,14.92,11.708,0
67.772,138.798,0.392,823.499,2.932,960.304,12.392,14.835,0
74.637,96.818,0.462,869.28,3.607,971.669,14.426,14.096,0
76.305,132.552,0.517,883.269,2.898,961.796,18.067,6.242,0
85.642,118.444,0.422,848.668,3.491,1009.118,23.873,13.39,0
70.418,120.927,0.439,805.398,3.356,961.596,14.035,12.115,0
78.486,119.191,0.435,834.52,3.36,949.633,19.393,11.928,0
71.55,94.815,0.425,897.953,3.165,917.132,23.205,12.723,0
63.898,94.995,0.466,926.037,3.063,931.279,23.843,9.805,0
58.166,127.635,0.573,798.623,3.523,945.543,17.055,12.534,0
78.163,127.712,0.348,940.559,2.987,981.23,11.34,14.254,0
78.626,128.861,0.395,864.672,2.993,987.643,17.484,12.954,0
67.414,135.317,0.466,931.458,3.132,938.875,18.677,12.116,0
68.724,92.433,0.407,843.715,2.781,946.172,16.014,15.721,0
72.037,124.841,0.447,903.323,3.468,995.773,9.852,15.332,0
78.489,128.657,0.463,856.237,3.025,1003.577,25.202,17.408,0
74.245,122.671,0.425,846.956,3.351,966.382,19.632,12.156,0
82.007,126.133,0.497,751.489,3.021,944.403,19.502,12.238,0
85.038,79.745,0.454,1024.351,3.185,964.728,17.71,14.444,0
80.567,126.129,0.402,761.636,3.164,986.163,15.021,13.604,0
87.808,102.745,0.494,875.882,2.775,938.407,19.039,8.273,0
70.497,105.336,0.416,905.411,3.235,978.095,17.657,14.254,0
81.624,116.132,0.375,809.943,3.352,934.601,19.517,10.405,0
76.159,102.232,0.433,849.297,3.386,980.099,16.604,11.551,0
83.161,97.005,0.421,847.747,3.091,959.845,21.753,6.964,0
85.157,128.254,0.431,806.983,3.08,970.228,16.06,10.417,0
71.384,106.806,0.399,777.685,3.101,949.786,19.125,14.187,0
69.046,125.583,0.475,937.7,3.05,931.748,22.945,8.321,0
80.83,131.913,0.517,777.07,3.261,934.899,15.43,8.793,0
76.139,127.004,0.49,858.344,3.217,947.065,11.457,10.252,0
67.893,115.212,0.455,827.969,3.512,893.647,14.206,9.003,0
74.99,132.027,0.462,802.021,3.602,935.275,21.44,13.382,0
76.279,117.156,0.534,963.083,3.447,929.876,16.908,14.295,0
92.642,142.909,0.51,818.427,3.425,935.18,20.608,5.488,0
82.924,106.84,0.436,860.565,3.216,978.314,21.85,11.696,0
74.702,135.332,0.516,762.825,3.271,934.058,10.094,9.575,0
69.586,115.441,0.378,937.368,3.035,919.292,16.967,13.78,0
84.482,88.18,0.407,773.859,3.442,983.295,10.423,5.928,0
81.595,120.646,0.401,821.402,3.354,935.21,14.661,14.758,0
81.612,150.397,0.438,878.921,3.021,932.854,7.433,10.236,0
72.387,101.045,0.409,797.014,3.151,949.399,19.673,7.982,0
72.575,120.514,0.453,850.906,2.931,980.87,26.066,12.341,0
81.186,133.735,0.455,976.313,3.054,976.242,18.525,15.316,0
64.692,110.961,0.486,950.621,3.222,990.665,15.85,12.026,0
83.702,123.034,0.373,766.183,3.207,986.498,12.308,9.758,0
89.941,102.222,0.475,853.766,2.934,990.193,17.866,11.486,0
75.625,135.18,0.307,776.676,2.942,944.111,16.792,7.629,0
75.051,100.844,0.452,918.718,2.911,955.163,15.679,15.652,0
84.592,123.731,0.543,968.213,3.013,947.226,22.286,11.521,0
65.084,129.036,0.456,861.821,3.226,971.219,16.472,10.871,0
73.78,99.559,0.383,859.474,3.335,944.597,23.098,10.186,0
74.757,151.404,0.388,852.175,2.663,916.231,13.726,11.6,0
72.538,95.742,0.456,868.261,3.283,969.137,18.014,8.84,0
87.454,144.842,0.398,822.404,3.077,937.868,18.397,8.793,0
73.579,119.555,0.44,1037.355,3.046,930.072,26.636,10.331,0
75.215,136.372,0.455,867.991,3.088,908.907,17.499,11.855,0
84.891,115.803,0.424,1114.989,3.23,944.948,16.972,12.628,0
66.826,102.611,0.48,783.962,3.036,956.4,16.661,15.388,0
75.915,119.709,0.478,737.149,3.082,972.361,14.932,15.817,0
71.544,90.936,0.361,838.479,3.247,965.299,17.825,13.241,0
75.577,134.413,0.45,875.572,3.273,967.842,18.5,9.158,0
69.025,127.073,0.466,968.328,3.212,958.8,16.693,10.69,0
85.884,124.675,0.516,916.025,3.254,937.915,23.19,10.802,0
74.116,104.513,0.416,795.96,2.964,929.488,19.454,14.264,0
73.093,102.665,0.44,896.448,3.387,959.878,14.128,10.904,0
79.917,117.916,0.516,905.917,3.311,936.543,19.994,16.113,0
70.395,151.153,0.47,904.567,3.07,922.824,21.046,13.707,0
74.492,118.115,0.472,947.804,3.449,957.885,17.574,13.414,0
81.622,128.984,0.487,831.698,3.552,947.622,15.783,15.046,0
73.362,141.251,0.411,792.013,3.117,945.984,16.597,11.525,0
81.39,115.437,0.349,840.175,3.351,923.237,16.744,6.724,0
77.16,124.002,0.466,906.502,2.852,956.954,14.046,12.958,0
71.092,117.801,0.517,878.724,3.167,952.534,15.442,12.987,0
61.111,127.778,0.459,799.002,3.309,988.55,16.151,12.558,0
68.522,114.561,0.473,856.462,3.35,967.447,18.497,11.882,0
76.34,123.362,0.493,895.327,3.308,936.806,26.626,15.264,0
87.469,136.732,0.482,806.254,3.043,954.715,20.227,14.892,0
81.03,135.653,0.325,742.242,3.36,992.962,12.924,13.775,0
76.421,106.104,0.413,818.09,3.068,904.382,20.374,12.403,0
64.102,142.38,0.479,720.472,2.771,981.264,10.656,11.288,0
70.266,135.836,0.446,963.459,3.211,904.672,14.08,9.714,0
59.054,122.312,0.41,882.79,3.354,960.115,13.046,14.131,0
76.255,134.018,0.469,743.689,3.266,914.916,20.741,11.498,0
87.695,97.791,0.345,886.623,3.11,971.753,13.768,15.549,0
71.658,110.516,0.418,942.47,3.203,951.502,18.505,10.96,0
74.131,115.447,0.398,941.585,3.059,924.442,11.489,14.478,0
80.785,102.085,0.47,895.398,3.237,977.187,16.997,8.522,0
74.756,97.811,0.446,913.643,3.18,963.283,15.738,15.977,0
72.26,112.575,0.442,860.658,3.453,936.658,15.038,15.762,0
84.414,101.878,0.502,942.472,3.342,941.982,17.354,12.244,0
73.577,93.383,0.477,828.5,3.116,971.326,18.194,8.571,0
71.598,135.462,0.45,911.767,3.478,947.335,16.766,15.644,0
84.527,149.078,0.428,831.269,3.21,959.749,19.487,14.234,0
68.739,122.025,0.483,762.547,3.059,933.857,21.268,12.854,0
64.022,130.932,0.451,743.305,3.008,926.14,18.43,10.443,0
72.805,127.309,0.449,865.493,3.332,938.12,16.889,11.953,0
77.347,108.796,0.43,768.061,3.299,933.231,12.133,15.463,0
75.677,109.811,0.427,747.348,3.139,973.276,22.63,8.791,0
76.499,129.675,0.454,737.976,2.792,924.662,27.067,8.641,0
80.837,113.488,0.464,802.665,3.339,949.484,14.052,8.047,0
79.296,116.232,0.4,964.44,3.424,905.316,19.11,17.327,0
82.581,120.245,0.43,841.17,3.249,956.441,17.603,14.428,0
79.295,87.447,0.368,815.138,3.259,962.913,17.366,14.732,0
97.278,97.187,0.398,947.984,3.47,987.952,23.82,10.726,0
69.945,103.209,0.432,778.995,3.346,941.164,15.24,13.808,0
80.968,119.18,0.5,843.4,3.04,972.737,18.071,10.383,0
76.323,114.501,0.507,834.351,3.133,953.761,18.592,16.982,0
79.313,126.496,0.504,932.128,2.859,958.754,18.853,9.839,0
66.272,121.451,0.465,951.38,3.288,914.929,15.855,16.872,0
84.932,119.049,0.419,856.456,3.454,943.672,16.027,11.247,0
72.792,128.653,0.441,882.366,3.333,962.553,24.2,11.382,0
68.648,135.238,0.469,860.483,2.911,981.593,23.043,17.525,0
63.449,119.406,0.364,897.786,3.103,1020.514,16.635,12.058,0
74.571,103.998,0.527,794.54,2.773,933.952,22.138,8.312,0
72.547,101.353,0.402,772.65,3.199,966.341,11.681,12.457,0
85.42,111.926,0.442,802.46,3.345,951.434,19.891,12.646,0
70.447,130.272,0.36,734.534,3.115,980.307,18.745,11.739,0
73.883,132.961,0.527,853.886,3.626,990.099,20.547,10.551,0
77.23,107.346,0.489,830.65,3.163,975.368,8.877,7.665,0
78.187,111.978,0.435,855.396,3.408,952.016,14.765,15.088,0
81.978,140.916,0.404,849.871,3.516,942.789,20.691,14.973,0
68.732,106.135,0.36,946.313,2.732,983.634,14.915,11.147,0
96.152,112.592,0.509,864.468,3.265,1001.897,14.758,11.897,0
65.089,103.025,0.433,887.702,3.366,918.191,15.008,14.591,0
78.033,98.671,0.411,799.127,3.196,943.059,25.608,15.895,0
83.762,99.466,0.467,767.185,3.245,986.9,20.011,13.957,0
64.441,103.339,0.399,848.53,3.635,909.667,12.92,13.103,0
71.251,100.381,0.431,891.828,3.377,976.547,21.435,14.737,0
73.943,120.268,0.515,860.071,3.003,933.795,20.152,11.546,0
79.335,125.022,0.513,901.355,3.349,941.932,17.072,13.203,0
74.731,127.674,0.406,827.18,3.12,944.176,19.335,10.92,0
70.517,99.495,0.49,764.691,3.214,932.178,16.035,11.877,0
63.477,144.963,0.408,806.613,3.275,929.259,20.014,12.225,0
69.189,126.076,0.49,777.338,3.074,931.21,13.524,11.84,0
73.861,110.623,0.477,787.384,2.911,991.697,14.658,9.028,0
53.313,106.622,0.379,947.369,3.401,943.828,20.009,8.195,0
65.503,133.575,0.449,755.506,3.285,947.669,13.876,14.872,0
67.851,115.77,0.496,862.91,3.283,934.23,14.241,16.044,0
73.46,92.749,0.509,798.567,3.176,949.72,22.622,14.445,0
76.397,91.917,0.397,867.198,2.946,954.396,16.25,8.153,0
101.193,122.297,0.52,1129.467,3.184,857.581,90.417,27.742,1
70.532,156.645,0.406,906.49,3.078,945.902,14.835,17.071,0
63.767,126.912,0.483,887.331,3.569,954.746,15.898,11.803,0
77.055,129.638,0.473,859.53,3.279,958.896,16.331,14.723,0
86.798,123.037,0.491,804.775,3.166,982.655,15.603,10.497,0
75.96,119.496,0.393,887.946,3.065,943.358,21.371,11.112,0
63.727,116.532,0.462,917.624,3.222,948.13,17.618,11.749,0
88.413,106.505,0.454,832.388,3.149,979.824,16.188,10.297,0
71.311,108.732,0.454,831.413,3.298,910.467,22.979,6.192,0
73.942,108.91,0.46,943.806,3.065,929.479,16.742,11.641,0
69.459,116.313,0.491,834.97,3.288,957.925,16.816,11.604,0
81.238,114.703,0.469,850.327,3.321,973.694,13.75,12.295,0
68.999,120.589,0.403,868.929,3.069,983.052,18.57,14.189,0
73.302,117.868,0.451,939.548,3.247,1004.822,15.666,10.932,0
75.663,138.027,0.446,1008.573,2.92,948.301,19.601,12.466,0
89.839,127.869,0.358,864.252,3.335,943.089,17.309,9.473,0
75.924,118.121,0.482,694.531,2.955,906.836,13.023,6.807,0
69.198,101.225,0.421,849.448,3.593,937.972,20.818,17.27,0
66.5,126.305,0.48,831.327,3.313,935.431,17.382,14.685,0
68.541,136.014,0.43,926.701,3.176,953.437,19.196,11.526,0
67.38,116.685,0.446,822.514,3.031,906.953,22.517,10.838,0
80.498,117.602,0.461,881.627,3.061,965.646,18.754,14.383,0
72.275,122.249,0.436,894.798,3.134,974.641,10.163,11.691,0
75.707,93.891,0.468,860.119,3.229,964.113,13.347,11.006,0
51.673,150.717,0.408,889.787,3.313,983.435,21.769,5.986,0
66.911,100.61,0.453,761.399,3.074,959.688,10.901,10.478,0
93.794,114.94,0.49,710.239,2.771,928.203,15.136,10.893,0
94.758,103.855,0.471,783.845,3.617,968.16,20.083,8.129,0
89.689,111.16,0.491,743.304,3.2,915.84,22.543,12.334,0
78.607,140.891,0.424,948.307,3.533,946.965,15.37,13.312,0
79.525,149.654,0.444,736.24,3.382,945.459,8.798,10.745,0
69.528,111.09,0.534,839.955,3.39,963.004,12.306,14.014,0
81.596,102.148,0.443,864.617,3.372,950.425,19.367,15.784,0
67.05,127.671,0.431,893.749,2.977,953.377,19.163,14.702,0
83.732,125.082,0.461,735.491,3.329,939.11,15.135,7.916,0
68.196,99.5,0.358,828.268,3.55,972.245,9.958,7.566,0
74.26,112.143,0.511,804.965,2.984,922.025,21.003,5.112,0
78.401,97.17,0.469,900.222,3.029,975.208,25.12,8.246,0
80.859,136.538,0.515,781.796,3.381,989.543,19.352,10.005,0
81.739,167.284,0.474,1265.383,2.889,905.656,79.886,27.655,1
77.853,95.294,0.401,864.798,3.361,975.397,19.013,11.757,0
56.364,113.911,0.342,888.474,3.295,962.827,16.083,10.962,0
84.13,117.14,0.45,739.599,3.457,955.851,26.83,12.669,0
74.074,116.506,0.563,803.158,3.299,977.497,29.289,13.284,0
83.889,122.83,0.44,800.722,3.661,961.991,10.535,10.036,0
67.875,103.075,0.477,893.846,2.809,953.746,26.316,9.974,0
82.82,113.718,0.521,728.904,3.171,973.331,19.178,18.389,0
79.455,112.942,0.42,864.137,3.037,1017.515,15.649,15.166,0
71.01,123.876,0.449,823.395,3.166,937.918,22.797,18.442,0
71.92,116.263,0.511,1032.275,3.066,943.588,19.344,17.93,0
73.859,106.802,0.446,841.93,2.95,913.181,17.446,9.206,0
84.372,142.16,0.519,877.42,3.325,946.106,19.356,11.459,0
70.635,124.262,0.478,872.88,3.119,958.853,15.481,14.544,0
80.135,114.682,0.45,892.195,3.045,949.831,20.91,11.368,0
83.903,125.317,0.385,719.217,2.829,910.044,18.942,14.554,0
85.067,126.054,0.476,873.495,3.26,953.245,21.103,13.208,0
80.294,91.025,0.489,750.475,3.055,957.722,15.125,16.598,0
77.948,120.207,0.541,875.057,2.972,940.602,21.299,16.721,0
65.636,124.286,0.446,986.662,3.199,942.729,19.314,10.021,0
76.143,133.527,0.33,841.661,3.499,948.951,15.971,12.836,0
77.105,107.007,0.447,779.725,3.704,956.037,20.848,7.682,0
69.643,103.223,0.44,1022.924,3.359,926.64,18.627,14.57,0
69.513,129.741,0.463,940.902,3.27,958.336,17.204,13.487,0
106.861,206.54,0.709,2487.052,2.931,1013.934,56.478,46.834,1
83.348,108.291,0.485,860.037,3.464,907.059,8.571,13.143,0
78.501,136.437,0.523,928.536,3.297,936.141,16.578,9.838,0
58.687,112.727,0.465,1002.593,3.266,926.847,24.522,8.749,0
77.841,123.291,0.462,817.038,3.287,934.712,14.737,12.005,0
70.727,109.338,0.492,1035.235,3.378,965.311,15.439,12.798,0
59.097,130.689,0.484,909.586,3.067,927.912,11.58,8.938,0
66.593,90.042,0.502,695.217,2.805,960.83,26.545,10.872,0
73.582,128.291,0.417,808.383,3.239,940.214,16.182,11.879,0
71.037,108.883,0.483,871.682,3.272,932.546,16.663,12.84,0
75.127,121.894,0.386,809.163,2.794,932.679,18.311,9.734,0
73.04,113.98,0.501,876.517,3.328,947.537,22.287,19.632,0
57.087,93.609,0.434,870.619,3.186,956.92,14.542,12.384,0
90.081,131.98,0.475,859.84,3.314,943.314,20.482,4.067,0
112.215,145.109,0.559,981.754,3.317,937.242,56.618,19.657,1
62.013,123.167,0.523,876.453,3.164,956.712,16.204,15.806,0
67.269,129.972,0.409,872.554,3.14,927.241,19.148,14.357,0
68.324,113.935,0.425,833.945,2.953,946.834,14.852,12.268,0
72.099,125.958,0.4,767.409,3.157,977.339,17.494,10.801,0
75.933,84.135,0.493,924.689,3.012,952.811,16.992,4.777,0
79.186,124.026,0.366,800.778,3.133,923.483,15.496,9.47,0
73.061,92.83,0.544,824.908,3.239,1005.182,20.566,23.637,0
78.059,109.687,0.473,901.206,3.109,951.774,16.763,19.061,0
77.197,100.174,0.394,923.594,3.092,911.5,15.549,6.617,0
78.036,127.854,0.404,795.855,3.491,917.207,17.239,11.434,0
65.949,124.131,0.418,867.55,3.065,934.41,17.583,8.829,0
69.264,97.79,0.43,830.956,3.052,961.045,17.986,12.727,0
71.494,111.347,0.381,833.187,3.0,955.051,23.153,11.355,0
87.008,113.265,0.515,737.181,3.287,914.695,15.784,20.517,0
78.096,104.525,0.402,895.266,3.178,954.258,15.939,12.269,0
64.112,98.754,0.529,863.805,3.294,959.549,18.216,16.368,0
58.784,112.496,0.473,875.037,3.205,918.664,20.431,15.987,0
86.473,110.697,0.399,900.291,3.144,959.431,20.586,9.861,0
72.191,154.235,0.427,922.55,3.804,957.266,17.532,16.607,0
89.311,113.59,0.528,805.35,3.196,960.562,15.665,5.141,0
76.514,150.244,0.387,709.15,3.055,953.58,24.766,12.442,0
78.708,98.253,0.375,879.037,3.444,964.692,18.638,10.879,0
74.799,117.09,0.46,808.205,2.875,969.493,18.311,14.923,0
76.372,115.066,0.357,895.446,3.171,899.026,21.319,14.023,0
87.905,114.423,0.387,894.175,3.455,931.272,25.797,14.518,0
80.188,136.609,0.418,759.447,3.024,969.624,14.978,16.934,0
61.084,131.864,0.526,902.721,3.133,943.844,13.114,10.943,0
70.932,123.596,0.494,831.838,2.9,985.288,9.209,11.634,0
75.822,116.715,0.486,891.326,3.291,946.378,21.017,8.814,0
78.965,123.102,0.486,913.087,3.183,949.098,23.071,14.991,0
88.481,118.513,0.53,766.847,3.599,924.379,25.438,9.404,0
78.419,102.971,0.48,876.371,3.071,921.992,18.877,14.461,0
71.069,94.333,0.453,830.688,2.959,931.042,17.525,9.798,0
90.488,152.263,0.452,937.214,3.158,937.175,18.202,6.439,0
73.96,137.252,0.434,863.936,3.219,952.895,18.566,12.627,0
66.417,157.902,0.443,748.755,2.957,950.426,12.688,12.051,0
71.188,127.464,0.445,984.872,2.781,937.31,19.063,10.778,0
85.914,128.375,0.394,789.334,3.249,991.063,24.086,12.592,0
80.55,108.844,0.492,795.212,3.253,931.474,19.928,12.223,0
62.338,121.727,0.402,1053.882,3.223,994.931,15.6,16.975,0
77.752,130.735,0.418,878.513,3.065,973.168,25.81,14.164,0
69.923,131.047,0.401,900.515,3.367,924.052,16.074,9.692,0
80.659,140.861,0.46,850.299,3.386,961.39,22.806,19.279,0
79.203,138.154,0.399,868.781,3.34,974.403,13.359,10.275,0
98.272,97.747,0.442,793.375,3.555,989.019,26.613,16.296,0
82.742,129.657,0.458,869.819,3.292,980.722,11.228,8.917,0
72.875,140.605,0.496,867.728,2.889,958.229,14.577,6.761,0
86.398,135.285,0.437,783.399,3.302,947.135,22.618,11.38,0
68.737,121.868,0.483,918.152,3.195,976.448,19.587,13.382,0
70.749,136.659,0.429,890.968,3.308,974.464,25.184,16.079,0
61.801,106.282,0.443,819.04,3.152,959.05,17.383,9.854,0
83.025,130.456,0.53,749.45,3.104,919.78,16.555,11.6,0
76.369,112.807,0.491,706.894,3.287,929.827,20.157,11.725,0
72.978,117.118,0.463,808.823,3.135,961.878,16.57,11.059,0
66.437,125.049,0.408,786.237,3.252,972.807,23.466,10.137,0
77.197,123.257,0.466,978.745,2.886,954.805,11.886,11.416,0
69.719,109.149,0.412,959.287,3.453,947.726,22.183,13.285,0
82.197,117.522,0.481,954.589,3.282,964.124,17.38,11.081,0
90.659,214.822,0.592,1993.266,2.727,988.939,38.231,39.284,1
71.908,122.213,0.416,920.82,3.487,913.091,18.516,6.887,0
69.008,101.434,0.431,950.154,3.205,959.59,20.529,11.812,0
80.133,147.199,0.521,762.362,2.975,939.128,14.505,13.165,0
74.188,151.449,0.476,902.656,3.122,939.473,9.006,11.208,0
77.584,138.22,0.438,987.261,3.093,974.584,19.25,12.082,0
88.475,113.865,0.459,828.744,3.229,883.01,18.286,14.145,0
72.583,128.816,0.497,750.19,2.972,962.791,13.837,13.171,0
57.438,110.126,0.345,921.834,2.999,988.727,16.802,15.865,0
71.587,114.191,0.438,893.833,3.519,949.523,20.657,14.031,0
81.662,108.509,0.417,820.797,3.56,949.086,24.158,10.717,0
78.154,111.21,0.462,765.565,3.85,930.322,15.58,14.247,0
75.442,136.609,0.49,969.752,3.186,948.472,18.884,14.735,0
69.349,139.722,0.472,902.813,3.082,927.332,15.844,16.397,0
74.821,99.504,0.426,917.773,3.149,974.23,18.775,13.532,0
70.179,110.537,0.417,808.596,3.319,935.893,18.825,14.699,0
73.902,119.686,0.45,856.729,3.246,962.112,10.118,8.717,0
71.586,132.374,0.457,917.9,3.008,972.235,18.659,10.854,0
53.501,108.481,0.363,802.182,2.875,925.812,18.346,9.102,0
82.891,118.923,0.417,1194.946,3.151,834.316,68.475,17.616,1
75.57,101.502,0.487,819.033,3.244,931.04,23.03,6.502,0
69.651,125.518,0.478,863.343,2.841,949.044,23.864,14.97,0
80.211,120.545,0.471,796.675,3.388,908.265,16.377,11.038,0
75.683,109.746,0.49,1012.871,3.287,942.251,17.812,12.884,0
65.217,108.293,0.343,900.451,2.997,959.071,11.57,17.041,0
66.604,119.153,0.413,917.049,3.3,961.127,18.027,17.355,0
63.95,107.738,0.391,778.816,3.25,898.652,12.009,13.081,0
75.208,99.56,0.47,765.086,3.117,939.972,18.684,10.65,0
70.18,123.38,0.448,728.462,3.114,973.021,18.315,13.7,0
78.083,113.92,0.46,844.24,3.153,939.578,20.846,13.355,0
87.192,149.586,0.495,866.315,3.077,968.774,21.926,13.433,0
60.593,128.217,0.441,740.338,3.132,976.438,22.176,12.493,0
66.471,113.972,0.49,852.281,3.396,951.381,18.681,10.277,0
75.976,114.331,0.441,907.262,3.228,939.048,15.977,9.494,0
76.144,163.693,0.454,840.15,3.207,944.508,17.676,11.074,0
87.591,129.975,0.477,866.055,3.285,952.113,21.18,17.004,0
63.74,113.058,0.474,841.335,3.516,969.66,22.652,12.043,0
87.512,128.073,0.44,866.885,3.351,937.784,26.974,10.685,0
57.496,134.951,0.438,870.095,3.406,963.589,9.997,10.259,0
87.901,118.131,0.454,944.61,3.151,908.815,29.034,12.153,0
60.669,119.328,0.496,921.347,3.042,955.53,23.121,10.895,0
87.687,118.893,0.386,904.145,3.041,934.56,16.393,8.903,0
54.212,110.576,0.488,831.292,3.486,926.119,25.512,14.065,0
88.715,131.901,0.36,860.125,3.481,953.607,19.116,12.253,0
71.911,126.845,0.458,933.84,3.193,962.088,23.994,17.247,0
81.701,120.604,0.401,966.776,3.507,960.668,17.807,11.854,0
74.153,116.357,0.475,869.424,3.18,959.18,12.756,17.987,0
60.456,138.26,0.507,741.232,3.03,921.158,14.102,10.22,0
86.184,128.259,0.446,931.138,3.334,920.116,16.304,15.607,0
79.394,111.56,0.32,873.768,3.48,916.254,15.306,9.776,0
58.248,126.239,0.405,770.489,3.378,949.296,23.105,10.096,0
58.917,120.124,0.373,823.34,3.055,902.98,22.482,12.816,0
71.265,101.149,0.468,687.685,3.221,937.423,16.713,13.209,0
86.495,114.935,0.459,854.809,3.029,958.9,20.778,7.41,0
64.16,103.34,0.408,863.477,3.187,954.453,13.658,15.596,0
56.533,107.945,0.503,774.268,3.313,959.904,15.704,15.64,0
59.833,119.119,0.431,798.748,3.417,978.933,16.452,15.16,0
64.981,134.585,0.39,815.247,2.917,952.391,22.279,14.595,0
80.222,146.528,0.427,1025.02,2.947,941.092,18.34,14.073,0
81.951,132.127,0.475,752.216,3.281,981.737,24.846,15.487,0
66.62,123.041,0.448,975.151,3.172,910.032,16.217,9.878,0
78.637,114.607,0.481,793.186,3.062,932.082,17.723,18.524,0
73.893,104.861,0.427,884.139,3.281,897.826,14.569,10.528,0
74.086,124.853,0.537,834.708,3.342,950.885,16.373,7.537,0
45.701,110.41,0.458,881.239,3.505,952.518,15.557,19.004,0
72.288,119.639,0.472,846.18,3.298,996.728,17.895,12.382,0
67.295,91.746,0.354,888.282,3.606,972.193,17.394,5.512,0
73.648,132.188,0.419,849.924,2.998,923.911,22.124,6.823,0
65.907,130.521,0.444,1023.576,2.835,947.435,25.02,8.956,0
81.846,135.676,0.387,775.607,3.015,895.908,19.023,12.682,0
64.672,119.497,0.414,905.314,3.251,942.478,23.853,10.604,0
63.831,138.404,0.475,920.749,3.404,943.39,11.223,11.709,0
67.654,143.034,0.419,743.586,2.977,954.097,15.993,14.447,0
85.081,130.352,0.432,838.523,3.462,944.451,14.023,10.967,0
78.159,116.154,0.342,980.549,3.411,963.624,23.463,11.655,0
59.636,152.964,0.507,1034.19,3.353,961.431,22.066,11.674,0
69.795,124.407,0.497,983.105,2.956,957.933,20.416,11.35,0
64.42,136.749,0.506,781.837,3.202,943.441,19.065,14.751,0
85.728,115.482,0.531,805.257,3.461,978.4,19.602,13.726,0
66.583,105.73,0.463,917.873,3.235,948.518,19.71,15.082,0
83.086,122.682,0.403,945.589,3.05,979.353,21.916,18.274,0
69.955,138.405,0.487,883.27,3.488,949.351,22.919,13.009,0
78.249,102.007,0.379,857.822,3.114,898.255,20.668,16.753,0
69.738,112.406,0.44,758.953,3.191,988.811,17.573,14.843,0
77.564,120.958,0.499,933.677,3.445,956.776,18.899,15.501,0
72.725,117.476,0.441,907.515,3.116,987.718,15.084,12.363,0
87.39,141.667,0.456,828.362,2.955,956.122,19.068,9.783,0
79.051,116.554,0.459,916.819,3.113,941.25,21.682,9.395,0
76.476,122.595,0.469,881.055,3.16,950.077,16.137,10.12,0
71.174,119.139,0.404,980.461,3.512,929.099,12.604,15.085,0
71.529,119.858,0.465,745.946,3.401,949.196,20.299,11.993,0
77.712,105.564,0.495,841.713,3.401,941.66,12.91,6.925,0
66.752,115.707,0.479,887.402,3.217,923.139,18.73,8.366,0
77.301,115.536,0.448,752.459,3.065,938.531,18.463,15.403,0
73.061,143.028,0.374,688.796,3.292,941.265,23.045,14.261,0
73.26,134.754,0.369,796.506,3.168,926.718,22.057,15.39,0
57.36,126.25,0.482,971.322,3.147,980.312,10.155,9.055,0
63.629,114.673,0.488,631.552,3.405,904.289,19.276,10.464,0
75.26,130.821,0.453,849.824,3.159,970.121,13.017,11.0,0
79.216,106.749,0.442,982.311,3.049,989.859,18.223,11.646,0
95.858,144.713,0.487,829.623,3.056,940.856,16.807,15.904,0
78.1,111.403,0.505,942.138,3.411,954.577,21.207,12.508,0
81.339,95.154,0.508,841.174,3.391,977.274,20.254,5.952,0
78.032,134.423,0.413,758.487,3.365,919.403,14.447,14.716,0
82.668,101.783,0.444,802.893,3.195,945.255,22.658,13.677,0
84.0,125.507,0.465,743.399,3.091,981.191,15.82,15.294,0
59.935,134.953,0.442,829.482,3.082,961.387,17.166,10.518,0
74.662,120.558,0.496,953.891,3.056,918.135,14.306,8.587,0
76.61,124.229,0.401,912.664,3.046,956.259,18.71,8.705,0
73.346,99.317,0.462,883.029,3.169,944.312,20.778,8.891,0
76.755,131.194,0.456,820.126,3.028,976.333,16.53,11.538,0
55.391,101.458,0.445,957.782,3.088,900.795,20.406,15.389,0
65.17,141.465,0.502,922.456,2.953,979.301,15.715,10.268,0
72.111,125.445,0.45,779.59,3.115,941.497,12.114,17.051,0
76.354,98.095,0.439,861.856,3.059,957.435,16.369,13.152,0
84.28,75.816,0.516,932.884,3.132,984.631,18.438,9.777,0
78.135,108.84,0.401,843.035,3.186,954.768,22.186,8.695,0
86.317,122.103,0.413,814.413,3.475,922.686,15.356,15.332,0
83.737,130.669,0.49,877.939,3.188,920.944,16.702,11.357,0
83.229,141.659,0.511,843.507,2.673,944.351,15.82,12.307,0
75.712,128.073,0.473,844.44,3.584,962.785,13.78,14.453,0
76.708,137.975,0.365,748.555,2.705,983.884,18.597,14.084,0
90.945,121.887,0.545,771.636,3.123,976.358,14.003,13.524,0
77.461,124.627,0.414,819.451,3.194,968.989,23.38,8.703,0
77.682,128.394,0.436,846.868,3.19,979.461,22.779,10.844,0
75.736,104.213,0.443,1024.986,3.049,931.253,16.131,16.704,0
68.497,101.777,0.492,903.455,3.259,920.217,20.004,11.611,0
72.387,121.811,0.431,799.933,3.306,928.416,14.955,13.633,0
97.816,99.259,0.486,844.521,3.737,897.292,19.087,13.799,0
68.125,111.293,0.437,944.309,2.871,937.479,11.095,15.713,0
63.335,150.087,0.42,834.576,3.161,942.482,14.873,14.365,0
74.632,134.393,0.472,979.187,3.187,944.773,20.706,14.264,0
73.636,127.215,0.374,802.665,2.985,931.059,20.638,7.536,0
70.728,127.06,0.43,892.755,3.322,943.25,22.281,15.997,0
69.106,109.637,0.514,931.908,3.279,913.267,19.242,13.538,0
72.984,115.214,0.487,801.611,3.195,947.883,14.48,15.065,0
78.021,148.049,0.372,827.256,3.078,944.697,19.838,16.893,0
78.084,121.063,0.405,942.263,2.948,955.98,20.254,6.731,0
79.028,126.749,0.376,822.183,3.224,951.528,17.866,12.243,0
87.9,118.999,0.461,852.82,3.174,941.4,15.755,2.721,0
88.497,116.702,0.468,920.234,3.003,941.85,10.292,10.799,0
82.191,131.658,0.447,841.889,3.166,961.058,20.985,15.336,0
70.497,132.486,0.402,918.412,3.201,940.686,16.357,17.22,0
68.951,134.538,0.371,914.374,3.004,957.054,16.974,6.951,0
79.131,128.357,0.431,795.614,2.897,977.42,16.278,11.448,0
80.457,109.514,0.413,836.969,3.191,945.761,18.039,9.517,0
89.179,133.109,0.466,764.614,3.332,957.333,12.295,13.758,0
75.703,114.582,0.396,980.476,3.068,955.21,22.54,17.637,0
81.453,110.64,0.474,694.821,3.215,963.334,12.119,12.77,0
69.364,164.973,0.573,976.851,2.678,893.365,87.387,20.197,1
78.575,141.209,0.43,903.822,3.236,972.081,16.053,13.639,0
79.065,140.696,0.413,702.893,3.163,938.486,19.204,9.867,0
92.869,106.435,0.384,816.665,3.421,970.849,15.658,9.366,0
71.776,145.265,0.565,846.071,3.028,976.95,22.425,15.244,0
76.914,116.738,0.338,1075.283,3.283,964.274,13.367,18.324,0
79.891,129.529,0.459,843.731,3.36,970.811,17.851,16.355,0
87.021,113.229,0.426,871.301,3.438,949.826,16.651,8.601,0
71.34,123.744,0.457,630.839,3.289,979.794,21.308,6.73,0
69.54,116.039,0.504,933.366,3.476,955.495,16.691,10.37,0
76.881,128.954,0.511,768.234,3.005,916.17,24.932,12.453,0
89.406,100.513,0.481,669.929,3.377,939.097,14.532,15.22,0
77.022,112.117,0.438,779.3,3.105,947.647,13.015,16.249,0
77.152,147.02,0.532,841.205,3.102,901.687,17.094,11.033,0
74.889,129.884,0.421,831.808,2.92,962.997,12.793,10.872,0
82.974,118.218,0.474,844.759,3.187,939.783,20.046,10.567,0
76.102,118.421,0.501,808.733,3.205,936.469,24.788,18.724,0
76.403,123.832,0.47,853.575,3.73,1000.946,18.191,12.748,0
78.303,119.139,0.497,917.838,3.111,939.669,11.967,16.33,0
78.698,100.889,0.478,901.618,2.88,983.622,17.277,11.836,0
80.1,106.177,0.425,829.769,3.278,988.136,18.319,9.857,0
71.822,100.117,0.457,755.733,3.228,956.808,21.16,13.116,0
87.116,113.977,0.459,947.676,2.698,917.001,22.107,6.743,0
89.843,102.732,0.449,833.04,3.237,968.31,19.767,14.864,0
69.688,119.693,0.461,848.838,3.25,985.119,13.166,15.517,0
73.265,107.754,0.481,771.455,2.932,974.23,17.447,16.806,0
82.388,113.375,0.439,914.692,3.664,935.148,17.36,15.299,0
60.865,135.933,0.501,846.594,3.506,952.337,15.734,9.518,0
62.27,112.116,0.521,845.621,3.27,987.797,21.945,15.629,0
76.606,142.098,0.413,977.279,3.245,932.082,20.385,16.253,0
87.092,119.525,0.448,880.491,3.383,943.786,16.496,12.419,0
68.646,141.804,0.428,795.188,3.376,968.828,23.651,8.427,0
56.405,149.522,0.516,817.81,3.204,974.645,24.797,14.858,0
83.229,93.342,0.415,817.735,3.096,971.574,16.096,14.158,0
74.124,143.369,0.539,976.797,3.278,958.213,9.133,9.114,0
71.792,115.714,0.397,907.381,3.077,965.279,24.66,10.901,0
78.819,152.543,0.426,818.194,3.18,950.025,7.576,10.926,0
75.256,117.017,0.389,859.906,3.294,946.661,17.079,8.19,0
78.579,98.37,0.487,751.805,2.343,950.766,17.772,17.144,0
62.02,116.006,0.48,912.966,2.918,971.89,19.515,8.138,0
69.375,143.219,0.472,885.878,2.979,969.742,19.042,13.827,0
81.373,115.014,0.445,1004.817,3.051,931.084,15.749,13.116,0
75.182,106.606,0.42,817.068,3.07,915.208,21.84,12.789,0
66.011,131.454,0.356,898.726,3.418,949.337,18.981,11.27,0
80.489,141.435,0.502,776.877,2.817,921.264,16.218,8.548,0
77.096,109.905,0.449,835.837,3.324,937.285,16.278,10.056,0
68.387,136.191,0.449,874.72,3.365,908.362,13.49,13.807,0
83.519,137.261,0.487,882.486,3.049,931.259,9.741,12.529,0
86.752,141.73,0.491,872.3,2.97,994.256,19.334,10.667,0
57.294,104.952,0.432,997.65,3.319,899.404,21.961,16.474,0
74.32,139.736,0.43,804.831,3.349,938.884,11.336,18.221,0
109.563,193.476,0.607,3880.617,3.323,976.014,34.444,27.674,1
80.335,95.988,0.491,975.602,3.263,920.728,22.212,10.747,0
70.774,109.385,0.391,785.874,3.535,943.554,20.283,10.786,0
78.818,118.011,0.475,859.448,2.937,927.103,23.912,5.505,0
67.452,156.435,0.492,788.89,3.28,960.556,17.163,5.189,0
83.664,129.537,0.473,964.62,3.194,948.288,25.258,15.16,0
78.97,98.336,0.39,986.547,3.569,1015.481,18.262,18.35,0
72.904,145.956,0.487,1094.752,3.218,905.366,58.92,17.952,1
73.684,124.738,0.428,1026.356,3.083,988.756,15.817,7.562,0
86.164,110.855,0.389,896.466,3.398,930.973,16.05,18.414,0
84.544,109.088,0.468,911.826,3.284,962.021,31.888,6.725,0
70.391,132.767,0.494,748.221,2.86,931.034,19.491,12.048,0
59.374,112.367,0.444,894.632,3.237,980.344,14.996,9.265,0
72.98,118.747,0.383,864.369,3.259,993.973,16.599,11.227,0
63.846,118.542,0.406,763.951,3.209,974.51,11.33,10.961,0
79.685,122.928,0.506,749.572,3.213,939.3,20.852,10.626,0
78.058,113.324,0.495,865.086,2.884,929.748,13.061,9.973,0
74.396,109.911,0.475,909.431,3.322,924.791,21.264,11.74,0
76.947,108.564,0.477,920.306,3.083,969.798,16.948,10.729,0
79.547,136.836,0.468,886.236,3.066,963.026,24.306,13.447,0
85.497,129.473,0.466,825.744,3.207,999.315,13.957,7.581,0
69.532,127.378,0.432,1016.314,3.251,950.211,15.644,9.356,0
82.819,112.907,0.455,749.251,3.056,953.599,11.399,13.421,0
94.418,114.693,0.495,986.439,3.281,960.096,14.373,8.12,0
69.163,118.52,0.364,801.653,2.939,985.71,27.73,13.22,0
68.846,120.785,0.41,778.387,3.278,978.278,13.689,9.675,0
76.648,113.015,0.465,795.899,3.163,981.401,21.652,12.607,0
88.067,118.469,0.423,777.986,3.309,953.998,16.477,13.423,0
66.928,126.705,0.429,931.195,3.199,973.662,12.76,11.057,0
76.341,119.909,0.474,892.725,3.422,941.365,18.452,9.912,0
84.139,145.747,0.472,1034.755,2.924,842.668,82.49,16.514,1
83.32,109.853,0.441,895.753,3.224,914.399,19.763,9.137,0
71.68,145.181,0.489,749.98,3.09,905.139,21.435,14.652,0
69.469,98.103,0.44,789.642,2.976,973.689,15.412,11.62,0
81.4,117.352,0.515,1009.697,3.221,945.817,20.298,7.16,0
81.271,130.794,0.476,849.138,3.116,969.32,21.213,15.388,0
82.993,124.032,0.418,834.468,3.423,898.048,19.549,14.272,0
81.149,145.455,0.576,720.506,3.288,966.484,16.224,11.326,0
80.208,137.951,0.42,1000.757,3.318,941.228,17.556,8.199,0
74.336,121.658,0.437,824.623,3.528,942.924,15.501,10.728,0
82.866,105.986,0.38,996.67,3.459,895.057,15.24,17.524,0
65.732,147.874,0.476,822.814,2.932,963.769,18.374,10.097,0
76.513,79.623,0.44,840.645,3.14,971.744,9.1,10.471,0
66.611,127.715,0.43,1000.949,3.091,962.201,14.442,7.91,0
72.952,129.548,0.427,901.304,3.538,951.611,17.585,13.273,0
83.949,113.314,0.459,865.281,3.251,952.656,24.881,12.714,0
73.869,97.395,0.369,718.88,3.032,983.858,17.559,10.104,0
63.841,118.14,0.488,831.713,3.227,1004.683,11.622,5.375,0
74.628,82.515,0.506,772.408,3.194,981.021,18.724,10.554,0
84.625,132.285,0.547,752.101,3.481,947.646,14.224,14.007,0
79.908,127.599,0.551,892.506,3.455,926.147,8.546,13.569,0
80.092,120.847,0.471,829.216,3.068,978.926,17.6,13.98,0
75.896,113.865,0.459,867.322,3.328,983.881,16.494,10.743,0
84.632,120.94,0.472,781.393,3.511,966.417,13.971,10.442,0
76.323,171.099,0.481,1046.475,3.124,889.923,74.497,10.297,1
79.704,109.512,0.42,868.787,3.249,967.196,17.155,10.152,0
63.879,104.087,0.524,953.736,3.5,921.563,18.569,7.876,0
82.17,110.813,0.448,858.885,2.803,940.555,19.769,11.304,0
68.784,141.765,0.447,955.009,3.508,958.419,23.473,13.243,0
71.62,117.985,0.486,872.504,3.311,938.842,12.783,12.3,0
78.715,141.8,0.424,971.937,3.252,925.821,26.445,14.13,0
81.752,129.943,0.427,723.066,3.199,962.918,23.37,13.958,0
76.341,150.159,0.416,911.33,3.627,932.749,27.685,12.037,0
70.511,112.571,0.595,867.329,2.871,964.537,26.046,13.186,0
90.405,108.427,0.448,815.74,2.878,949.284,13.795,13.579,0
81.621,126.02,0.422,765.738,3.165,911.364,17.079,15.765,0
70.292,127.08,0.384,931.546,3.168,926.066,14.396,11.299,0
71.963,114.993,0.402,857.099,3.424,982.473,10.343,10.831,0
68.573,126.77,0.37,929.703,2.94,950.979,21.048,10.596,0
91.307,117.96,0.43,749.952,2.92,952.929,18.587,11.073,0
83.893,118.125,0.503,698.007,3.037,964.685,24.09,8.527,0
90.688,111.508,0.512,806.817,2.773,949.487,7.856,13.381,0
62.073,119.387,0.442,803.403,3.144,980.889,13.249,10.342,0
76.318,173.179,0.6,4436.365,2.894,973.719,18.601,29.977,1
62.43,101.849,0.44,747.045,3.242,921.822,7.578,15.238,0
75.393,122.002,0.484,988.648,3.23,898.739,23.439,14.128,0
75.569,131.75,0.484,815.276,3.063,969.413,15.245,13.35,0
80.758,126.634,0.496,965.681,2.755,932.73,15.649,15.901,0
69.774,123.061,0.473,878.432,3.355,942.655,8.441,13.146,0
79.758,112.765,0.387,807.43,3.134,980.856,18.334,11.273,0
76.996,113.659,0.381,869.635,3.211,973.802,16.691,8.962,0
68.919,138.111,0.529,799.915,2.983,947.567,6.577,17.391,0
84.481,117.116,0.561,779.933,3.603,1001.823,15.347,16.1,0
66.692,100.726,0.414,926.199,2.995,952.456,16.702,6.082,0
82.479,125.816,0.414,700.828,3.083,929.417,15.576,10.407,0
76.195,142.163,0.514,971.299,2.884,942.962,14.445,16.702,0
62.945,104.263,0.368,891.265,3.055,948.758,24.897,16.808,0
71.902,106.666,0.439,792.861,2.805,928.314,14.054,9.174,0
72.149,116.855,0.364,934.979,3.385,941.445,7.286,11.115,0
64.683,104.232,0.4,856.525,3.404,981.413,19.218,6.07,0
81.101,111.999,0.484,973.396,3.332,929.52,18.1,11.66,0
75.295,131.603,0.495,830.873,3.05,957.991,10.487,12.873,0
79.723,115.255,0.459,945.096,3.504,983.452,15.479,9.051,0
77.386,126.698,0.508,945.118,3.323,969.849,19.302,11.425,0
67.145,105.777,0.455,740.549,2.625,976.124,19.657,13.797,0
82.192,101.929,0.458,833.418,2.976,924.653,18.212,11.261,0
68.082,111.872,0.414,852.954,3.558,910.402,15.921,13.883,0
61.363,127.215,0.428,863.753,3.013,915.307,15.497,13.428,0
62.132,102.696,0.389,1014.947,3.365,976.416,14.585,15.748,0
63.156,91.18,0.451,848.902,3.425,905.77,15.691,11.248,0
51.938,151.534,0.404,754.472,3.371,961.944,18.94,9.175,0
68.424,130.728,0.45,709.119,3.643,972.242,10.693,10.231,0
68.142,104.899,0.328,1003.897,3.42,948.53,10.975,12.123,0
72.613,133.822,0.449,1037.961,2.944,963.961,21.075,7.006,0
70.104,129.994,0.482,954.765,3.318,876.883,15.374,6.666,0
74.405,84.839,0.429,920.93,3.069,960.781,11.978,12.684,0
77.712,101.823,0.441,836.38,3.091,935.28,21.858,16.843,0
69.978,157.474,0.386,754.46,2.93,1001.507,13.613,8.809,0
64.647,103.784,0.475,846.715,3.374,913.545,17.877,9.868,0
63.81,129.404,0.42,820.977,3.267,987.567,21.508,10.483,0
87.981,188.489,0.628,3714.581,3.192,960.424,31.629,30.133,1
82.417,135.24,0.364,705.239,3.23,923.039,16.419,8.329,0
70.387,106.807,0.319,836.431,3.092,964.787,21.925,13.072,0
74.481,119.098,0.516,870.411,3.153,953.822,22.16,10.389,0
71.257,120.498,0.527,804.472,3.111,989.412,25.098,8.484,0
75.22,106.912,0.416,998.173,3.029,937.81,14.32,8.294,0
72.851,118.385,0.492,830.41,3.677,941.271,19.748,10.498,0
86.625,105.391,0.45,867.963,3.438,959.402,15.696,8.458,0
78.132,140.34,0.457,907.446,3.161,950.151,14.583,10.753,0
87.21,93.364,0.441,809.111,3.183,962.187,18.684,12.544,0
76.661,116.055,0.4,955.075,3.133,972.371,11.176,6.711,0
103.739,196.77,0.628,2265.934,2.848,1074.827,53.366,39.44,1
70.758,100.705,0.465,864.939,3.148,929.875,15.326,12.747,0
58.765,127.796,0.437,883.148,3.241,975.659,17.461,9.811,0
78.403,105.887,0.427,919.182,2.909,942.788,29.347,13.433,0
60.247,134.539,0.5,855.354,3.034,966.017,17.72,18.408,0
69.948,119.049,0.4,839.365,3.526,959.006,17.603,9.079,0
76.375,98.327,0.42,993.928,2.962,989.364,18.354,16.51,0
91.358,107.837,0.399,808.869,2.881,953.125,25.808,16.94,0
57.068,115.836,0.457,965.714,3.047,994.716,19.134,15.12,0
68.239,113.561,0.371,881.397,2.95,922.95,15.543,8.904,0
84.699,137.406,0.513,1002.749,3.082,938.706,20.656,10.966,0
77.36,134.326,0.568,893.427,3.485,978.671,15.462,11.423,0
80.423,100.04,0.518,877.686,3.352,981.143,18.06,9.023,0
62.12,107.294,0.433,970.53,3.274,933.301,19.49,18.505,0
79.136,128.351,0.468,813.384,2.899,973.708,25.21,8.85,0
85.038,132.056,0.327,849.137,3.069,951.052,10.885,11.246,0
66.575,132.16,0.506,854.328,3.358,954.755,15.342,10.639,0
66.296,115.225,0.516,836.651,3.127,928.469,20.625,12.818,0
81.499,136.993,0.498,896.983,3.225,947.552,18.258,12.68,0
86.069,125.12,0.42,863.215,3.537,961.074,17.511,11.588,0
75.716,110.386,0.396,786.568,3.205,958.965,13.605,17.943,0
82.662,129.703,0.47,717.475,3.047,968.543,25.83,11.756,0
81.266,139.863,0.385,945.276,3.355,988.627,8.565,5.582,0
73.787,114.821,0.528,873.966,3.332,977.409,17.824,17.376,0
70.402,103.769,0.444,863.41,3.129,916.532,24.47,15.596,0
81.015,112.569,0.435,794.969,3.077,971.699,15.36,10.412,0
70.768,129.486,0.504,782.795,3.53,939.293,11.208,13.92,0
66.539,120.073,0.541,953.284,3.195,968.941,13.593,8.738,0
58.347,115.998,0.51,876.086,3.405,932.336,22.764,12.486,0
72.985,118.155,0.472,909.564,3.045,943.597,16.562,13.391,0
75.476,105.732,0.408,762.132,3.586,937.87,22.037,12.541,0
64.883,121.97,0.496,829.581,3.273,981.685,19.056,10.585,0
94.705,154.611,0.475,804.781,2.905,964.391,16.824,12.032,0
86.392,122.193,0.434,793.048,3.154,917.481,11.943,13.653,0
65.347,104.796,0.489,816.541,3.195,909.948,15.643,9.016,0
74.591,129.941,0.441,864.479,2.93,949.906,20.204,14.161,0
80.593,147.284,0.493,941.981,3.055,934.653,18.243,10.161,0
84.044,130.861,0.65,865.141,3.067,932.212,19.375,9.403,0
88.551,115.862,0.461,926.8,3.063,940.477,17.667,15.912,0
82.576,113.993,0.441,915.987,3.101,940.891,18.805,13.642,0
73.966,101.034,0.439,808.836,3.168,969.513,14.115,8.74,0
71.045,113.14,0.452,837.764,2.962,937.728,10.337,13.28,0
87.009,110.106,0.505,810.995,3.268,989.319,15.835,12.058,0
80.923,96.688,0.398,805.152,3.163,915.586,22.842,7.543,0
81.491,120.694,0.424,916.451,3.264,929.144,13.247,13.291,0
73.554,121.155,0.42,754.718,3.303,982.219,19.904,7.909,0
76.495,117.146,0.38,858.298,3.286,925.798,19.516,13.417,0
63.413,127.058,0.531,912.558,3.427,976.144,11.966,10.851,0
83.451,129.665,0.445,841.86,2.903,945.607,17.096,12.933,0
96.234,97.703,0.504,836.213,3.148,930.108,17.036,11.544,0
86.095,106.881,0.417,759.723,3.108,976.24,19.995,9.772,0
67.633,120.326,0.475,883.42,3.216,951.084,22.455,18.036,0
95.166,114.046,0.476,883.928,3.252,913.193,21.888,17.099,0
62.672,122.975,0.42,839.872,3.348,944.475,17.068,11.61,0
77.278,130.16,0.469,781.882,3.279,994.754,14.66,13.343,0
94.247,138.189,0.443,806.947,3.66,945.87,16.977,3.94,0
64.425,125.578,0.421,645.382,3.443,923.237,12.512,15.859,0
70.605,142.469,0.425,1068.989,3.519,951.238,15.106,8.211,0
75.829,114.832,0.437,967.052,3.36,944.611,14.726,10.972,0
64.905,123.098,0.394,716.167,3.145,950.329,18.315,13.671,0
93.637,122.97,0.444,726.725,3.521,932.632,14.648,11.167,0
69.049,119.211,0.415,896.813,2.889,922.491,16.646,12.878,0
73.776,124.596,0.416,799.067,3.338,920.399,16.451,14.779,0
73.971,121.898,0.451,812.396,3.084,906.512,27.42,6.987,0
74.444,118.414,0.45,826.688,3.01,957.134,20.312,7.607,0
70.893,106.417,0.507,927.77,3.001,956.024,17.456,14.988,0
83.854,116.098,0.471,999.449,3.038,965.784,18.112,12.921,0
69.267,126.324,0.357,869.048,2.813,928.543,17.569,7.877,0
74.7,108.775,0.501,883.12,3.401,952.668,18.229,13.544,0
73.679,139.5,0.548,826.347,3.355,955.761,25.064,12.278,0
67.402,112.837,0.416,921.497,3.335,933.211,18.24,9.992,0
64.846,112.055,0.355,948.992,3.538,919.964,7.876,7.261,0
73.927,134.447,0.45,990.69,3.314,944.846,14.257,10.249,0
67.081,110.546,0.449,846.693,3.121,1006.223,18.834,12.524,0
61.363,104.121,0.475,882.461,3.405,974.75,16.818,8.521,0
72.42,113.334,0.487,964.782,3.425,878.216,23.957,8.215,0
64.82,102.114,0.406,843.023,2.984,987.207,23.246,10.563,0
81.298,198.529,0.667,2879.367,2.984,952.452,30.728,29.43,1
73.589,112.15,0.467,801.071,3.202,968.12,18.798,11.371,0
71.252,106.458,0.389,792.404,3.728,940.363,25.914,9.25,0
67.882,95.091,0.448,784.629,3.149,969.569,16.671,19.039,0
66.921,110.301,0.377,796.807,3.295,928.079,25.324,9.693,0
76.589,115.398,0.45,825.943,3.284,959.685,13.241,11.555,0
85.932,139.983,0.415,878.927,3.273,938.896,15.946,11.285,0
73.913,125.423,0.345,950.805,2.894,947.172,12.14,16.767,0
70.451,111.314,0.49,862.857,3.219,947.224,20.929,9.921,0
67.069,122.041,0.426,814.695,3.487,956.08,13.841,10.927,0
80.868,137.55,0.379,846.417,3.278,978.299,13.027,11.503,0
79.581,93.387,0.444,901.675,3.072,959.195,13.516,12.16,0
74.519,112.664,0.526,926.469,3.041,946.872,7.933,12.203,0
70.317,128.646,0.45,744.624,3.399,976.502,23.191,12.45,0
72.018,149.715,0.423,877.431,2.796,954.838,18.657,16.297,0
63.481,134.162,0.439,894.795,3.116,1001.524,14.187,8.237,0
73.345,126.788,0.478,711.823,3.224,968.54,15.0,15.05,0
84.574,112.497,0.4,1015.445,3.078,924.224,20.748,17.494,0
83.581,123.499,0.441,915.859,3.023,968.324,20.014,12.316,0
62.074,132.213,0.518,777.812,3.216,933.344,9.49,9.102,0
65.538,126.742,0.532,856.407,3.246,962.424,21.818,14.87,0
73.722,99.443,0.5,815.659,2.833,972.437,20.252,12.166,0
70.622,112.945,0.488,862.637,2.824,982.348,15.445,13.564,0
91.613,135.681,0.468,768.009,3.049,925.095,15.462,10.871,0
121.703,222.176,0.768,2371.603,3.259,1055.933,58.255,43.062,1
82.064,99.996,0.391,690.24,2.946,947.159,6.672,15.164,0
90.209,121.224,0.491,871.592,2.798,957.353,14.731,11.836,0
81.052,110.399,0.412,990.431,3.001,931.649,20.583,18.282,0
76.036,114.881,0.499,894.746,3.168,941.096,16.674,12.404,0
60.26,117.864,0.488,886.212,3.459,942.543,20.181,12.371,0
60.722,141.639,0.472,813.076,3.318,912.741,25.204,11.078,0
76.918,114.244,0.398,915.676,3.466,994.629,17.521,15.397,0
77.885,117.775,0.545,782.993,3.169,944.439,10.962,13.85,0
78.267,116.375,0.443,989.045,3.507,973.802,19.04,13.662,0
68.364,91.332,0.386,965.204,3.027,920.349,17.35,10.819,0
73.788,151.11,0.505,818.884,3.053,983.423,16.856,9.676,0
75.055,93.463,0.528,869.837,3.412,911.245,17.671,16.42,0
65.804,132.97,0.373,868.937,3.305,978.758,22.516,14.52,0
70.097,97.56,0.386,866.166,3.075,912.454,15.169,10.012,0
74.966,103.644,0.445,818.02,3.132,960.645,13.379,17.305,0
81.855,116.699,0.482,922.488,3.106,916.906,13.448,7.91,0
77.888,117.263,0.457,878.645,3.025,946.881,9.953,13.569,0
73.256,129.522,0.542,782.496,3.103,919.91,11.989,8.22,0
69.244,142.762,0.458,876.093,3.431,997.134,14.144,12.562,0
86.764,124.627,0.448,831.119,3.354,957.587,12.442,10.581,0
73.542,118.535,0.45,886.087,3.221,962.677,24.948,8.953,0
82.446,106.505,0.507,863.135,2.899,948.045,16.512,11.814,0
67.022,121.112,0.492,754.882,2.937,938.558,12.079,13.965,0
69.594,125.985,0.415,781.074,3.201,989.562,19.872,17.306,0
72.469,137.518,0.378,706.957,2.891,950.466,25.885,15.73,0
66.175,111.345,0.468,736.75,3.292,961.208,13.232,16.972,0
75.904,126.664,0.47,748.533,3.269,927.634,23.174,11.622,0
72.43,108.239,0.472,641.543,3.168,1018.625,22.386,11.615,0
78.562,121.724,0.374,751.805,3.341,933.891,16.648,19.062,0
67.949,97.509,0.487,934.311,3.497,899.089,16.449,11.168,0
66.989,121.733,0.465,847.064,3.242,951.853,19.947,14.433,0
76.831,110.975,0.422,851.175,3.24,978.763,9.45,7.206,0
58.916,125.671,0.438,808.042,3.206,954.139,17.519,5.657,0
74.968,149.146,0.539,990.137,3.548,926.82,13.761,11.613,0
83.129,139.178,0.417,676.588,3.162,953.638,18.486,12.379,0
78.895,128.125,0.429,831.354,3.388,942.618,18.813,17.922,0
63.143,112.648,0.354,875.152,3.409,978.643,19.468,11.454,0
73.233,97.821,0.509,750.523,2.845,939.381,18.088,10.212,0
72.388,102.629,0.474,872.518,2.855,937.843,17.726,11.281,0
89.499,162.666,0.648,2913.711,3.322,989.952,36.342,29.997,1
86.352,112.244,0.453,1010.451,3.557,948.682,14.669,10.128,0
77.551,121.616,0.374,960.477,3.398,971.909,22.119,10.283,0
68.574,126.175,0.394,732.181,3.46,934.391,14.166,12.628,0
82.502,118.374,0.463,857.209,3.014,942.674,26.003,14.352,0
74.202,91.437,0.397,862.261,3.6,929.204,18.88,16.979,0
75.147,107.895,0.43,894.432,3.412,964.002,16.68,14.428,0
66.419,135.13,0.465,1002.216,3.493,966.62,15.685,14.71,0
87.1,122.296,0.423,726.785,3.334,951.881,20.103,14.605,0
76.56,118.646,0.479,919.94,3.287,976.477,10.619,12.234,0
69.517,106.943,0.424,799.626,3.232,961.868,23.292,12.852,0
67.564,146.101,0.473,936.265,3.091,959.647,17.808,7.601,0
80.065,115.814,0.429,758.815,3.009,904.41,14.266,17.826,0
82.449,101.355,0.399,789.466,3.742,901.317,17.437,15.341,0
72.884,126.683,0.438,848.724,2.967,949.119,13.907,11.141,0
78.551,130.005,0.355,962.757,3.319,925.075,20.574,12.077,0
86.913,129.456,0.381,843.238,3.334,960.875,20.336,10.561,0
94.891,116.961,0.404,804.126,3.474,970.256,13.513,13.577,0
78.124,128.496,0.385,797.085,3.117,927.628,16.542,13.007,0
64.442,131.653,0.418,731.171,3.3,906.939,10.351,4.449,0
77.122,94.091,0.48,784.595,3.496,953.442,13.375,16.402,0
76.563,109.567,0.534,824.902,2.99,944.925,19.195,11.479,0
70.498,99.021,0.494,732.362,3.099,963.292,16.561,12.566,0
69.747,114.916,0.513,723.28,3.036,995.762,19.568,15.707,0
75.377,127.601,0.447,793.55,3.403,955.594,15.915,8.114,0
85.999,125.78,0.518,891.921,3.1,966.83,14.697,13.128,0
63.85,114.158,0.391,897.728,3.394,959.216,15.312,9.65,0
66.299,126.782,0.468,868.014,2.851,966.092,18.162,19.016,0
79.837,131.648,0.469,661.741,3.09,935.85,15.91,14.48,0
80.115,99.416,0.489,875.456,3.355,938.998,14.347,10.929,0
75.843,126.294,0.428,893.868,3.467,945.168,19.603,13.664,0
64.337,137.062,0.401,736.876,3.539,954.478,26.973,9.698,0
69.305,137.825,0.317,924.013,3.392,968.449,11.656,15.113,0
65.073,106.404,0.436,967.676,3.049,928.349,23.873,15.097,0
78.617,116.255,0.366,914.291,3.216,906.028,14.892,13.625,0
81.448,112.844,0.53,745.83,3.559,995.6,23.174,7.184,0
72.891,144.55,0.47,872.745,3.726,951.023,18.766,13.256,0
74.417,122.519,0.485,865.197,3.074,971.71,18.223,9.714,0
87.202,122.343,0.439,789.503,3.162,911.595,13.415,4.764,0
69.82,105.47,0.435,793.737,2.945,937.655,17.476,11.608,0
73.238,96.638,0.414,866.653,2.883,953.215,22.037,6.93,0
69.273,151.128,0.374,884.491,3.391,1000.522,13.686,11.312,0
66.821,117.99,0.47,885.698,3.328,951.475,10.467,10.137,0
89.807,119.727,0.431,1052.953,2.812,929.284,17.939,15.092,0
71.75,112.558,0.368,824.331,3.48,938.528,23.078,12.739,0
83.467,135.718,0.351,712.995,2.947,922.959,10.077,11.714,0
80.67,106.237,0.493,860.554,3.415,927.522,21.312,8.518,0
56.828,130.41,0.449,920.295,3.089,923.678,26.579,10.438,0
81.186,99.487,0.478,884.139,3.375,928.19,21.898,8.232,0
67.685,108.324,0.526,876.621,3.274,957.73,15.362,12.998,0
80.844,96.214,0.395,898.733,3.464,929.364,15.513,14.278,0
75.421,120.179,0.459,968.834,3.49,946.878,23.606,9.073,0
83.011,91.724,0.462,873.344,2.884,970.629,14.319,13.016,0
71.398,110.076,0.428,904.331,3.346,961.736,14.078,9.422,0
74.352,105.508,0.446,913.84,3.046,949.3,7.118,15.768,0
79.44,96.414,0.451,876.367,3.403,1005.368,19.487,8.378,0
61.695,130.903,0.401,892.757,3.05,949.385,19.001,12.425,0
76.144,130.051,0.412,829.118,3.117,947.144,14.379,10.861,0
81.617,106.715,0.477,810.745,2.909,981.506,17.16,14.38,0
69.49,111.362,0.495,771.111,3.158,925.067,13.096,13.451,0
68.048,122.865,0.436,952.011,3.293,968.694,18.802,9.346,0
69.878,132.105,0.393,939.687,3.273,959.099,14.653,10.493,0
85.65,107.008,0.525,954.879,3.211,971.204,26.288,13.109,0
80.104,105.655,0.494,727.786,3.183,967.289,15.976,10.829,0
58.697,123.248,0.43,899.132,3.008,1007.06,15.963,10.236,0
73.461,134.219,0.439,850.614,2.87,973.916,13.227,11.192,0
66.365,132.139,0.473,844.399,2.92,902.847,14.883,11.315,0
63.531,108.319,0.428,766.444,3.028,948.061,23.821,9.826,0
69.391,110.322,0.51,911.638,3.469,963.488,16.076,13.297,0
73.194,128.183,0.356,679.25,3.091,946.267,17.044,11.569,0
58.914,115.569,0.428,1023.148,3.444,980.587,13.111,11.051,0
81.448,90.713,0.458,837.209,3.071,970.647,25.294,11.337,0
75.565,101.193,0.424,876.299,3.588,886.988,16.154,15.022,0
75.165,128.785,0.453,867.026,3.085,976.166,16.46,14.087,0
82.512,125.716,0.421,904.708,2.964,951.757,16.678,6.494,0
81.173,117.044,0.486,923.806,3.529,945.098,19.066,8.009,0
69.945,107.96,0.557,852.374,2.931,962.586,12.827,13.474,0
70.001,139.39,0.505,874.081,3.304,965.8,21.609,14.393,0
75.521,88.721,0.524,887.457,3.441,946.582,28.439,8.507,0
66.94,127.074,0.44,806.314,2.967,932.272,25.775,17.169,0
81.122,114.247,0.432,860.696,3.117,961.944,18.778,8.009,0
64.843,134.259,0.477,867.174,2.985,979.901,14.353,15.792,0
69.547,118.039,0.428,820.627,3.23,989.525,17.504,9.531,0
81.445,101.734,0.399,767.653,3.349,931.575,17.62,9.066,0
71.694,106.33,0.504,862.547,3.156,928.433,14.167,18.553,0
66.336,131.394,0.442,858.283,3.171,973.8,20.395,12.857,0
88.35,122.862,0.422,871.415,3.244,951.036,13.343,10.574,0
60.267,98.448,0.362,906.209,3.218,947.226,14.358,16.768,0
75.235,138.56,0.515,833.309,3.164,936.166,21.063,13.588,0
96.573,191.475,0.583,2651.726,2.995,969.937,22.624,28.352,1
78.045,127.494,0.499,852.252,3.458,968.28,18.099,5.878,0
92.02,138.852,0.372,895.906,3.277,985.344,15.665,9.564,0
84.481,107.935,0.464,1026.751,2.956,987.222,17.557,12.593,0
65.703,121.345,0.44,877.512,2.998,968.38,20.054,12.065,0
86.544,114.653,0.38,902.172,3.158,957.53,18.356,10.987,0
68.518,134.913,0.457,836.036,3.316,898.564,20.3,6.521,0
70.39,105.774,0.382,854.568,3.481,959.781,7.308,14.02,0
47.512,142.588,0.486,842.773,3.318,928.013,15.82,10.52,0
81.922,129.808,0.426,982.476,3.521,945.907,15.275,12.734,0
84.192,122.222,0.423,833.979,3.239,961.732,10.997,8.905,0
80.544,132.73,0.422,824.053,2.929,931.572,20.377,13.601,0
79.053,118.818,0.536,902.681,3.261,927.04,12.592,9.734,0
80.991,135.71,0.46,752.276,2.9,910.313,15.421,12.336,0
71.141,141.298,0.478,913.614,3.396,999.013,20.498,10.386,0
72.562,122.987,0.473,718.358,3.096,924.76,18.452,5.399,0
85.511,121.309,0.425,910.217,3.422,947.294,20.207,9.436,0
73.263,108.012,0.437,815.852,3.339,962.774,18.198,7.553,0
78.39,135.822,0.566,830.018,3.175,937.476,16.659,13.018,0
74.382,157.855,0.543,928.263,3.063,896.537,73.167,19.911,1
74.309,111.012,0.433,957.441,3.312,1007.497,18.401,11.526,0
76.132,119.828,0.384,925.111,2.97,967.189,15.045,12.173,0
64.047,107.622,0.422,878.328,3.333,961.221,28.877,15.771,0
75.011,114.266,0.453,793.778,2.951,977.909,22.705,7.317,0
79.228,122.451,0.413,728.175,3.111,966.748,16.858,13.779,0
85.754,151.92,0.489,874.242,3.379,983.514,21.28,16.604,0
70.048,108.139,0.413,758.106,3.444,970.079,13.016,12.904,0
78.718,116.81,0.442,882.128,3.423,940.681,24.795,12.52,0
76.566,127.585,0.475,857.498,3.753,971.84,12.305,9.722,0
80.94,135.44,0.471,910.972,3.47,933.399,20.294,14.585,0
61.19,141.783,0.376,704.917,3.265,935.379,9.292,9.702,0
90.957,159.907,0.484,1081.3,3.029,883.179,64.604,16.941,1
59.796,134.466,0.487,797.008,2.898,941.664,14.546,11.231,0
75.672,126.464,0.434,935.903,3.372,928.468,20.479,18.105,0
85.598,119.056,0.417,729.883,3.306,992.068,21.632,10.151,0
77.932,121.569,0.426,965.523,3.491,939.278,18.684,10.257,0
79.421,126.583,0.389,865.228,3.307,927.792,20.965,16.419,0
66.331,125.844,0.363,714.228,3.15,955.301,22.745,8.23,0
77.165,96.7,0.391,906.198,3.16,911.061,21.868,11.482,0
75.401,116.012,0.49,765.919,3.027,960.44,14.387,10.69,0
68.559,137.455,0.423,705.546,3.216,949.588,13.317,9.16,0
79.217,121.369,0.42,1010.364,3.558,928.467,16.58,11.087,0
89.764,96.084,0.447,763.582,3.197,906.556,16.764,7.166,0
65.484,131.87,0.454,941.502,3.131,995.05,21.136,10.367,0
87.059,115.631,0.507,764.794,2.888,952.459,11.957,17.094,0
73.663,115.75,0.487,860.708,3.348,936.527,19.719,9.618,0
65.634,138.884,0.51,815.418,3.521,988.318,17.015,12.237,0
50.356,113.936,0.404,746.031,2.929,912.824,20.572,19.784,0
84.007,114.981,0.525,971.391,3.063,964.015,11.746,8.77,0
78.132,114.227,0.457,800.217,3.526,935.281,15.366,13.159,0
73.919,123.062,0.472,810.63,3.466,972.187,22.872,12.758,0
61.316,115.182,0.453,888.565,3.037,980.969,24.94,14.638,0
92.926,146.596,0.47,802.932,3.276,957.458,17.571,14.634,0
80.563,121.637,0.469,889.406,3.518,969.422,16.247,6.778,0
88.211,143.331,0.362,862.314,3.05,938.025,19.353,11.459,0
80.015,132.298,0.385,791.88,3.121,1023.225,15.82,9.334,0
72.643,133.412,0.356,878.429,3.192,979.386,29.091,18.333,0
55.775,121.292,0.406,719.276,3.248,924.095,16.135,16.539,0
81.776,139.912,0.473,853.987,3.118,966.51,15.491,8.97,0
64.075,126.532,0.479,787.028,3.277,954.865,21.437,9.995,0
83.577,120.761,0.477,912.746,3.132,949.877,17.098,11.393,0
76.417,134.802,0.333,938.331,3.557,907.964,20.713,16.161,0
75.3,128.913,0.509,856.023,3.088,923.86,17.876,8.702,0
101.97,144.592,0.615,977.035,3.12,868.405,76.703,26.82,1
71.757,113.081,0.445,712.569,3.173,965.318,24.804,5.235,0
69.571,128.711,0.515,862.534,3.165,945.353,25.517,13.807,0
84.13,138.611,0.473,818.977,2.994,970.033,12.022,12.941,0
64.482,81.633,0.399,849.77,3.284,940.665,12.239,17.258,0
80.159,96.577,0.481,831.321,3.513,908.843,18.549,14.745,0
74.464,115.266,0.409,849.001,3.337,964.965,9.073,6.504,0
55.885,103.458,0.409,779.267,3.381,939.094,17.799,14.254,0
76.404,109.958,0.413,889.852,3.435,991.05,15.388,11.335,0
71.528,118.362,0.532,828.071,3.273,920.329,16.387,11.503,0
68.024,124.691,0.589,664.381,2.907,986.259,27.269,10.318,0
70.54,125.321,0.457,957.663,3.246,948.918,23.64,17.883,0
71.014,136.025,0.479,726.265,3.622,943.659,13.325,17.389,0
66.339,123.545,0.449,786.462,2.897,975.106,20.036,9.789,0
115.984,180.698,0.692,2305.857,2.697,994.603,50.537,43.483,1
82.552,142.628,0.415,865.298,3.169,917.749,15.451,10.689,0
72.164,140.676,0.47,878.175,3.17,987.092,21.667,12.976,0
93.734,138.125,0.504,729.03,3.399,918.136,21.684,12.839,0
69.758,118.065,0.453,880.836,3.157,938.198,17.485,13.352,0
79.29,147.232,0.351,740.449,3.197,931.471,19.735,13.211,0
83.665,138.014,0.417,909.212,3.331,921.923,17.33,9.533,0
78.474,120.443,0.465,883.554,3.322,946.267,22.302,11.437,0
79.388,110.438,0.394,799.909,3.8,991.68,14.311,12.503,0
72.453,129.721,0.434,890.921,2.988,994.611,14.643,10.887,0
68.159,124.688,0.52,708.144,3.285,946.365,19.913,12.5,0
77.803,129.269,0.421,865.466,3.735,980.021,18.202,11.54,0
68.888,125.318,0.419,834.409,3.31,951.759,20.326,11.952,0
66.903,122.236,0.453,852.588,3.297,940.986,14.396,10.948,0
76.493,93.752,0.45,785.055,3.427,957.314,18.307,11.947,0
103.362,194.878,0.731,2326.673,3.035,1030.969,46.448,43.684,1
80.469,123.467,0.45,842.022,2.764,986.757,19.869,12.721,0
68.295,125.429,0.439,902.133,3.125,1003.519,12.9,3.743,0
81.754,134.589,0.437,858.06,3.476,957.82,20.989,17.368,0
76.252,125.224,0.485,910.471,2.872,937.741,13.555,10.929,0
53.791,131.044,0.433,987.917,3.202,967.935,22.318,9.172,0
72.834,108.782,0.387,912.447,3.125,952.281,21.886,11.888,0
75.04,92.077,0.416,888.958,3.288,908.053,22.288,12.289,0
65.373,115.544,0.434,1048.666,3.039,1008.695,16.712,5.989,0
70.927,115.952,0.446,883.887,3.252,955.184,15.649,7.72,0
68.803,105.923,0.499,948.573,2.9,978.187,23.055,10.251,0
75.11,122.192,0.515,774.833,3.271,900.51,13.937,10.794,0
80.082,116.343,0.413,894.904,2.831,939.458,17.182,11.036,0
63.232,127.06,0.43,929.808,3.256,973.332,16.399,8.944,0
81.574,121.539,0.351,861.95,2.97,959.54,18.312,13.728,0
60.776,135.903,0.526,703.466,3.366,934.893,16.282,12.264,0
71.901,135.503,0.444,879.552,3.41,960.048,22.531,12.367,0
61.279,124.177,0.4,780.946,3.538,1004.508,16.797,13.172,0
78.342,109.825,0.521,843.346,3.161,963.012,19.39,15.649,0
81.349,130.948,0.452,907.025,3.18,941.15,14.512,11.057,0
75.801,120.006,0.374,773.333,3.179,958.408,16.516,17.728,0
81.491,117.054,0.486,976.228,3.171,967.257,21.249,8.865,0
78.618,113.137,0.43,788.662,3.495,922.577,21.725,7.136,0
68.94,123.254,0.391,955.515,3.057,949.931,14.44,12.053,0
79.024,130.758,0.448,818.414,3.392,908.33,15.171,12.722,0
60.495,104.662,0.469,884.746,3.021,898.066,16.117,8.651,0
75.007,119.447,0.396,945.882,3.447,949.659,15.743,10.966,0
77.937,122.587,0.48,885.13,3.091,948.573,16.883,10.82,0
85.015,116.654,0.457,810.704,3.392,969.554,22.977,7.704,0
82.44,120.475,0.423,861.42,3.237,973.191,17.102,16.533,0
70.485,108.97,0.52,860.958,3.105,955.926,22.521,12.099,0
79.992,103.624,0.389,816.001,2.996,955.882,17.198,8.264,0
78.885,85.029,0.462,818.372,3.447,1002.473,21.9,17.283,0
77.938,125.907,0.396,880.667,3.054,874.983,24.13,12.819,0
60.188,125.329,0.446,842.333,3.104,937.889,21.71,19.789,0
62.804,125.902,0.435,964.26,3.43,932.271,11.861,13.468,0
69.657,112.358,0.468,1026.107,3.298,940.524,14.482,12.083,0
61.446,115.709,0.537,864.757,3.25,970.595,16.669,12.456,0
71.341,127.6,0.455,936.437,2.997,961.363,21.797,7.877,0
62.27,130.89,0.426,1009.461,3.3,915.884,10.033,10.642,0
67.921,123.166,0.413,731.052,2.743,952.85,19.737,16.656,0
55.64,96.712,0.446,857.979,3.156,907.017,16.461,15.768,0
65.247,93.999,0.43,890.443,3.198,977.732,15.942,12.586,0
84.8,137.536,0.451,897.354,3.244,956.836,24.429,9.977,0
75.985,83.314,0.385,760.688,2.971,970.937,19.126,11.715,0
79.55,113.631,0.569,749.796,3.58,964.322,18.894,17.015,0
59.28,119.02,0.401,778.31,3.329,972.116,23.295,14.068,0
70.811,135.022,0.46,836.701,2.825,938.005,22.671,12.949,0
80.897,128.306,0.404,755.598,3.265,939.159,16.838,7.953,0
71.969,146.29,0.505,829.815,3.667,960.881,14.058,9.538,0
73.443,117.899,0.419,877.499,3.558,915.439,13.758,10.555,0
68.437,122.708,0.442,994.046,3.235,921.395,19.113,12.527,0
78.365,121.433,0.346,949.814,3.143,954.166,17.106,9.608,0
68.285,134.689,0.495,820.986,3.298,1001.688,16.887,11.688,0
69.408,95.161,0.464,832.92,2.979,929.749,17.666,12.012,0
72.898,102.393,0.479,833.508,3.351,969.756,8.827,12.837,0
66.261,88.464,0.422,849.688,3.109,915.566,8.218,7.925,0
74.869,129.895,0.466,947.821,3.374,948.697,19.589,7.779,0
71.547,115.136,0.429,747.286,3.148,961.373,18.328,14.301,0
77.507,128.639,0.398,826.89,2.995,954.498,3.621,15.624,0
75.759,143.698,0.367,836.351,3.202,942.063,15.627,11.049,0
63.198,118.28,0.395,838.525,3.017,892.93,14.784,14.527,0
74.808,120.547,0.477,850.557,3.478,1005.552,24.149,9.081,0
81.724,139.394,0.369,966.698,3.179,978.414,17.798,12.157,0
64.904,132.045,0.425,812.179,3.098,918.454,14.654,13.391,0
78.419,130.225,0.351,954.031,3.452,937.493,18.542,12.576,0
60.665,120.088,0.528,714.058,3.508,966.686,22.159,12.242,0
91.984,102.713,0.429,817.608,3.207,924.751,16.555,13.142,0
77.191,114.509,0.445,1049.895,3.077,919.414,11.592,9.773,0
78.663,95.826,0.44,798.225,3.092,967.718,19.541,6.612,0
71.839,110.403,0.415,919.938,2.709,1005.279,18.136,15.217,0
73.985,117.002,0.475,859.402,2.955,959.29,18.342,11.288,0
83.918,114.32,0.488,754.192,3.129,957.487,19.386,17.777,0
77.023,127.623,0.449,772.719,3.309,946.011,20.21,14.347,0
66.823,129.545,0.586,803.877,3.298,930.88,19.626,17.261,0
79.259,111.686,0.425,777.832,3.406,935.455,13.565,10.037,0
82.555,151.244,0.452,917.732,2.786,936.925,19.924,12.041,0
84.157,123.815,0.572,820.745,3.393,974.875,19.377,9.008,0
82.332,113.166,0.392,744.73,3.15,938.543,17.444,9.464,0
72.2,106.028,0.443,753.044,3.271,994.815,13.969,12.858,0
62.318,149.363,0.462,681.304,3.58,928.272,19.436,10.861,0
75.971,114.691,0.464,877.806,3.135,971.212,19.346,5.769,0
76.886,147.534,0.385,713.249,2.912,947.145,21.219,10.016,0
80.722,101.126,0.484,830.877,3.093,906.8,26.974,9.73,0
66.538,115.884,0.375,864.537,3.192,942.956,19.629,7.222,0
62.526,123.316,0.385,773.6,2.77,932.829,16.085,9.682,0
70.723,80.516,0.445,843.661,2.842,944.582,14.225,11.988,0
88.483,110.184,0.314,1000.101,3.208,944.601,13.348,11.584,0
71.831,143.079,0.432,778.326,3.353,968.505,16.497,11.551,0
90.274,134.92,0.48,937.514,2.861,946.749,23.115,16.021,0
59.069,145.474,0.46,817.706,3.513,970.073,14.126,7.668,0
74.798,113.744,0.389,873.618,3.027,955.819,27.97,9.715,0
84.143,110.304,0.514,913.643,3.211,987.247,20.318,17.96,0
72.267,156.625,0.429,683.457,3.035,960.311,19.436,12.172,0
83.958,139.206,0.375,919.544,3.178,959.585,17.559,7.912,0
64.086,132.945,0.425,817.078,3.355,972.442,22.175,12.102,0
77.833,116.441,0.378,825.698,3.002,972.622,12.397,13.874,0
70.492,101.168,0.385,817.225,3.303,966.783,15.198,14.466,0
75.813,127.357,0.439,1005.589,3.736,936.536,16.653,9.804,0
60.176,122.313,0.588,959.719,3.677,913.033,18.383,13.584,0
75.081,134.784,0.503,819.663,3.439,912.714,25.672,9.535,0
75.042,108.104,0.472,862.191,3.233,944.845,16.703,11.713,0
76.11,102.315,0.507,901.735,3.021,930.758,25.204,7.568,0
62.08,128.804,0.4,793.105,3.341,918.383,24.833,14.892,0
68.017,103.03,0.512,734.728,3.379,978.487,16.947,16.754,0
77.06,116.998,0.397,953.217,3.096,935.494,20.656,14.206,0
75.077,118.318,0.409,846.102,3.068,955.953,16.336,9.377,0
73.474,96.7,0.398,844.709,3.256,917.809,18.81,12.475,0
89.392,112.892,0.368,883.552,2.985,933.975,17.709,7.372,0
80.375,119.103,0.449,1011.976,3.425,939.564,24.441,13.399,0
69.261,147.355,0.388,842.654,2.809,921.959,27.86,10.657,0
66.287,124.516,0.502,866.571,2.936,958.314,13.464,11.874,0
73.791,111.113,0.521,904.471,3.405,974.72,16.36,13.184,0
79.499,153.31,0.366,821.568,3.475,992.554,21.396,10.776,0
77.062,128.766,0.352,995.801,2.998,966.759,17.338,11.095,0
85.391,106.836,0.442,900.369,3.169,962.186,26.123,10.34,0
71.202,114.402,0.401,1003.554,3.16,976.577,20.296,12.596,0
77.388,156.78,0.4,821.254,3.342,956.708,11.595,8.042,0
81.101,105.974,0.479,860.459,3.306,941.906,12.452,15.893,0
71.113,100.628,0.446,797.851,3.25,950.116,21.074,15.437,0
84.843,134.49,0.469,905.092,2.918,952.609,24.986,9.195,0
77.636,110.099,0.45,961.158,3.092,971.667,21.495,14.252,0
66.135,126.171,0.491,865.941,3.001,956.614,23.174,21.563,0
85.947,119.441,0.477,858.481,3.313,985.717,16.046,10.711,0
85.74,123.352,0.438,972.803,3.085,972.035,13.801,12.183,0
66.677,134.627,0.425,887.754,3.167,950.622,21.334,13.94,0
75.665,113.266,0.321,898.953,3.495,928.416,17.419,11.08,0
66.056,142.594,0.49,914.249,3.404,921.59,19.205,12.602,0
88.694,115.751,0.453,857.312,3.244,944.239,20.187,13.458,0
81.934,139.19,0.404,1011.926,3.32,929.297,16.532,12.528,0
63.42,144.993,0.662,904.203,3.128,945.664,19.261,14.616,0
71.511,140.696,0.46,828.295,3.376,907.913,24.554,21.747,0
75.759,102.919,0.603,812.005,3.37,922.455,16.869,8.695,0
85.582,134.302,0.533,814.204,3.241,942.859,15.775,9.518,0
75.151,118.411,0.398,778.44,2.897,969.173,18.906,11.648,0
65.601,130.331,0.496,624.578,3.635,964.632,20.449,8.277,0
76.31,116.455,0.497,772.747,2.953,952.91,19.465,13.62,0
54.757,96.381,0.457,855.189,3.512,941.037,21.27,12.35,0
70.744,129.909,0.392,872.262,3.398,954.862,18.054,11.208,0
68.663,105.418,0.511,886.783,3.146,926.706,9.663,8.603,0
76.6,97.056,0.408,837.365,2.936,896.669,13.157,12.903,0
71.307,119.887,0.463,736.704,3.456,946.368,18.124,13.581,0
77.695,128.752,0.454,759.945,3.203,940.972,19.669,13.863,0
75.105,123.966,0.399,752.985,3.21,950.545,15.688,7.068,0
86.419,139.435,0.439,806.667,3.399,965.528,21.862,12.217,0
76.873,130.179,0.354,868.448,3.484,948.434,14.278,5.43,0
75.485,109.362,0.521,845.83,3.261,991.69,17.477,10.476,0
69.146,110.665,0.511,902.007,3.402,996.67,16.386,13.046,0
62.777,112.663,0.431,773.421,3.445,940.628,20.089,12.417,0
78.166,106.592,0.389,944.801,3.19,886.255,17.278,6.987,0
84.34,125.11,0.432,918.489,3.214,904.981,17.817,14.018,0
82.683,119.723,0.386,848.427,3.167,934.963,15.016,18.096,0
91.131,110.179,0.55,929.272,3.437,891.906,23.378,10.742,0
72.325,115.717,0.504,767.964,3.276,962.738,23.092,6.941,0
66.472,137.83,0.402,726.014,3.371,938.403,15.25,6.877,0
74.991,124.53,0.442,840.853,3.204,960.202,24.765,11.228,0
81.314,90.485,0.442,810.183,3.111,955.83,15.93,12.149,0
74.91,161.708,0.355,786.556,3.296,950.239,19.998,16.279,0
82.433,123.27,0.525,953.026,3.602,979.979,16.679,12.111,0
77.583,99.99,0.456,634.194,3.061,947.496,17.321,11.829,0
82.445,110.932,0.447,806.213,3.198,977.455,20.628,14.913,0
76.187,118.379,0.432,925.19,3.064,977.161,17.162,11.952,0
82.188,110.746,0.434,869.016,3.271,915.405,22.878,7.991,0
67.158,116.303,0.423,841.927,3.41,961.115,10.099,5.63,0
90.845,108.133,0.415,814.574,3.5,941.939,22.876,16.638,0
85.572,120.396,0.454,916.612,2.828,932.869,23.311,18.598,0
87.208,116.006,0.384,828.129,3.129,896.396,22.133,14.113,0
72.606,135.115,0.479,904.22,3.03,1014.162,16.993,11.528,0
76.513,118.978,0.504,838.088,3.34,966.006,19.354,17.196,0
80.089,101.924,0.434,745.679,3.294,924.661,23.86,11.873,0
76.701,124.967,0.348,909.136,3.322,965.865,18.618,10.764,0
76.566,126.381,0.426,649.28,3.459,966.591,14.425,15.445,0
68.818,95.777,0.396,904.494,2.906,929.336,13.994,5.666,0
75.646,112.742,0.477,857.749,3.106,930.056,23.151,10.785,0
67.123,123.087,0.48,881.132,2.841,960.503,17.846,14.385,0
90.231,146.501,0.522,780.776,3.247,962.2,19.058,12.751,0
57.78,101.429,0.421,884.553,2.915,973.377,20.266,9.719,0
82.699,117.905,0.434,778.523,3.09,951.556,18.726,11.113,0
108.769,182.12,0.713,2245.593,2.752,994.734,32.367,31.591,1
82.098,129.82,0.431,854.194,3.147,994.956,22.771,14.836,0
69.014,135.989,0.347,856.306,3.374,957.416,20.601,8.336,0
81.893,125.823,0.412,840.824,3.19,979.229,15.647,10.562,0
73.529,132.81,0.388,892.936,3.269,990.161,19.603,9.696,0
60.457,119.021,0.484,795.982,3.666,940.383,12.58,14.602,0
73.768,101.393,0.483,929.522,3.134,943.795,15.782,12.421,0
88.114,111.613,0.394,899.397,2.99,954.132,12.666,16.567,0
73.725,134.344,0.503,858.36,3.308,988.576,23.207,14.908,0
74.592,97.447,0.435,878.984,3.28,936.605,24.556,14.651,0
78.616,132.191,0.392,811.337,3.035,1007.316,14.421,12.352,0
64.943,135.0,0.453,885.216,3.276,989.039,23.229,9.015,0
78.267,114.241,0.495,841.953,3.051,928.722,17.079,10.631,0
70.767,160.749,0.424,1149.485,3.129,897.458,78.946,14.834,1
76.79,110.174,0.518,1009.498,3.292,984.118,14.017,15.863,0
64.127,132.715,0.478,967.181,3.493,966.302,19.801,11.959,0
68.688,117.982,0.495,776.962,3.294,927.989,21.854,12.724,0
80.687,115.526,0.431,789.955,3.055,965.189,21.874,9.786,0
76.678,115.626,0.569,760.323,3.289,930.664,18.036,11.519,0
72.955,134.135,0.448,708.987,2.582,964.673,20.898,12.237,0
73.038,128.526,0.378,893.422,3.083,964.198,18.682,19.672,0
76.104,114.904,0.42,944.201,3.325,967.401,14.788,12.758,0
61.11,114.84,0.463,827.227,2.926,958.076,25.036,14.221,0
74.6,112.942,0.401,912.217,3.007,933.294,13.248,8.926,0
64.923,88.662,0.415,830.651,3.332,906.477,18.297,14.099,0
60.612,106.57,0.575,889.182,3.162,921.658,14.197,15.156,0
70.361,103.392,0.337,943.645,3.345,952.05,18.829,12.548,0
75.546,125.09,0.377,943.717,3.046,924.685,15.221,13.527,0
79.119,96.641,0.52,992.516,3.447,953.511,20.966,17.938,0
80.853,125.888,0.413,705.872,3.215,943.395,11.732,13.42,0
65.587,112.359,0.415,757.196,3.364,950.999,15.098,17.764,0
65.41,110.211,0.351,804.933,3.398,974.268,19.978,14.771,0
75.091,91.91,0.4,691.388,2.992,911.383,18.724,12.546,0
59.19,123.084,0.44,894.192,3.169,986.443,14.527,13.01,0
68.557,124.248,0.452,796.644,3.014,956.367,15.361,14.573,0
123.38,157.415,0.731,2549.639,2.841,1024.535,55.911,39.704,1
47.518,104.975,0.347,895.872,3.353,960.213,17.035,10.912,0
79.349,120.704,0.409,933.364,3.161,946.742,16.118,12.626,0
72.106,109.693,0.449,872.695,2.829,941.612,15.062,10.837,0
82.475,132.251,0.366,892.621,3.436,961.604,15.332,11.824,0
75.12,153.676,0.46,796.336,3.567,982.364,11.829,16.237,0
77.75,120.185,0.396,928.997,2.999,976.65,19.345,9.409,0
76.183,118.957,0.487,851.315,3.231,940.564,22.252,10.906,0
65.433,136.547,0.438,804.661,3.342,963.927,16.177,9.762,0
79.283,110.549,0.49,770.479,2.73,978.393,15.69,17.505,0
77.563,109.23,0.428,816.272,3.416,990.988,17.62,10.523,0
67.153,118.889,0.448,771.916,3.219,974.289,25.689,12.507,0
77.161,132.291,0.495,727.307,3.221,960.164,8.309,8.706,0
74.266,142.754,0.513,871.336,3.058,988.308,24.301,12.659,0
62.97,125.743,0.468,902.715,3.114,933.471,19.949,9.183,0
82.975,134.136,0.445,766.47,3.244,954.256,15.736,9.57,0
77.883,125.896,0.427,979.586,2.885,977.749,19.51,7.369,0
66.397,95.722,0.46,706.505,3.109,1008.436,20.093,11.837,0
65.315,132.776,0.353,862.222,3.255,959.589,15.654,11.232,0
76.475,130.423,0.426,908.889,2.806,921.228,20.979,9.88,0
76.673,123.082,0.383,923.561,3.281,1000.368,20.044,10.629,0
73.472,118.141,0.418,828.294,3.271,971.66,20.09,8.502,0
83.925,114.295,0.494,843.992,3.077,955.583,22.257,11.105,0
73.596,95.591,0.419,721.074,3.023,953.378,16.858,8.3,0
71.262,130.989,0.471,869.71,3.293,934.265,22.535,15.943,0
71.015,121.491,0.416,845.855,2.988,905.159,16.743,10.174,0
82.927,90.577,0.439,851.433,3.075,928.224,14.131,10.949,0
78.366,138.565,0.499,860.093,3.353,958.237,19.869,11.431,0
82.691,114.846,0.469,911.932,3.07,913.724,20.565,6.583,0
67.152,113.243,0.394,932.42,3.254,966.727,16.731,13.315,0
66.358,113.309,0.39,952.597,3.081,944.129,15.753,10.357,0
70.385,139.872,0.519,754.765,3.154,894.183,17.633,6.968,0
58.979,148.694,0.443,778.599,2.988,986.096,26.852,8.235,0
67.106,131.778,0.494,880.979,3.1,938.669,14.36,5.414,0
61.5,127.058,0.5,749.194,3.464,939.855,22.756,11.172,0
77.325,111.268,0.442,865.287,3.136,932.496,17.845,11.109,0
69.44,133.048,0.429,907.754,3.421,970.937,19.553,19.182,0
66.769,130.817,0.399,981.295,3.201,934.731,14.792,15.509,0
76.18,94.323,0.423,795.967,3.217,928.787,16.361,16.41,0
72.114,144.287,0.384,910.614,3.322,923.968,20.44,13.794,0
72.002,111.375,0.432,773.025,3.419,943.924,21.955,9.55,0
62.577,134.488,0.473,917.557,3.216,950.39,16.756,10.051,0
72.661,120.725,0.408,776.499,2.949,912.038,22.346,11.516,0
85.719,125.225,0.507,876.189,3.436,980.317,20.646,16.242,0
74.794,119.656,0.433,876.809,2.914,962.294,9.059,12.59,0
68.266,129.914,0.45,917.95,3.149,935.145,19.284,10.416,0
75.144,125.03,0.427,772.099,3.228,948.637,23.206,11.739,0
73.209,152.694,0.338,759.145,3.235,951.88,15.153,6.218,0
63.253,110.622,0.357,809.977,3.134,976.67,21.776,10.718,0
66.75,119.58,0.444,721.182,3.269,946.456,11.207,14.425,0
72.566,129.082,0.421,802.036,3.038,939.526,23.167,12.614,0
61.018,119.655,0.534,873.955,3.285,948.883,17.805,14.062,0
81.483,114.984,0.406,817.081,3.019,956.229,21.354,8.411,0
74.511,95.452,0.492,885.18,3.613,971.197,18.882,14.304,0
115.337,205.695,0.702,2514.342,2.871,998.865,39.548,49.521,1
71.727,103.795,0.391,776.988,3.139,941.53,21.079,10.404,0
73.569,124.184,0.464,895.104,3.383,989.443,21.374,12.028,0
62.134,123.936,0.406,870.373,2.984,905.699,14.572,8.284,0
71.755,146.446,0.394,1013.34,2.859,907.742,16.381,16.144,0
85.817,112.355,0.492,872.511,3.202,915.373,19.349,15.404,0
76.096,109.214,0.423,961.102,3.364,950.491,15.433,14.445,0
65.686,105.915,0.429,887.186,3.225,935.39,15.83,10.432,0
72.35,108.949,0.527,831.791,3.192,953.655,21.926,4.412,0
71.311,117.795,0.465,680.789,3.062,984.956,18.535,18.027,0
75.586,119.998,0.434,848.404,3.144,945.683,18.677,9.475,0
76.922,123.552,0.453,835.948,3.285,928.289,13.962,10.185,0
69.819,113.154,0.427,1056.285,3.6,963.479,11.343,9.988,0
74.041,120.444,0.494,787.231,3.455,918.094,14.791,14.805,0
84.519,107.016,0.449,895.034,3.537,947.818,18.879,14.559,0
82.336,128.156,0.545,644.659,3.524,955.671,19.274,12.588,0
67.701,134.174,0.342,898.228,3.389,957.512,16.129,14.089,0
79.848,100.567,0.408,766.357,3.467,962.875,21.168,19.123,0
71.779,89.695,0.514,795.347,3.365,910.043,21.437,14.876,0
65.55,138.961,0.369,899.407,3.158,996.986,17.309,16.72,0
61.782,133.968,0.392,869.525,3.357,961.417,14.371,12.238,0
66.609,120.872,0.393,722.791,2.849,951.542,20.336,10.408,0
72.245,100.386,0.407,868.277,3.2,1000.785,19.451,10.89,0
76.671,123.414,0.464,851.207,3.195,980.603,16.062,11.188,0
70.639,101.053,0.446,861.854,3.276,953.842,18.783,9.285,0
85.22,135.355,0.458,868.992,3.493,922.16,25.445,14.51,0
73.752,101.204,0.441,935.677,3.085,961.158,16.752,12.017,0
67.334,139.684,0.432,1086.844,3.232,989.157,13.136,11.291,0
72.629,138.268,0.482,595.628,3.305,947.294,15.204,11.63,0
96.777,125.473,0.415,705.986,3.27,990.919,19.002,13.343,0
67.817,124.361,0.525,675.687,3.209,942.147,21.364,10.917,0
72.657,122.129,0.447,796.939,3.189,985.028,18.163,9.358,0
75.15,119.939,0.502,748.592,3.506,924.569,21.656,8.673,0
66.276,97.304,0.398,760.716,3.187,958.656,29.422,14.831,0
85.757,127.916,0.486,855.693,2.87,937.037,13.256,15.375,0
92.337,131.078,0.475,813.721,3.055,940.316,26.467,13.426,0
56.72,116.707,0.479,867.678,3.405,972.055,11.673,9.939,0
74.57,101.636,0.436,994.509,3.074,970.823,19.188,19.379,0
81.228,108.283,0.417,837.839,3.209,936.679,20.257,18.586,0
73.452,130.384,0.522,961.95,3.55,954.291,26.677,12.607,0
66.325,104.203,0.324,1055.45,3.0,979.65,22.87,15.713,0
76.087,109.599,0.442,814.908,2.96,900.537,19.207,10.455,0
69.82,117.036,0.448,880.243,3.031,963.212,16.187,11.805,0
73.618,118.967,0.5,815.988,3.058,957.96,14.721,17.496,0
77.917,113.854,0.439,985.673,3.198,903.601,14.377,17.619,0
63.429,124.047,0.461,802.818,3.007,934.06,19.372,11.192,0
90.999,92.529,0.505,946.969,3.008,965.865,23.106,7.967,0
63.306,113.428,0.458,763.627,2.61,964.592,23.213,19.242,0
72.743,141.011,0.5,891.362,3.153,937.531,20.003,11.89,0
73.229,145.241,0.451,868.183,3.173,934.929,15.241,13.581,0
82.213,115.716,0.409,782.318,3.615,945.225,16.278,12.004,0
75.803,125.726,0.413,860.585,3.248,970.406,13.837,13.643,0
58.755,122.564,0.396,839.658,3.308,906.181,21.093,11.373,0
85.083,132.812,0.393,916.468,3.014,926.613,18.159,11.15,0
68.936,113.049,0.392,895.327,3.286,953.096,8.533,8.999,0
63.703,108.355,0.478,891.7,3.242,913.683,15.59,10.154,0
63.546,92.729,0.424,740.93,2.982,948.886,16.585,15.482,0
77.225,100.477,0.4,890.591,3.055,933.366,15.819,13.106,0
79.722,136.915,0.394,751.577,3.156,911.587,16.856,10.917,0
83.543,112.442,0.412,889.097,2.935,916.889,20.186,12.441,0
81.785,130.69,0.534,817.787,3.045,934.689,19.707,10.733,0
78.615,110.462,0.382,691.374,3.107,957.751,15.278,9.3,0
75.231,110.435,0.483,962.596,3.108,938.764,19.29,9.307,0
63.456,107.941,0.45,743.46,3.033,947.109,20.576,19.692,0
83.095,113.29,0.484,874.848,3.34,922.695,17.259,10.008,0
63.314,111.247,0.406,908.464,3.374,987.831,15.151,8.204,0
72.336,126.518,0.471,831.58,3.047,877.524,21.101,13.887,0
66.086,115.63,0.436,888.591,3.262,953.31,18.413,17.71,0
63.789,127.629,0.336,900.667,3.112,958.217,23.112,14.851,0
65.589,102.946,0.452,862.888,3.237,924.479,21.444,10.28,0
79.972,132.695,0.491,983.064,3.613,933.416,18.484,11.784,0
80.912,135.85,0.396,844.665,3.467,952.895,11.771,10.163,0
82.998,131.094,0.476,862.507,3.249,949.364,10.95,13.729,0
111.012,238.863,0.798,2512.732,2.352,1022.764,30.292,32.736,1
77.774,120.089,0.403,697.697,2.943,905.62,17.954,12.5,0
63.042,118.89,0.461,772.642,3.424,985.75,12.206,9.172,0
73.149,119.089,0.455,782.403,3.121,929.812,22.39,11.711,0
81.56,143.807,0.498,871.509,3.438,971.893,23.581,12.875,0
79.893,114.713,0.497,882.643,3.569,965.994,15.523,10.747,0
67.853,126.143,0.418,998.049,3.136,931.59,23.1,11.8,0
72.758,118.986,0.41,809.306,2.642,933.915,22.981,6.983,0
72.102,116.569,0.507,780.817,3.258,985.009,16.03,11.626,0
64.009,142.8,0.418,903.522,2.882,914.837,20.155,12.405,0
74.115,130.135,0.449,818.93,3.134,906.389,24.179,14.672,0
78.488,149.698,0.386,994.205,3.112,958.251,15.094,14.299,0
72.629,132.602,0.48,820.067,3.117,924.601,17.545,8.821,0
66.793,107.601,0.498,861.465,3.039,936.212,19.824,15.86,0
79.529,101.338,0.418,809.265,3.363,946.857,20.731,14.048,0
83.953,130.883,0.509,871.616,2.809,959.487,18.978,14.044,0
87.533,101.567,0.416,978.296,3.242,931.341,23.317,11.102,0
75.501,127.97,0.478,764.384,2.898,981.612,23.29,10.464,0
74.198,144.662,0.452,784.846,3.522,973.174,15.081,14.09,0
63.011,136.066,0.472,875.134,3.385,979.289,22.846,15.541,0
67.435,90.685,0.295,825.926,2.876,918.502,12.015,11.236,0
69.803,117.09,0.522,866.08,3.1,987.615,13.441,13.974,0
75.68,113.967,0.437,897.062,3.385,948.888,14.866,11.122,0
74.57,126.114,0.45,869.144,2.774,930.714,14.455,12.657,0
75.742,114.567,0.444,929.522,3.373,939.131,20.095,11.117,0
76.336,102.487,0.497,880.09,3.23,960.358,23.05,10.222,0
65.336,109.818,0.414,908.456,3.267,952.221,14.464,15.369,0
69.71,126.339,0.447,728.312,3.024,981.307,23.431,12.057,0
76.965,111.594,0.415,816.756,2.9,965.257,20.824,8.096,0
79.739,98.431,0.467,876.419,3.099,952.805,12.489,13.892,0
71.464,116.311,0.47,894.862,3.12,944.701,14.338,7.279,0
77.658,122.275,0.407,863.53,3.294,903.964,22.162,11.098,0
77.448,129.36,0.542,865.278,2.933,970.511,16.938,14.083,0
59.385,135.882,0.458,784.17,3.131,961.252,18.195,11.921,0
75.9,112.537,0.474,797.997,3.265,956.882,16.263,16.044,0
76.96,125.289,0.465,881.531,2.929,961.986,21.828,16.728,0
70.871,139.635,0.408,753.978,3.26,965.833,15.833,9.662,0
85.979,115.827,0.48,794.266,3.174,916.413,14.075,10.103,0
70.495,118.324,0.408,867.936,3.085,971.998,19.819,9.157,0
84.9,140.367,0.494,835.084,3.442,934.941,15.687,9.677,0
68.168,104.602,0.429,802.669,3.471,936.647,22.607,8.511,0
68.311,125.149,0.508,886.57,3.437,951.535,15.994,16.138,0
69.944,124.672,0.518,802.091,3.462,947.152,19.392,12.55,0
71.86,122.286,0.417,875.42,3.557,911.883,21.954,9.909,0
104.31,210.034,0.651,2421.531,3.172,1035.622,54.792,41.558,1
69.795,112.817,0.468,942.435,3.143,969.948,16.565,10.703,0
66.735,132.538,0.377,807.751,3.411,960.131,17.02,8.841,0
101.174,125.374,0.535,846.055,3.637,937.79,18.184,7.523,0
67.446,129.415,0.505,763.423,3.042,967.815,18.253,11.801,0
85.299,122.751,0.529,823.674,3.17,960.671,19.017,11.47,0
73.342,145.335,0.368,693.036,3.109,950.678,27.129,18.665,0
63.761,144.429,0.419,749.658,3.115,916.722,14.817,13.836,0
78.184,139.534,0.448,754.272,3.383,944.044,17.569,10.133,0
74.74,124.909,0.435,901.796,3.304,968.801,15.816,8.749,0
61.951,102.426,0.509,910.786,2.977,984.876,14.346,10.862,0
73.501,108.524,0.535,894.974,3.378,954.606,21.896,12.784,0
80.861,112.976,0.438,883.741,3.415,944.434,15.434,19.521,0
77.795,115.428,0.449,819.452,3.227,985.003,14.162,14.087,0
69.855,87.845,0.416,665.664,3.387,967.1,25.59,11.904,0
57.947,102.655,0.515,839.999,3.56,882.984,16.777,18.254,0
89.522,99.181,0.503,925.095,2.841,920.833,13.431,14.791,0
66.398,124.021,0.483,952.235,3.494,915.671,17.351,9.814,0
77.14,122.712,0.522,783.594,3.047,958.684,21.486,11.713,0
62.299,109.39,0.452,882.655,2.786,942.702,20.799,11.157,0
75.612,126.54,0.404,964.76,3.29,930.939,13.754,10.998,0
77.102,123.104,0.512,867.658,3.092,989.201,21.865,12.352,0
74.516,118.417,0.517,887.58,3.052,978.397,23.257,9.07,0
76.352,134.456,0.43,808.478,3.223,908.338,15.512,9.801,0
65.225,109.239,0.428,771.884,3.218,973.066,17.961,8.266,0
75.775,127.37,0.444,791.663,3.096,938.533,17.292,11.039,0
60.226,124.904,0.441,823.181,3.169,971.435,16.57,13.101,0
72.911,138.648,0.307,897.26,3.409,928.016,22.463,9.579,0
85.068,111.18,0.443,900.114,3.137,989.956,15.527,14.954,0
96.268,106.204,0.343,854.713,2.876,914.577,15.81,13.207,0
67.951,139.873,0.322,822.115,3.088,955.541,21.389,11.249,0
65.336,118.91,0.471,921.19,3.301,925.902,22.963,9.307,0
68.63,136.094,0.427,859.725,2.893,946.264,23.176,11.133,0
79.496,149.663,0.444,987.047,2.915,993.641,17.79,14.242,0
80.154,105.555,0.44,891.587,3.342,922.278,16.419,13.207,0
53.989,137.732,0.405,852.403,3.188,957.645,18.051,11.097,0
73.513,128.215,0.47,992.718,3.146,954.416,23.303,10.605,0
71.64,125.708,0.488,977.454,3.251,943.743,14.4,12.239,0
88.0,120.983,0.406,811.837,3.186,947.575,20.533,11.879,0
89.077,138.381,0.494,866.936,2.987,967.606,14.373,14.687,0
91.531,168.869,0.566,4301.907,3.256,1000.441,22.932,22.585,1
75.973,103.25,0.41,872.073,3.044,995.972,27.897,9.363,0
80.771,95.441,0.388,836.173,3.108,967.022,16.062,15.125,0
75.422,123.17,0.425,966.04,2.884,916.655,14.322,13.804,0
78.712,99.492,0.475,881.421,3.104,961.082,17.786,14.212,0
83.912,111.031,0.466,976.446,3.338,924.152,17.141,12.093,0
92.74,152.767,0.666,3307.907,3.454,1003.708,24.045,26.117,1
85.91,95.828,0.455,813.975,3.249,951.392,15.565,11.949,0
69.339,98.678,0.518,855.846,3.138,978.346,12.037,10.948,0
76.197,111.64,0.432,772.458,3.286,962.687,19.426,14.16,0
92.119,116.345,0.451,842.207,2.933,979.955,16.446,5.895,0
78.376,136.181,0.526,790.365,2.9,978.853,19.857,11.706,0
81.914,141.332,0.496,807.127,3.322,974.885,18.745,11.872,0
84.171,134.758,0.407,900.133,3.502,923.855,15.772,12.103,0
77.204,117.298,0.406,867.177,3.448,970.704,15.926,17.581,0
68.344,132.019,0.395,769.152,3.194,943.389,12.22,8.984,0
66.392,127.194,0.528,883.169,2.922,981.705,13.994,8.067,0
77.422,150.045,0.469,866.581,3.145,918.898,21.139,11.449,0
78.499,101.062,0.417,726.629,2.66,971.255,10.421,18.34,0
75.857,113.714,0.434,712.431,3.609,932.043,23.898,8.952,0
68.411,112.04,0.503,841.824,3.393,961.876,18.223,7.153,0
69.737,123.466,0.445,768.452,3.215,945.042,15.177,13.617,0
79.813,130.576,0.37,1058.47,3.072,933.503,18.309,10.579,0
63.346,120.386,0.502,1001.234,2.827,959.459,20.59,12.54,0
74.29,111.893,0.469,707.635,3.347,942.955,22.346,11.264,0
72.314,109.717,0.423,971.522,3.164,944.987,18.508,12.352,0
65.411,108.797,0.492,800.226,3.12,943.368,15.235,4.194,0
64.162,114.055,0.446,782.616,3.166,945.993,13.051,11.777,0
68.795,86.708,0.382,789.73,3.111,959.234,21.442,16.62,0
76.599,135.776,0.416,746.48,3.217,965.982,18.305,9.372,0
81.454,115.634,0.398,764.3,3.398,949.712,19.604,9.686,0
80.12,121.798,0.458,886.373,3.335,980.644,9.255,15.688,0
71.165,100.575,0.41,764.01,3.357,909.608,22.171,11.544,0
75.642,119.86,0.578,843.48,3.039,955.057,17.822,16.67,0
69.278,143.67,0.539,803.126,3.113,980.263,20.074,13.908,0
57.96,108.386,0.424,918.65,3.094,928.317,16.132,13.14,0
70.156,120.846,0.386,867.555,3.055,951.84,19.972,6.279,0
70.428,108.785,0.434,829.026,3.163,935.297,20.729,11.409,0
71.101,117.688,0.407,997.922,3.076,978.263,11.938,16.708,0
69.583,121.861,0.457,973.755,2.906,944.343,19.46,14.847,0
73.921,124.478,0.484,774.566,3.017,927.503,16.126,14.665,0
82.324,131.274,0.444,851.233,3.238,967.547,17.764,10.763,0
63.504,120.413,0.517,780.898,3.425,999.946,17.903,12.857,0
86.169,141.805,0.473,858.981,3.559,964.574,15.153,10.739,0
77.96,135.443,0.406,668.281,3.154,946.239,21.25,19.915,0
87.694,145.754,0.441,752.663,2.853,958.857,21.046,10.88,0
79.834,129.622,0.503,859.222,2.873,988.635,13.733,17.558,0
68.999,120.521,0.497,873.954,2.856,880.568,16.95,9.059,0
57.123,116.403,0.489,913.834,3.505,896.215,23.499,11.336,0
60.7,138.906,0.4,856.613,3.29,942.042,19.407,11.819,0
83.455,119.806,0.503,919.022,2.853,941.171,21.925,10.366,0
86.105,115.788,0.476,864.355,3.392,961.281,18.213,12.555,0
75.146,107.806,0.418,690.033,3.213,939.66,16.725,9.222,0
70.774,104.863,0.37,823.376,2.958,991.758,14.302,13.521,0
69.718,154.458,0.512,670.952,2.646,1009.241,7.669,7.026,0
77.846,130.895,0.452,953.181,3.076,901.263,23.369,13.45,0
68.123,107.383,0.497,852.216,3.149,987.79,22.574,13.097,0
66.013,110.683,0.428,811.392,3.067,894.182,20.831,15.35,0
71.766,118.58,0.412,854.353,3.1,917.406,11.901,11.77,0
82.96,127.428,0.538,936.757,3.32,951.542,17.424,14.909,0
70.692,116.947,0.471,798.284,3.126,959.778,10.326,9.083,0
72.608,105.389,0.449,896.628,3.355,913.804,23.012,11.156,0
64.596,117.643,0.415,829.459,3.007,930.256,20.562,8.178,0
68.122,110.016,0.442,826.437,3.222,934.741,16.88,14.737,0
93.425,108.332,0.425,701.357,3.286,923.841,16.44,9.905,0
70.505,131.853,0.416,949.038,3.265,913.991,18.734,9.59,0
86.307,108.526,0.439,787.478,3.437,927.917,17.883,6.471,0
75.947,132.736,0.389,954.625,3.184,971.572,13.35,14.854,0
74.76,108.912,0.349,795.653,3.144,928.699,14.644,7.578,0
74.553,126.918,0.383,835.572,3.462,914.608,16.394,16.484,0
71.816,138.338,0.468,832.398,3.442,957.364,19.512,12.485,0
85.56,114.175,0.479,812.333,2.988,935.995,17.414,13.044,0
71.7,108.931,0.44,794.26,3.064,968.234,11.634,14.86,0
73.056,125.016,0.439,779.591,3.241,940.113,19.952,15.622,0
83.741,144.665,0.496,991.339,3.364,966.231,22.654,10.516,0
97.532,184.682,0.432,3744.945,3.234,952.607,31.099,30.121,1
70.455,127.047,0.369,835.426,3.057,954.438,18.825,10.165,0
66.668,137.254,0.431,879.276,3.44,930.326,23.245,7.552,0
85.677,109.02,0.437,949.989,3.437,960.286,12.156,14.209,0
75.018,119.087,0.518,989.92,3.536,917.079,17.57,9.297,0
70.484,99.092,0.44,853.47,3.104,936.959,17.008,12.075,0
78.522,144.736,0.523,755.351,3.261,961.027,20.424,14.395,0
75.205,100.562,0.494,816.673,3.193,944.206,18.347,10.073,0
78.426,98.905,0.45,853.692,3.317,938.55,12.359,15.665,0
74.642,151.058,0.449,876.624,3.138,964.783,18.713,5.057,0
63.688,158.626,0.421,869.368,3.013,990.507,13.94,11.426,0
85.661,121.059,0.405,850.67,3.622,957.429,13.926,12.35,0
71.765,148.601,0.442,705.798,3.025,954.475,21.891,8.976,0
83.324,119.017,0.452,893.485,3.083,921.909,21.857,10.615,0
82.668,100.943,0.479,930.041,3.402,949.984,15.884,9.524,0
53.785,132.78,0.536,883.387,3.163,933.136,12.595,8.713,0
83.177,121.018,0.457,903.633,3.146,964.171,14.534,17.354,0
78.785,113.064,0.482,894.569,3.33,953.904,15.567,12.423,0
61.373,141.377,0.455,845.981,3.093,955.061,12.238,6.359,0
82.646,126.476,0.388,875.12,3.059,1010.669,9.976,15.948,0
79.555,105.337,0.489,755.476,3.174,943.124,12.452,16.403,0
64.505,126.062,0.549,893.324,3.383,956.723,25.529,10.546,0
75.911,135.606,0.498,842.181,3.586,948.191,18.096,12.934,0
82.048,132.825,0.439,835.552,3.029,980.393,17.605,14.215,0
68.943,126.853,0.404,945.233,3.555,947.931,17.68,11.237,0
71.145,155.877,0.37,917.304,3.031,959.567,20.315,14.151,0
73.757,123.744,0.409,788.043,3.302,887.129,17.196,8.816,0
71.741,134.367,0.407,729.566,3.143,991.735,14.936,12.366,0
82.671,149.856,0.525,919.2,3.221,934.124,17.253,15.202,0
60.669,124.653,0.429,854.425,3.088,939.298,19.438,16.042,0
72.616,115.318,0.447,957.03,3.055,984.478,17.663,16.26,0
75.302,125.683,0.382,853.386,3.046,987.412,11.05,10.434,0
72.968,152.996,0.436,862.864,2.929,947.048,13.888,9.786,0
73.104,124.869,0.397,978.442,2.984,903.819,23.547,12.949,0
84.052,111.41,0.359,828.671,3.361,937.939,14.517,9.475,0
76.206,137.969,0.451,804.564,2.938,907.724,19.727,13.275,0
86.818,143.794,0.423,817.171,3.531,977.947,13.692,10.661,0
74.228,136.622,0.406,925.002,3.405,898.352,18.691,13.119,0
75.016,111.613,0.522,999.733,3.125,941.954,15.534,18.009,0
82.366,134.915,0.566,876.095,3.243,945.383,15.61,10.22,0
71.4,104.903,0.455,847.278,3.317,917.908,23.046,10.197,0
83.975,131.597,0.437,843.867,3.054,915.254,16.016,11.643,0
87.49,103.023,0.424,742.878,3.118,966.521,10.544,13.705,0
79.538,131.267,0.473,841.025,3.501,951.97,18.658,6.837,0
76.819,100.167,0.409,850.344,2.835,951.646,14.275,11.947,0
71.994,112.091,0.47,892.616,3.167,982.196,15.237,11.082,0
70.314,115.074,0.395,809.409,2.99,974.941,17.371,12.108,0
88.134,112.408,0.446,800.349,3.307,924.018,22.85,11.295,0
69.182,134.763,0.413,820.042,3.231,979.67,19.425,10.944,0
71.073,100.26,0.476,698.229,3.007,958.322,13.313,8.436,0
87.255,127.366,0.505,771.46,3.575,962.36,12.97,6.986,0
74.892,103.757,0.387,978.975,3.227,957.154,20.17,12.561,0
106.309,172.532,0.602,3290.437,3.005,967.708,33.418,24.508,1
103.222,146.096,0.495,1100.267,3.344,826.919,82.168,18.915,1
72.54,127.642,0.496,899.005,3.48,973.878,10.82,12.836,0
81.23,95.952,0.4,928.276,3.641,894.985,18.413,17.921,0
78.151,106.224,0.456,739.53,3.254,924.041,16.895,12.155,0
75.968,122.672,0.493,833.44,3.173,973.117,12.968,11.301,0
89.059,125.311,0.529,691.387,2.908,935.892,13.853,11.063,0
66.736,117.72,0.513,953.463,3.059,965.101,14.289,18.655,0
63.595,115.865,0.427,839.27,2.896,924.487,20.103,17.563,0
71.294,106.767,0.434,854.693,3.336,975.316,14.083,8.883,0
73.56,106.275,0.534,1008.154,3.363,949.945,20.695,11.002,0
72.303,114.599,0.421,848.583,3.013,947.692,17.808,11.454,0
88.896,132.347,0.474,842.945,3.156,955.861,24.52,14.011,0
75.367,109.856,0.45,869.541,3.034,923.308,18.618,14.306,0
82.112,103.793,0.453,723.764,3.346,964.286,14.208,8.926,0
74.07,99.233,0.387,830.993,3.015,926.554,20.088,16.812,0
88.779,126.57,0.348,797.643,3.197,979.246,21.507,8.774,0
66.058,101.074,0.417,929.718,3.268,921.291,15.402,10.351,0
80.348,114.829,0.48,964.753,3.145,946.336,15.259,15.371,0
84.543,111.441,0.401,912.476,3.266,939.776,18.622,8.188,0
75.651,101.75,0.456,661.496,3.13,936.208,22.861,14.42,0
80.317,135.768,0.495,857.096,3.11,946.187,20.497,9.523,0
90.253,112.046,0.45,973.847,3.162,931.624,14.14,7.696,0
71.622,92.638,0.441,826.358,3.153,903.499,12.794,9.217,0
67.225,130.522,0.5,842.746,3.123,915.464,14.095,7.56,0
78.871,112.796,0.461,778.824,2.851,903.405,15.995,12.608,0
86.156,97.748,0.482,929.945,3.159,917.251,18.358,9.335,0
75.234,114.917,0.601,892.337,3.165,918.896,18.689,11.163,0
72.441,116.964,0.382,861.446,3.041,940.455,20.035,8.156,0
74.995,111.088,0.408,661.387,3.307,993.305,18.055,11.336,0
78.92,125.121,0.428,951.817,3.249,960.134,23.709,8.748,0
76.449,152.015,0.503,778.576,2.867,955.782,17.101,8.875,0
72.461,109.306,0.39,762.311,3.212,929.95,13.029,11.129,0
77.052,119.595,0.429,887.358,2.962,945.392,14.033,7.998,0
69.122,103.244,0.393,898.434,3.199,963.072,19.33,13.07,0
73.021,135.5,0.519,825.717,3.011,938.575,20.017,15.11,0
67.565,104.622,0.454,893.59,3.281,966.879,26.281,13.362,0
74.266,125.291,0.434,884.191,3.488,889.977,16.888,12.082,0
73.697,118.359,0.416,879.091,3.345,966.691,19.445,15.916,0
66.016,121.483,0.525,679.244,3.109,919.144,13.741,9.015,0
70.438,131.973,0.377,889.232,3.031,975.379,12.458,8.782,0
101.898,171.978,0.611,3232.407,2.924,979.043,27.031,27.826,1
66.681,136.187,0.503,834.34,3.245,942.8,16.159,12.77,0
67.784,94.811,0.439,803.983,3.127,998.789,21.12,9.883,0
73.902,97.66,0.335,844.086,3.29,989.78,11.456,14.835,0
69.682,104.072,0.513,844.315,3.052,923.673,15.626,14.83,0
66.889,131.821,0.456,916.629,2.995,900.527,21.118,11.343,0
84.005,129.323,0.507,876.556,2.966,942.856,17.344,12.902,0
68.714,112.579,0.447,832.583,3.031,965.316,15.756,11.911,0
81.807,136.687,0.488,840.609,3.41,942.795,11.96,17.461,0
81.187,123.283,0.499,764.634,3.16,975.821,21.158,8.303,0
73.867,115.262,0.454,780.438,3.346,976.238,20.925,9.673,0
76.522,102.545,0.539,986.896,3.305,909.541,22.547,15.025,0
67.931,145.428,0.481,863.747,3.374,979.559,27.479,10.629,0
73.064,111.038,0.425,707.629,3.193,975.046,19.277,9.826,0
69.405,112.155,0.354,786.43,3.212,931.159,21.393,14.009,0
87.865,135.861,0.448,813.903,3.193,961.595,24.073,12.256,0
71.418,102.202,0.417,773.582,3.303,936.947,21.769,12.772,0
69.725,109.752,0.387,810.207,3.358,963.705,16.416,18.074,0
58.567,156.022,0.505,799.106,3.4,948.647,20.911,14.472,0
80.96,117.992,0.502,835.818,3.186,976.575,25.549,12.138,0
73.137,113.246,0.401,899.28,3.224,950.002,18.695,12.386,0
91.157,131.701,0.388,965.589,3.474,940.233,16.179,6.14,0
82.393,141.182,0.419,909.21,3.338,946.473,18.468,12.714,0
66.821,109.92,0.481,812.038,3.193,938.312,20.227,11.35,0
75.689,134.093,0.342,863.797,3.336,969.541,19.237,12.221,0
67.108,101.298,0.478,951.709,3.194,946.533,16.698,8.652,0
79.018,138.522,0.471,864.933,3.301,1014.127,22.717,9.236,0
80.498,137.852,0.473,748.19,3.502,985.662,14.085,13.023,0
61.813,124.271,0.418,708.413,3.095,942.893,20.484,8.467,0
69.783,125.788,0.446,793.329,3.159,948.236,23.847,12.244,0
83.437,107.697,0.485,898.257,3.432,959.096,25.278,11.689,0
79.588,121.51,0.496,817.573,3.375,927.082,18.652,7.834,0
69.286,123.603,0.414,871.271,3.222,952.806,16.737,12.291,0
84.594,128.111,0.415,862.294,3.017,975.461,10.69,9.733,0
71.151,136.768,0.489,872.409,3.123,912.794,19.338,15.997,0
80.207,129.656,0.536,827.866,3.157,955.194,20.267,9.001,0
72.51,124.186,0.455,820.111,2.973,949.225,16.586,7.268,0
82.979,147.077,0.371,810.261,3.522,924.403,13.165,19.006,0
67.231,116.769,0.471,898.71,3.407,931.326,15.791,6.93,0
75.109,153.213,0.454,858.433,3.327,948.826,19.785,7.896,0
67.917,121.759,0.477,804.63,3.101,973.813,16.163,9.006,0
66.744,130.906,0.506,766.786,3.431,921.052,17.13,7.181,0
67.507,129.645,0.496,791.873,3.407,934.642,17.68,13.768,0
77.763,105.105,0.531,907.718,3.405,981.882,15.397,15.36,0
77.571,125.064,0.484,878.582,3.09,941.6,16.7,12.252,0
94.214,110.458,0.535,782.389,3.41,962.224,16.365,7.702,0
66.597,110.829,0.424,897.324,3.219,915.096,15.513,16.93,0
73.048,100.409,0.49,972.319,3.223,924.135,15.335,13.036,0
63.63,115.293,0.518,928.713,3.423,937.673,24.611,12.806,0
74.028,123.738,0.45,917.696,3.266,926.792,18.333,10.884,0
69.529,110.308,0.41,859.488,3.331,1036.509,12.332,15.306,0
112.079,185.823,0.666,2163.609,2.789,1074.711,57.874,41.696,1
81.149,152.344,0.516,904.078,3.154,961.381,15.979,8.991,0
65.757,103.096,0.461,922.477,2.932,952.893,24.442,12.899,0
84.201,92.35,0.448,851.864,3.122,996.485,13.218,16.991,0
91.047,134.74,0.415,902.642,3.205,1005.202,17.266,16.23,0
81.476,127.13,0.416,758.472,3.205,988.088,6.296,10.301,0
111.554,171.783,0.467,1049.498,2.596,909.585,76.594,26.644,1
74.446,119.436,0.421,749.456,3.249,961.81,14.175,15.105,0
74.604,116.374,0.439,960.33,2.819,904.424,17.312,15.598,0
79.305,130.097,0.432,972.098,3.158,934.655,17.107,3.287,0
77.779,128.479,0.454,890.296,3.294,942.601,18.95,16.083,0
71.411,125.064,0.485,920.843,3.013,952.479,14.938,12.275,0
70.117,109.715,0.416,783.697,3.577,904.131,11.603,4.839,0
69.45,108.377,0.5,822.0,3.265,912.459,19.168,13.322,0
77.875,130.571,0.412,910.211,3.326,964.402,21.831,10.974,0
74.694,114.192,0.432,853.818,3.511,921.528,17.419,10.467,0
90.958,137.743,0.456,944.609,3.121,968.876,13.383,10.148,0
53.775,114.463,0.434,882.882,2.975,1017.236,18.352,14.922,0
78.43,145.95,0.441,781.019,3.199,984.073,17.052,8.522,0
78.832,135.315,0.359,849.566,2.961,986.425,20.1,11.758,0
59.583,133.988,0.379,827.94,3.439,925.548,17.965,17.932,0
75.33,126.173,0.414,811.506,2.881,974.639,21.225,11.659,0
61.248,122.078,0.497,916.685,3.162,944.089,5.425,6.882,0
63.842,136.714,0.376,775.558,3.255,958.16,24.542,12.431,0
69.627,129.49,0.413,882.881,2.832,969.523,18.204,11.259,0
77.013,131.931,0.496,853.611,2.998,935.402,9.911,11.031,0
88.951,118.226,0.494,694.679,2.957,936.951,17.592,9.997,0
74.365,127.721,0.449,745.475,3.177,947.094,20.313,7.052,0
73.667,127.87,0.371,1008.031,3.268,950.701,18.582,14.069,0
69.705,110.347,0.436,865.074,2.869,959.873,15.52,7.454,0
74.087,135.197,0.47,891.073,2.91,948.035,21.067,7.875,0
80.931,131.732,0.507,822.793,3.499,920.403,15.779,12.434,0
81.583,128.21,0.538,699.187,3.26,984.603,16.182,17.097,0
70.655,116.844,0.482,897.035,3.2,983.19,16.501,13.797,0
69.142,115.764,0.463,902.792,3.233,938.425,11.5,15.365,0
89.712,139.783,0.526,911.831,2.935,912.929,21.34,5.97,0
75.244,127.39,0.364,905.214,2.902,936.258,19.189,10.525,0
76.446,97.921,0.521,936.974,3.215,928.011,21.057,13.721,0
67.68,106.454,0.436,827.295,3.399,1000.751,13.504,19.54,0
86.721,145.912,0.417,917.707,3.147,945.217,15.694,12.545,0
96.264,112.95,0.53,820.796,2.996,983.096,23.866,12.64,0
78.284,99.963,0.415,872.578,3.001,965.177,22.993,10.479,0
69.073,128.137,0.485,782.937,3.241,965.781,12.644,7.665,0
74.609,69.528,0.443,773.762,2.881,959.39,28.414,11.473,0
76.494,117.742,0.403,752.513,2.776,919.077,19.509,10.377,0
82.557,113.011,0.491,738.753,3.225,953.885,15.907,12.326,0
82.689,133.562,0.481,881.032,3.408,960.864,20.031,11.523,0
71.728,91.6,0.433,894.226,3.25,1011.538,19.588,10.546,0
83.324,166.33,0.512,4015.732,2.781,999.182,29.138,19.639,1
76.021,133.757,0.444,758.323,3.057,946.05,18.01,11.707,0
61.981,98.915,0.372,894.987,3.443,943.029,19.363,10.166,0
66.098,107.132,0.309,889.961,3.113,919.184,16.783,8.75,0
72.613,129.52,0.525,871.148,3.284,922.056,21.068,13.823,0
93.495,98.024,0.414,812.593,3.372,966.701,19.022,16.207,0
78.886,131.619,0.458,902.741,3.088,957.486,19.453,12.782,0
76.617,115.29,0.458,1048.018,3.369,945.416,20.986,11.378,0
82.033,133.644,0.485,872.933,3.458,905.628,20.539,11.527,0
76.978,93.67,0.47,956.355,3.391,955.143,15.822,10.09,0
76.165,127.041,0.479,763.532,3.07,910.39,20.726,16.424,0
67.929,125.956,0.515,947.871,2.982,968.821,20.222,14.204,0
72.487,140.206,0.475,844.505,2.847,940.667,14.941,10.233,0
74.557,143.552,0.508,900.384,3.141,955.492,14.541,10.256,0
70.829,145.52,0.425,869.748,3.127,941.872,9.99,14.409,0
76.616,129.27,0.482,884.195,2.919,899.52,15.028,9.386,0
97.908,137.159,0.46,1125.215,2.599,878.648,72.12,16.434,1
79.099,121.812,0.475,789.695,3.123,980.53,18.558,4.471,0
75.749,111.658,0.424,908.952,3.585,988.099,17.588,10.232,0
69.653,119.41,0.478,802.831,3.149,935.72,15.214,11.356,0
69.728,111.111,0.514,912.622,3.152,969.282,22.142,12.606,0
56.543,122.563,0.456,823.134,3.087,959.088,18.518,12.574,0
80.59,129.629,0.489,932.294,3.456,937.395,17.184,15.03,0
70.785,108.526,0.429,759.753,3.261,960.279,19.443,8.162,0
63.247,119.945,0.476,981.643,3.192,953.031,15.354,14.173,0
76.45,199.44,0.656,3260.841,3.175,994.108,28.412,28.426,1
76.53,120.12,0.476,969.309,3.243,937.005,19.625,11.448,0
79.743,144.294,0.456,970.926,3.474,950.473,12.55,14.978,0
81.374,109.398,0.423,781.984,3.371,941.185,18.447,11.024,0
83.984,175.047,0.485,2828.535,3.032,1030.661,10.79,17.261,1
74.414,114.856,0.566,877.242,3.32,942.777,25.982,10.968,0
72.663,122.264,0.512,800.915,3.619,981.762,18.819,11.694,0
87.175,124.999,0.498,853.923,3.001,939.654,24.599,10.338,0
78.255,105.171,0.443,816.75,3.523,904.583,21.201,17.023,0
78.301,140.549,0.422,908.823,3.155,999.698,20.904,8.648,0
67.485,113.366,0.559,854.396,2.899,959.547,19.874,13.881,0
72.6,102.715,0.452,779.954,3.152,951.546,16.249,12.803,0
79.274,123.984,0.438,833.583,3.27,951.438,21.107,11.242,0
86.678,127.127,0.448,843.339,3.178,969.83,15.314,11.61,0
69.633,110.627,0.483,821.879,3.219,978.013,17.731,11.172,0
75.026,122.667,0.457,811.663,3.316,924.637,20.542,11.695,0
76.885,102.798,0.339,800.654,3.461,979.357,20.701,10.845,0
67.762,126.961,0.441,749.417,3.376,969.054,24.258,12.885,0
74.917,97.842,0.527,722.588,3.17,908.941,12.79,15.117,0
70.02,120.306,0.365,874.338,3.073,990.975,16.163,12.145,0
75.802,123.605,0.509,884.916,3.24,974.626,17.949,15.068,0
96.081,156.133,0.52,3933.057,2.874,925.545,14.555,33.975,1
67.317,121.481,0.44,833.131,2.77,926.056,20.127,9.95,0
72.539,113.845,0.522,964.969,3.022,968.527,9.432,12.509,0
80.652,138.66,0.39,766.771,3.085,968.861,20.535,10.728,0
76.077,81.533,0.38,901.712,3.269,963.437,18.5,14.221,0
112.13,166.754,0.907,2175.929,2.785,979.727,52.076,36.265,1
84.584,133.819,0.426,913.732,3.164,908.305,16.097,12.243,0
68.586,115.153,0.449,841.808,3.171,978.427,9.524,11.377,0
78.933,99.806,0.456,798.983,2.813,909.728,12.898,13.43,0
72.329,97.632,0.395,758.454,2.925,959.223,19.417,11.35,0
65.529,125.708,0.496,781.262,3.266,949.338,15.311,10.503,0
70.733,132.049,0.487,801.595,3.058,971.388,20.048,10.135,0
76.076,140.207,0.456,797.068,3.404,947.056,13.001,8.682,0
59.396,136.329,0.361,846.779,2.903,998.623,21.244,8.014,0
97.078,237.845,0.707,2116.473,2.5,996.543,43.41,33.753,1
73.194,118.07,0.394,651.15,2.711,997.963,16.873,15.749,0
79.374,137.109,0.438,827.745,3.236,975.208,16.519,9.853,0
74.93,111.66,0.447,932.201,3.336,900.357,17.259,10.178,0
74.056,162.295,0.465,880.585,3.027,927.81,12.185,13.487,0
83.76,118.235,0.452,732.647,3.177,918.846,21.322,18.804,0
82.949,108.604,0.442,818.209,2.893,965.187,15.222,11.569,0
59.264,149.845,0.41,874.175,2.905,1024.266,25.035,13.534,0
73.181,122.315,0.491,913.919,3.234,965.442,13.054,10.971,0
82.457,110.814,0.524,792.256,3.362,974.053,14.499,10.516,0
61.027,138.448,0.474,794.185,3.313,964.594,26.634,13.997,0
75.241,161.066,0.587,1073.999,3.051,837.618,71.837,21.355,1
73.29,100.887,0.405,919.128,3.234,919.552,16.09,10.154,0
84.447,115.148,0.503,766.38,3.435,939.437,7.168,16.045,0
73.883,124.337,0.405,894.192,3.354,911.342,23.401,14.109,0
77.87,115.159,0.473,903.793,3.256,935.291,18.289,12.678,0
76.781,131.804,0.467,807.529,3.14,901.332,14.479,9.756,0
73.616,135.183,0.437,819.05,3.242,1003.207,17.654,7.122,0
90.079,127.249,0.404,889.378,3.097,948.427,12.632,10.665,0
84.673,133.759,0.352,818.202,2.96,916.747,21.555,7.857,0
78.964,116.068,0.502,720.103,3.188,909.368,14.683,17.16,0
76.554,116.447,0.418,845.33,3.401,969.598,25.266,13.322,0
76.686,95.013,0.435,876.322,3.39,933.053,19.015,15.81,0
85.775,98.142,0.445,928.513,3.038,965.428,14.323,6.841,0
65.847,136.178,0.427,1014.767,3.29,912.053,20.737,6.821,0
98.396,182.692,0.564,3118.714,3.047,973.421,25.838,30.513,1
68.399,113.782,0.383,991.956,3.264,897.522,18.143,12.059,0
79.947,129.866,0.478,954.193,3.436,974.291,21.544,8.594,0
72.362,123.144,0.502,872.533,3.38,964.327,18.491,8.634,0
72.829,141.783,0.415,752.53,3.719,956.243,17.267,8.836,0
76.571,104.502,0.428,676.843,2.929,946.288,17.237,9.947,0
73.69,141.539,0.46,932.276,2.973,973.373,17.523,13.417,0
75.953,127.582,0.493,846.415,2.915,934.661,13.551,14.496,0
65.237,116.003,0.375,955.152,3.023,956.52,14.995,11.756,0
79.385,121.727,0.491,755.248,3.571,886.86,20.49,20.738,0
77.576,125.132,0.387,805.773,3.278,958.562,17.073,9.39,0
80.582,105.482,0.404,872.694,3.242,943.326,18.788,14.163,0
81.238,121.499,0.511,700.003,3.258,1001.247,17.019,21.511,0
80.666,104.672,0.371,861.629,3.151,967.141,17.389,11.821,0
83.014,100.396,0.416,854.037,3.504,953.956,16.921,12.781,0
83.313,116.08,0.448,884.019,3.283,934.037,16.413,15.084,0
66.163,89.308,0.448,780.707,3.322,957.769,12.912,15.414,0
71.355,103.057,0.494,848.244,3.293,965.87,18.189,6.194,0
66.255,130.296,0.466,824.391,2.884,938.705,20.977,19.227,0
73.325,122.543,0.408,796.835,3.197,927.443,13.379,13.145,0
89.635,118.114,0.42,772.701,2.856,988.94,22.628,8.19,0
76.13,130.193,0.451,807.253,2.834,975.533,23.497,13.189,0
79.498,122.625,0.47,897.701,3.291,960.643,13.913,10.598,0
68.193,124.191,0.397,901.528,3.018,892.838,21.517,12.93,0
85.297,115.088,0.375,748.326,3.113,953.185,18.982,10.905,0
72.797,126.278,0.39,840.512,2.952,936.764,21.534,13.961,0
63.146,118.595,0.452,812.866,3.172,934.079,23.237,17.214,0
70.595,128.972,0.472,957.599,3.252,931.823,23.682,15.816,0
75.299,115.066,0.444,856.945,3.106,938.346,11.444,11.871,0
86.89,113.379,0.433,779.134,3.214,977.246,17.588,13.136,0
65.677,128.978,0.412,832.724,3.05,947.234,15.851,15.077,0
67.197,116.314,0.523,749.234,3.823,951.863,14.853,10.531,0
69.06,110.856,0.415,655.724,3.195,934.78,20.309,10.998,0
82.656,126.57,0.472,996.686,3.489,930.583,16.259,10.464,0
75.69,134.292,0.382,794.06,3.21,935.854,14.258,7.205,0
74.358,135.957,0.575,869.574,3.528,906.971,28.191,12.862,0
72.011,134.612,0.479,820.63,3.409,959.174,16.915,8.738,0
76.545,121.55,0.386,758.236,3.467,958.109,12.372,13.764,0
73.357,123.395,0.462,820.818,3.346,966.086,14.482,15.919,0
58.325,122.069,0.398,798.215,3.056,917.841,17.812,9.15,0
72.231,133.826,0.366,991.63,3.347,915.75,28.29,15.173,0
91.535,146.148,0.499,920.166,3.342,944.69,21.065,12.921,0
63.661,118.744,0.439,828.826,3.155,927.051,18.801,14.377,0
74.454,107.276,0.382,745.488,3.408,971.309,17.913,10.317,0
64.896,108.056,0.443,980.554,3.039,989.145,24.655,14.884,0
65.423,88.976,0.48,904.239,3.145,938.894,14.421,9.896,0
68.367,111.55,0.539,801.27,3.359,951.572,14.715,13.274,0
69.821,118.631,0.478,934.081,3.392,916.276,15.001,6.444,0
69.402,123.596,0.507,905.674,3.358,962.136,12.555,12.006,0
69.53,121.313,0.453,1049.752,2.838,950.406,17.047,9.258,0
65.462,115.872,0.463,862.547,3.267,931.244,9.182,14.571,0
82.143,99.988,0.409,857.13,3.027,949.712,26.927,15.231,0
80.525,137.02,0.51,913.689,3.621,987.561,17.671,12.922,0
74.588,125.085,0.462,839.87,3.332,972.854,12.56,6.105,0
65.271,112.523,0.501,885.414,3.414,973.815,20.509,10.077,0
79.766,136.554,0.522,910.496,3.23,949.845,14.611,12.161,0
79.532,131.35,0.488,890.308,3.392,959.147,10.918,10.625,0
68.509,139.078,0.395,764.825,2.81,946.588,12.969,15.265,0
53.102,117.306,0.437,1021.103,3.684,980.31,17.006,13.206,0
75.47,103.435,0.425,835.255,3.677,984.812,25.186,13.241,0
86.657,108.877,0.49,785.977,3.135,967.801,17.575,10.05,0
66.301,99.463,0.49,886.478,3.452,957.475,14.557,10.961,0
67.26,117.311,0.427,939.881,3.257,965.635,14.841,13.293,0
69.679,133.725,0.44,824.942,3.187,976.761,15.614,11.329,0
74.341,130.037,0.468,998.263,3.016,967.588,17.457,14.626,0
73.738,144.616,0.506,865.224,3.391,949.185,11.461,11.405,0
79.008,149.214,0.433,973.231,3.244,954.221,22.458,13.748,0
72.34,113.294,0.466,835.319,3.178,935.988,18.897,13.57,0
83.336,140.463,0.445,792.614,3.31,939.254,20.99,17.176,0
81.731,105.901,0.392,778.465,3.169,963.093,19.696,16.425,0
65.881,115.963,0.379,807.881,3.068,945.209,18.683,10.28,0
88.558,126.998,0.443,918.45,3.365,959.267,18.766,12.166,0
80.274,110.762,0.527,882.583,3.471,918.775,22.263,13.458,0
63.423,112.354,0.516,706.419,2.946,944.827,17.335,6.487,0
60.094,132.25,0.481,770.236,3.064,965.663,14.286,10.837,0
72.871,122.747,0.495,810.345,3.205,957.427,20.785,14.035,0
77.776,131.357,0.516,804.546,2.837,970.486,18.434,8.818,0
69.515,167.417,0.545,883.531,3.032,958.092,15.639,11.695,0
75.253,114.1,0.529,828.851,3.25,926.904,21.872,13.614,0
74.043,118.739,0.4,750.925,3.647,912.343,17.431,10.103,0
76.784,100.934,0.465,930.497,3.42,966.311,20.289,13.34,0
67.759,101.48,0.454,670.549,3.467,953.681,20.182,13.282,0
84.959,120.789,0.508,808.806,2.919,917.67,21.972,14.158,0
68.019,112.999,0.491,761.006,2.822,916.247,18.656,10.947,0
64.205,135.405,0.397,942.023,3.261,940.107,17.875,9.132,0
74.854,93.428,0.485,852.991,3.267,959.624,17.229,12.562,0
68.698,114.714,0.395,795.377,3.338,921.894,18.201,8.919,0
76.473,143.883,0.407,781.876,3.453,933.842,8.685,14.11,0
77.529,129.242,0.434,710.819,3.153,937.185,17.765,11.18,0
78.669,131.989,0.414,961.786,2.865,935.865,23.927,9.889,0
81.186,143.304,0.516,874.468,3.339,943.877,22.049,11.478,0
81.022,108.645,0.468,859.481,3.101,951.204,24.13,9.893,0
76.194,100.293,0.441,878.93,3.287,946.719,25.494,14.032,0
82.418,104.595,0.479,843.968,3.347,913.831,23.696,14.543,0
85.119,116.689,0.499,857.978,3.255,948.061,21.614,17.443,0
75.067,106.563,0.45,863.344,3.072,931.169,20.066,8.437,0
77.935,113.678,0.403,877.778,3.005,923.999,10.007,16.047,0
81.014,115.267,0.533,863.883,2.924,947.165,18.145,11.155,0
78.003,95.913,0.548,823.607,3.237,959.469,25.773,11.825,0
76.399,128.378,0.471,769.291,3.037,969.169,14.21,16.084,0
73.504,139.161,0.394,896.74,3.093,917.822,20.526,7.628,0
55.83,115.53,0.426,980.661,3.272,993.687,4.79,14.718,0
79.714,86.051,0.371,904.584,3.236,909.304,21.582,4.749,0
76.669,139.767,0.379,815.877,3.191,956.284,12.597,11.328,0
70.313,125.552,0.407,913.409,3.195,989.082,23.626,7.192,0
81.663,118.321,0.621,970.535,3.377,987.019,19.503,11.639,0
84.733,146.811,0.541,801.928,2.857,954.525,19.171,16.068,0
74.835,103.002,0.443,691.707,3.217,971.564,17.213,14.585,0
51.31,104.221,0.411,744.83,3.192,954.471,24.786,11.122,0
77.099,107.483,0.361,845.056,3.043,959.772,17.906,13.34,0
90.422,123.786,0.448,843.617,3.039,968.552,20.789,13.791,0
72.212,142.411,0.479,956.729,3.3,947.139,13.829,9.705,0
67.2,98.452,0.444,795.944,3.302,949.801,15.984,11.78,0
81.692,113.579,0.418,779.668,2.77,963.809,15.176,8.197,0
79.995,105.406,0.479,872.03,3.188,949.097,9.854,13.052,0
81.638,122.465,0.487,1036.723,3.175,938.343,23.147,7.021,0
85.202,100.838,0.415,745.386,3.174,998.073,14.925,15.364,0
89.319,140.659,0.51,797.028,3.323,970.584,14.18,9.518,0
79.652,141.831,0.481,921.799,3.106,967.72,23.897,14.396,0
73.58,109.539,0.426,920.806,3.26,930.061,11.158,11.392,0
65.411,120.24,0.435,716.903,3.177,945.307,23.004,14.692,0
76.38,126.409,0.457,990.081,3.617,916.201,26.203,15.947,0
83.007,137.922,0.569,682.274,3.076,943.077,14.027,6.608,0
103.625,150.823,0.599,1177.987,3.313,909.254,59.163,20.838,1
68.192,126.494,0.443,886.364,2.802,965.84,13.412,15.823,0
73.58,122.337,0.454,1023.058,2.844,998.763,17.59,7.979,0
85.942,107.204,0.42,865.044,2.834,879.873,14.95,10.924,0
70.606,127.536,0.432,819.017,3.273,941.619,15.713,13.73,0
82.007,128.083,0.41,900.648,3.414,902.639,13.095,11.169,0
60.616,107.531,0.439,873.336,3.227,942.712,13.79,12.282,0
55.96,141.373,0.446,983.645,2.946,962.1,20.843,14.821,0
61.881,122.003,0.443,884.905,3.31,955.249,21.95,8.693,0
74.83,113.562,0.528,941.816,3.306,923.579,18.205,11.282,0
72.989,126.317,0.487,904.066,2.811,925.177,19.269,12.992,0
58.884,105.848,0.389,871.705,3.48,978.697,22.282,10.424,0
75.382,116.551,0.444,855.622,3.479,884.666,25.155,9.078,0
74.934,112.473,0.465,739.759,2.947,941.744,13.522,13.758,0
80.328,120.851,0.448,899.531,3.122,919.604,16.795,13.639,0
72.25,86.025,0.411,920.066,3.196,965.347,17.982,9.443,0
70.034,95.295,0.487,896.031,3.066,976.024,13.37,12.227,0
78.319,115.328,0.39,897.879,2.912,983.075,17.907,11.411,0
73.726,151.195,0.404,759.302,3.375,976.643,19.268,11.004,0
63.799,140.144,0.478,817.708,2.865,945.762,16.626,11.644,0
64.85,119.412,0.429,725.612,3.351,952.026,18.066,8.526,0
80.271,96.984,0.422,905.138,3.19,985.835,21.668,12.557,0
79.725,128.24,0.4,870.182,3.132,971.071,17.465,11.312,0
89.207,105.678,0.399,994.009,3.562,924.974,11.385,16.164,0
75.255,141.629,0.538,911.496,2.823,974.992,19.075,13.973,0
95.236,109.488,0.536,817.738,3.488,949.325,14.313,11.516,0
70.093,118.448,0.432,870.592,3.154,936.676,14.946,7.778,0
73.921,126.415,0.481,907.518,3.378,984.945,19.561,15.679,0
72.579,114.344,0.41,1020.446,2.892,939.462,13.489,12.184,0
75.315,135.349,0.469,784.27,3.329,953.863,18.232,15.508,0
93.064,127.562,0.454,951.794,3.285,959.46,15.662,14.154,0
78.831,118.55,0.373,869.841,3.44,948.67,16.622,8.96,0
63.48,131.248,0.496,872.897,2.9,958.192,19.642,16.615,0
94.631,124.163,0.567,1268.18,2.997,902.193,68.127,27.704,1
74.963,120.957,0.467,775.449,3.204,916.411,23.375,11.148,0
75.647,145.073,0.488,871.606,3.468,973.668,18.132,17.195,0
81.824,128.182,0.458,773.454,3.55,972.347,14.843,14.278,0
75.549,135.012,0.398,747.697,3.22,949.169,18.579,8.619,0
73.921,120.564,0.442,805.315,3.074,958.833,15.419,12.576,0
67.255,161.76,0.468,804.209,3.119,928.473,14.894,8.639,0
63.938,111.776,0.367,895.509,3.217,954.965,21.134,14.205,0
71.721,154.615,0.48,837.427,3.026,942.309,11.757,7.608,0
81.924,122.181,0.497,805.327,3.553,898.542,15.726,11.224,0
69.078,128.233,0.548,762.572,3.164,985.921,21.75,16.248,0
87.595,121.121,0.413,857.032,2.983,946.05,15.317,15.448,0
70.916,108.216,0.453,859.827,3.137,962.156,18.269,15.915,0
81.329,120.361,0.496,848.144,3.488,945.016,25.644,9.714,0
65.116,115.818,0.356,729.867,3.228,956.412,13.64,11.42,0
80.266,111.629,0.442,840.489,3.083,948.487,19.71,5.624,0
68.001,126.731,0.393,894.242,3.268,980.037,15.265,11.485,0
69.504,106.572,0.502,930.944,3.585,990.834,16.436,11.225,0
79.658,127.762,0.488,842.164,2.746,963.128,18.033,9.121,0
73.455,109.816,0.496,810.182,3.403,966.18,19.769,11.278,0
62.252,132.033,0.488,742.547,3.074,931.324,17.334,16.511,0
64.033,107.28,0.518,841.671,3.067,905.39,14.877,11.055,0
79.358,104.879,0.39,762.819,2.927,1000.729,18.335,12.973,0
71.238,145.425,0.425,791.673,2.995,952.449,23.324,12.253,0
78.257,120.954,0.45,851.936,3.436,992.186,20.731,16.701,0
76.898,132.464,0.446,732.685,3.412,954.09,17.161,11.687,0
69.877,128.03,0.49,945.177,3.455,975.273,18.142,9.07,0
73.056,99.855,0.391,835.086,3.018,952.316,17.731,17.623,0
85.948,157.571,0.456,958.741,3.286,950.057,22.016,10.388,0
58.358,125.995,0.365,910.778,3.228,943.245,20.181,6.894,0
82.167,119.293,0.411,962.459,3.258,928.487,16.673,10.943,0
87.839,127.206,0.451,955.998,3.383,953.6,16.714,13.426,0
72.595,129.9,0.483,825.303,3.093,954.321,17.387,11.383,0
68.685,122.852,0.455,720.018,3.307,943.018,13.404,15.519,0
74.777,107.718,0.389,684.649,3.08,967.939,18.399,13.992,0
78.422,147.932,0.446,831.403,3.241,915.646,21.077,11.987,0
62.137,120.915,0.383,1025.395,3.499,977.85,24.171,12.308,0
72.934,144.819,0.431,824.314,3.484,954.372,20.304,7.989,0
76.387,135.821,0.487,797.347,3.386,924.402,18.879,12.925,0
65.636,116.08,0.441,835.823,3.422,976.341,22.482,9.976,0
87.632,120.204,0.348,859.063,3.227,924.849,18.584,11.669,0
76.9,116.755,0.351,773.564,3.22,1003.358,18.646,9.954,0
69.877,146.195,0.576,716.327,3.35,936.641,19.742,12.931,0
80.571,124.796,0.484,756.085,3.425,984.964,15.933,8.533,0
84.819,122.935,0.487,957.522,2.846,970.619,18.949,7.642,0
79.596,110.943,0.438,774.874,3.05,944.853,18.849,7.52,0
79.119,110.24,0.403,620.246,3.334,967.116,20.254,14.293,0
70.574,117.377,0.42,829.713,3.239,964.869,16.719,5.752,0
87.44,124.649,0.466,915.247,2.97,922.324,17.159,10.66,0
80.513,133.308,0.491,822.971,3.113,944.737,18.226,13.744,0
72.947,132.434,0.431,914.457,3.235,948.265,16.742,10.872,0
79.803,117.635,0.479,672.663,3.494,890.593,14.898,11.112,0
72.819,138.835,0.418,967.422,3.289,950.333,15.861,16.868,0
97.367,130.299,0.435,809.701,3.253,948.385,18.892,15.916,0
71.734,105.853,0.552,757.62,3.092,898.129,19.299,12.44,0
71.213,102.616,0.474,783.618,2.887,952.25,16.022,15.35,0
76.762,109.884,0.511,840.666,3.322,963.097,16.806,10.875,0
68.687,97.41,0.539,860.859,3.463,973.019,17.194,2.65,0
71.163,102.313,0.426,934.687,3.262,960.865,11.118,8.954,0
68.082,137.577,0.461,993.102,3.139,909.772,17.383,7.959,0
80.114,129.537,0.454,901.487,2.932,961.737,15.433,11.935,0
71.738,110.477,0.576,856.635,2.988,930.556,21.662,14.196,0
73.581,132.476,0.484,959.267,3.158,941.387,14.758,14.576,0
108.205,227.678,0.681,2054.938,3.036,1011.441,36.818,32.338,1
73.731,139.723,0.442,1009.528,3.475,951.594,16.893,8.468,0
76.984,142.097,0.405,773.079,3.032,958.739,19.044,15.166,0
79.202,113.117,0.406,790.059,3.039,942.417,16.514,12.494,0
64.724,138.921,0.395,732.083,3.234,937.243,9.972,11.825,0
66.935,143.426,0.476,945.494,3.246,941.492,17.008,19.661,0
64.923,127.392,0.563,901.937,2.929,964.94,17.47,13.901,0
68.456,142.562,0.465,923.89,3.282,901.514,14.922,17.086,0
77.707,134.32,0.414,871.963,3.069,931.468,22.134,6.971,0
85.646,134.832,0.543,863.951,2.835,930.389,16.449,15.68,0
77.091,138.23,0.409,922.969,3.064,920.298,12.902,11.435,0
75.796,123.314,0.437,875.384,3.031,923.143,9.591,11.068,0
109.796,197.242,0.527,4035.018,3.388,967.974,35.863,23.074,1
74.356,125.008,0.435,718.909,3.597,965.904,19.47,14.729,0
78.278,100.801,0.433,799.51,3.465,920.809,25.702,7.737,0
63.994,106.434,0.561,908.915,3.248,933.168,22.062,14.867,0
72.089,117.257,0.38,869.725,3.018,924.246,21.619,12.911,0
72.504,126.161,0.52,926.912,3.114,973.989,21.365,6.546,0
67.143,96.074,0.493,830.333,3.206,954.29,15.118,19.966,0
84.088,126.245,0.423,921.486,3.641,928.138,16.612,10.534,0
75.308,121.831,0.473,879.748,3.388,939.124,25.271,12.648,0
81.009,131.171,0.465,735.698,3.175,944.602,18.625,15.657,0
69.775,130.742,0.458,803.628,3.462,964.95,17.628,7.338,0
78.915,118.278,0.462,825.225,3.187,960.005,21.516,11.178,0
91.292,119.093,0.439,988.497,2.941,1006.739,13.67,8.108,0
72.007,116.862,0.481,920.157,3.195,953.179,16.272,11.102,0
73.055,132.723,0.485,931.624,3.145,964.107,19.176,13.937,0
70.526,132.039,0.382,930.513,3.237,962.971,18.987,15.397,0
69.724,138.198,0.473,775.096,3.28,979.971,21.357,15.724,0
73.349,123.96,0.498,719.961,2.985,951.991,23.313,11.764,0
82.528,127.768,0.485,881.801,3.039,969.212,20.646,10.533,0
65.315,134.732,0.5,882.893,3.475,966.442,19.568,6.423,0
77.619,133.867,0.421,907.226,3.72,940.123,11.87,9.481,0
81.669,109.52,0.412,761.084,3.316,963.66,18.853,11.884,0
78.176,114.145,0.495,732.045,3.124,914.869,18.392,12.082,0
85.402,102.659,0.465,952.205,2.964,929.556,26.301,19.816,0
75.794,132.416,0.411,762.917,3.24,972.156,13.079,12.57,0
86.052,116.537,0.493,832.592,3.121,995.814,16.027,7.94,0
73.63,124.88,0.424,885.852,3.141,952.487,15.699,14.244,0
77.972,139.831,0.423,707.515,3.232,907.9,9.665,15.951,0
70.119,130.592,0.622,804.994,3.162,896.907,17.734,14.3,0
74.673,124.486,0.441,797.561,3.157,947.514,20.051,13.601,0
68.157,120.996,0.38,848.615,3.458,945.28,19.739,11.661,0
70.942,93.573,0.492,879.511,3.29,995.146,16.596,16.313,0
67.137,111.001,0.45,1011.865,2.96,956.37,14.791,10.865,0
87.547,120.898,0.327,983.973,3.349,924.657,21.838,14.524,0
67.947,108.731,0.454,872.05,2.887,928.928,13.298,11.78,0
70.959,112.045,0.513,854.661,3.372,971.268,15.159,12.49,0
67.015,80.231,0.361,871.608,3.58,925.369,20.915,14.197,0
55.921,83.927,0.418,809.04,3.185,911.012,12.162,11.544,0
64.86,135.88,0.472,932.099,3.402,944.728,13.395,10.174,0
73.68,137.348,0.45,869.378,2.981,956.411,17.768,11.749,0
63.696,117.888,0.456,1026.043,3.31,897.677,23.136,8.244,0
86.585,105.355,0.442,879.778,3.205,952.355,26.43,8.579,0
86.848,145.109,0.511,677.384,3.051,944.332,16.124,13.077,0
85.807,127.992,0.463,877.691,3.464,935.459,15.532,9.38,0
64.594,123.596,0.484,879.669,3.148,943.019,16.495,14.769,0
75.036,125.625,0.422,782.637,3.148,970.289,16.083,11.561,0
63.448,114.742,0.466,969.619,3.164,942.505,18.318,14.487,0
61.724,124.793,0.39,919.607,3.505,936.225,22.911,15.545,0
74.387,123.408,0.45,695.096,3.131,967.954,22.3,15.761,0
78.404,101.092,0.377,798.247,3.436,932.27,20.874,12.042,0
75.433,109.838,0.448,760.067,3.178,954.696,15.485,10.92,0
66.428,145.421,0.406,764.364,3.096,959.638,17.676,6.237,0
49.542,139.527,0.43,778.474,3.161,943.33,27.353,9.257,0
80.743,119.638,0.424,999.806,3.234,959.836,22.211,7.979,0
76.412,136.201,0.38,832.555,3.345,952.03,16.689,12.208,0
81.779,82.543,0.404,803.077,3.618,962.072,18.199,9.544,0
75.93,113.382,0.437,777.904,3.477,927.904,8.411,15.356,0
87.146,111.317,0.45,990.318,3.422,994.518,22.225,11.503,0
78.837,133.913,0.506,723.038,3.297,968.688,14.14,17.045,0
70.827,123.869,0.481,952.63,3.231,955.806,21.459,12.335,0
83.859,120.923,0.456,886.567,3.063,1005.803,18.232,15.457,0
71.781,114.567,0.454,871.245,2.933,909.948,19.444,18.439,0
70.712,124.399,0.467,886.689,3.467,924.8,20.138,14.385,0
65.55,126.635,0.448,980.426,3.364,957.93,25.991,15.596,0
82.287,166.86,0.535,3620.644,3.196,977.643,32.69,30.799,1
83.281,112.649,0.535,889.054,3.596,949.646,14.46,13.65,0
63.571,108.433,0.405,902.048,3.179,993.728,22.352,13.142,0
66.184,96.558,0.495,963.991,3.033,980.759,17.479,9.1,0
81.933,111.194,0.439,886.004,2.886,952.443,11.142,8.972,0
78.864,120.745,0.504,741.126,2.917,938.875,16.268,8.827,0
90.78,101.202,0.448,889.301,3.581,931.252,20.494,10.282,0
85.535,134.755,0.452,727.17,3.55,968.205,11.692,9.09,0
74.182,131.06,0.426,926.063,3.047,980.364,17.378,10.82,0
78.757,113.751,0.462,878.453,3.362,937.701,16.623,14.705,0
91.242,123.563,0.398,919.811,3.334,940.271,15.986,5.684,0
71.374,145.888,0.571,899.228,3.257,992.983,17.231,11.272,0
109.097,155.019,0.627,2653.027,2.864,969.126,22.599,25.07,1
111.347,210.4,0.645,2470.493,2.51,1011.248,50.594,28.772,1
84.179,132.004,0.41,795.247,2.934,941.399,16.199,9.026,0
60.965,102.097,0.438,950.64,3.109,915.308,22.393,10.982,0
67.939,123.756,0.432,702.429,3.087,972.157,20.752,8.464,0
78.52,96.519,0.36,928.301,3.318,972.374,28.245,13.49,0
86.361,127.432,0.467,795.739,3.021,984.725,13.446,10.686,0
69.538,111.706,0.482,787.027,3.211,894.471,16.917,12.447,0
82.213,112.449,0.431,718.669,3.492,925.093,16.165,13.246,0
73.711,101.983,0.378,800.696,3.264,916.523,20.821,17.463,0
82.624,125.005,0.328,878.276,3.426,926.54,20.324,9.507,0
68.139,103.577,0.445,859.56,3.314,957.172,20.037,13.171,0
57.833,133.424,0.574,930.24,3.303,945.375,17.391,14.494,0
85.723,114.596,0.472,870.244,3.187,944.603,21.434,14.164,0
66.07,111.38,0.483,887.035,3.122,941.487,15.69,9.815,0
75.907,111.061,0.519,1030.462,3.238,978.51,18.743,4.971,0
56.515,137.644,0.425,808.598,3.319,924.628,18.942,12.75,0
63.635,145.817,0.358,1012.33,2.993,964.803,20.436,12.21,0
85.376,127.147,0.534,808.994,3.558,989.235,9.303,5.874,0
85.739,127.229,0.451,825.255,3.216,970.747,14.977,13.845,0
82.486,113.822,0.465,828.036,2.995,962.798,18.029,11.949,0
71.651,103.234,0.45,886.223,3.178,939.058,13.638,9.792,0
94.587,121.958,0.492,873.895,3.31,962.658,26.592,9.812,0
73.803,127.94,0.484,895.29,3.251,958.394,16.653,15.085,0
73.758,121.734,0.447,852.997,2.952,973.689,17.828,10.625,0
78.38,91.768,0.527,823.703,2.841,905.692,13.459,12.007,0
75.452,106.385,0.45,908.088,3.059,976.9,19.494,11.701,0
78.005,126.135,0.423,1020.39,3.404,939.411,20.036,5.425,0
80.328,98.346,0.294,849.194,3.172,991.28,11.224,15.374,0
80.235,111.74,0.399,903.951,3.168,971.624,21.5,8.863,0
85.315,113.827,0.484,915.349,3.408,983.082,17.015,15.443,0
72.183,110.975,0.412,977.754,3.093,976.74,21.879,15.789,0
76.887,117.884,0.471,847.16,3.278,958.755,18.925,9.803,0
88.234,125.797,0.467,850.849,3.202,939.292,20.876,9.688,0
69.679,123.31,0.445,901.967,3.304,951.795,17.411,13.774,0
73.579,115.751,0.437,800.075,3.609,942.283,14.924,13.931,0
79.963,119.741,0.465,712.92,3.505,914.238,18.592,14.256,0
62.372,99.926,0.406,810.609,3.213,889.383,15.796,14.092,0
81.964,147.369,0.325,897.923,3.076,962.174,20.452,13.258,0
58.819,122.29,0.477,731.936,3.297,934.529,17.816,10.644,0
74.457,112.131,0.461,779.376,3.178,936.341,14.219,15.445,0
63.696,105.493,0.36,961.62,3.129,945.621,19.239,13.021,0
79.469,121.568,0.322,922.279,3.034,921.588,20.213,13.104,0
77.289,105.987,0.477,956.379,3.315,946.576,15.193,9.391,0
74.399,125.151,0.315,904.841,3.486,932.725,21.207,8.001,0
66.749,113.82,0.441,744.278,3.087,968.668,21.203,9.071,0
81.995,112.988,0.416,1000.711,3.635,970.203,19.803,8.111,0
102.005,257.284,0.601,1950.904,2.932,1043.054,50.388,44.557,1
73.601,119.128,0.452,822.062,3.157,960.643,21.666,13.269,0
80.763,115.854,0.402,756.581,3.297,936.671,14.344,13.093,0
70.899,126.52,0.341,803.837,3.463,995.753,16.729,5.252,0
88.753,113.805,0.364,864.304,3.21,972.874,13.229,16.895,0
70.446,117.095,0.447,855.262,2.836,943.078,19.227,14.581,0
74.091,113.183,0.432,891.323,3.158,943.617,20.355,8.061,0
72.496,112.799,0.398,792.794,3.075,967.065,17.62,11.568,0
118.913,238.806,0.515,2018.742,2.984,989.583,56.623,27.067,1
70.932,128.443,0.499,792.681,2.831,932.567,20.805,9.847,0
76.753,119.055,0.455,902.192,3.34,932.76,16.536,10.591,0
78.648,108.36,0.534,724.141,2.988,947.099,16.918,17.331,0
60.636,132.569,0.441,823.07,3.307,919.19,11.194,12.475,0
85.445,109.012,0.399,850.978,3.055,915.223,21.656,11.56,0
69.534,107.712,0.358,706.656,3.251,937.435,16.214,13.886,0
85.341,121.25,0.423,994.136,3.279,956.883,15.158,14.041,0
73.182,136.136,0.408,852.869,3.331,898.371,14.276,13.102,0
85.394,103.328,0.325,880.117,3.262,936.178,19.348,16.817,0
83.162,95.76,0.36,838.506,3.177,994.843,20.005,15.611,0
90.957,104.662,0.452,773.581,3.272,911.954,19.477,10.615,0
71.981,108.263,0.405,882.476,3.346,976.077,13.363,8.264,0
68.846,114.4,0.408,720.99,3.339,928.505,16.994,10.824,0
81.463,148.872,0.45,844.77,3.253,955.596,19.404,10.435,0
74.106,107.12,0.492,854.207,3.27,919.057,22.321,12.374,0
71.763,126.092,0.501,841.65,3.238,891.104,14.086,12.378,0
87.415,127.938,0.422,894.012,3.194,957.196,18.729,12.604,0
80.666,115.979,0.45,817.543,3.175,948.816,14.71,7.847,0
64.421,113.166,0.47,734.473,3.19,939.421,18.984,14.368,0
80.427,121.991,0.469,961.925,3.334,922.341,9.707,13.033,0
72.459,111.352,0.438,841.141,2.831,969.673,13.127,11.148,0
62.22,125.25,0.521,791.379,3.271,993.647,16.814,15.748,0
67.426,123.218,0.341,818.002,3.272,956.51,21.435,8.523,0
74.222,116.474,0.477,774.652,3.078,900.9,13.724,13.038,0
84.088,149.696,0.429,911.291,3.421,933.279,24.277,8.113,0
81.708,110.011,0.382,943.225,3.115,957.365,22.235,12.53,0
71.586,112.211,0.437,802.587,3.164,949.351,7.193,15.023,0
83.094,102.073,0.443,1023.395,3.289,959.835,25.376,10.704,0
88.782,118.787,0.459,891.162,3.324,967.441,17.458,9.745,0
73.08,97.564,0.372,889.808,3.129,966.07,19.28,17.143,0
83.689,116.707,0.425,813.035,3.3,930.344,16.269,14.242,0
75.623,105.248,0.505,758.63,3.614,935.526,18.83,11.663,0
77.426,147.729,0.486,905.262,3.39,919.38,21.912,6.796,0
70.076,120.624,0.438,830.185,3.177,971.771,21.41,11.283,0
68.188,122.984,0.52,822.632,2.918,977.074,15.941,14.32,0
85.886,99.059,0.422,772.308,2.651,955.384,16.188,9.642,0
76.634,104.72,0.453,755.556,3.233,934.987,19.682,6.779,0
86.771,115.05,0.418,823.377,3.207,928.714,25.317,19.285,0
62.436,100.85,0.34,883.974,3.433,931.48,17.059,8.197,0
76.513,112.997,0.418,873.518,3.389,945.876,11.16,12.198,0
81.984,98.593,0.527,909.421,3.323,968.656,9.925,8.291,0
80.027,115.302,0.475,757.743,3.415,995.685,14.124,13.241,0
62.151,94.847,0.364,839.661,3.496,946.946,13.231,12.776,0
75.003,121.633,0.376,866.411,3.592,933.102,18.062,4.634,0
96.017,165.594,0.547,3475.144,2.83,962.57,32.776,38.178,1
81.68,99.771,0.461,740.163,3.357,921.712,16.985,9.982,0
66.109,113.202,0.448,835.466,3.229,971.379,8.377,10.025,0
68.337,136.262,0.447,866.962,3.132,945.596,17.914,12.165,0
136.336,176.312,0.736,2054.184,2.933,1016.713,44.546,37.385,1
71.667,138.62,0.497,774.411,3.392,987.057,19.44,12.334,0
69.011,107.004,0.497,843.945,3.029,952.619,16.999,7.424,0
84.148,106.116,0.377,791.561,3.437,944.05,13.525,14.221,0
77.028,131.371,0.514,927.329,2.931,984.357,22.804,14.486,0
75.268,110.504,0.45,813.077,3.021,944.76,16.5,10.898,0
56.48,132.898,0.416,823.417,3.376,948.859,18.741,8.817,0
81.234,144.298,0.353,793.882,3.399,926.047,17.146,12.404,0
77.892,180.512,0.612,3637.83,3.072,968.835,15.811,21.97,1
94.358,123.815,0.401,832.57,3.163,950.998,16.528,8.839,0
73.763,97.668,0.44,926.183,3.04,907.802,17.538,12.228,0
61.87,125.217,0.319,791.182,3.378,957.783,21.254,13.391,0
67.352,117.541,0.447,731.288,3.223,941.128,16.521,13.062,0
76.982,101.71,0.46,778.023,3.054,903.207,15.327,13.546,0
82.766,128.675,0.406,789.744,3.476,974.413,19.308,14.012,0
82.753,131.114,0.458,833.012,2.903,946.335,16.443,10.964,0
76.131,118.113,0.479,900.006,3.098,908.761,22.887,11.287,0
79.564,120.825,0.413,867.663,3.186,926.546,10.027,14.061,0
75.539,117.449,0.572,852.804,3.379,954.417,17.791,13.051,0
77.255,124.368,0.451,773.113,2.583,984.921,17.483,10.946,0
79.792,117.241,0.501,799.318,3.198,968.701,20.252,12.187,0
71.038,112.053,0.409,929.804,3.431,900.302,18.651,16.309,0
58.294,93.429,0.385,878.611,3.25,931.589,15.156,5.598,0
78.683,152.785,0.446,1084.834,3.102,971.707,18.117,13.645,0
83.63,104.457,0.408,827.925,3.313,966.838,15.511,8.508,0
80.567,98.729,0.43,816.243,3.368,957.885,12.779,4.759,0
83.527,115.498,0.544,868.051,3.256,939.34,16.545,11.977,0
73.223,121.861,0.571,775.758,3.192,952.293,12.757,9.664,0
75.632,119.526,0.424,844.464,3.29,982.232,15.839,12.037,0
76.892,133.941,0.45,987.94,2.931,973.563,24.0,12.402,0
67.745,141.515,0.446,843.822,3.074,951.275,23.992,7.386,0
76.445,93.234,0.492,753.584,3.29,977.574,17.535,12.367,0
76.171,132.195,0.466,914.312,3.05,950.364,23.227,15.163,0
84.447,88.855,0.531,717.33,3.264,946.994,11.693,10.817,0
82.204,107.363,0.402,754.534,3.156,931.369,16.476,12.717,0
86.739,112.858,0.537,770.816,3.044,957.924,25.349,10.985,0
60.447,98.883,0.435,768.093,3.145,958.581,20.609,8.627,0
89.865,128.287,0.544,961.281,3.289,928.043,19.182,10.469,0
72.909,98.965,0.388,689.471,3.051,935.525,22.152,19.606,0
63.818,93.997,0.443,771.031,3.209,961.907,19.696,12.806,0
70.894,118.756,0.427,1010.219,3.559,1002.66,16.2,9.047,0
70.178,114.694,0.479,795.299,2.979,936.359,20.572,12.896,0
75.124,110.293,0.535,781.017,3.035,981.968,15.227,14.209,0
65.828,98.992,0.352,947.032,2.811,945.979,15.757,11.854,0
86.668,151.05,0.471,774.29,3.04,955.998,16.897,10.08,0
91.456,103.027,0.455,772.471,3.43,937.985,12.86,9.075,0
73.998,113.995,0.414,1003.126,3.534,943.826,21.654,8.91,0
84.875,118.998,0.435,750.56,2.795,919.219,18.699,8.32,0
76.625,121.278,0.543,855.354,3.23,912.395,17.784,9.985,0
74.396,126.176,0.367,960.419,3.063,949.017,17.929,12.084,0
86.194,121.33,0.469,787.2,3.378,960.785,8.966,16.369,0
76.598,130.666,0.472,825.295,3.402,993.246,14.619,10.84,0
73.368,122.997,0.37,860.242,3.142,950.932,21.221,17.786,0
77.277,115.696,0.439,763.772,3.069,915.72,20.373,12.278,0
84.429,151.612,0.471,804.104,3.194,991.004,20.696,13.66,0
84.101,127.507,0.483,926.718,3.343,960.407,20.898,13.414,0
79.393,130.637,0.551,850.931,3.003,966.946,11.491,8.894,0
64.125,131.839,0.49,976.956,2.623,900.415,7.561,12.527,0
76.0,107.849,0.504,940.31,3.45,984.582,26.347,14.385,0
84.99,126.035,0.453,786.963,3.341,959.108,20.542,13.787,0
75.751,76.368,0.496,863.515,2.841,940.821,18.024,9.15,0
65.655,122.056,0.35,885.611,3.37,958.218,15.797,14.234,0
73.345,139.898,0.395,795.973,3.05,914.743,19.664,15.209,0
67.573,112.144,0.508,858.148,2.979,964.211,21.248,10.734,0
65.72,117.146,0.411,843.007,3.274,979.054,17.368,19.228,0
92.466,119.262,0.468,951.855,2.886,980.233,23.294,15.698,0
72.064,117.498,0.359,737.939,3.138,913.633,12.427,8.017,0
74.524,107.92,0.341,622.436,2.767,978.196,18.893,10.4,0
89.292,118.179,0.518,957.283,3.235,941.387,14.248,12.338,0
67.49,118.452,0.403,911.273,3.161,960.908,16.034,14.674,0
73.954,103.341,0.489,896.712,2.965,953.727,19.943,11.48,0
84.733,132.194,0.516,930.955,3.12,925.314,20.968,13.157,0
69.575,108.311,0.431,773.391,3.266,971.352,19.7,9.775,0
88.235,136.514,0.451,1004.46,3.047,970.767,27.275,9.517,0
78.169,83.795,0.494,826.049,2.99,970.12,20.512,10.252,0
73.397,122.294,0.413,944.919,2.991,965.718,17.737,17.748,0
82.994,114.856,0.48,811.745,3.418,978.266,14.275,10.92,0
80.055,129.793,0.434,889.723,3.198,981.513,17.619,11.915,0
88.627,123.598,0.468,906.553,2.932,946.87,18.336,10.476,0
70.897,120.562,0.505,916.155,2.978,961.275,14.059,8.989,0
71.163,121.037,0.47,846.086,2.999,934.77,17.417,9.708,0
79.254,117.085,0.482,860.387,2.91,883.135,20.789,10.335,0
69.408,119.888,0.457,711.281,2.918,1007.517,14.45,12.329,0
71.125,104.914,0.496,743.918,3.056,925.342,9.494,14.463,0
69.16,114.159,0.471,935.588,3.292,953.429,18.097,9.696,0
74.221,114.417,0.402,828.421,3.138,910.181,18.503,6.686,0
72.94,122.573,0.416,771.082,3.351,955.792,16.177,13.817,0
77.268,100.934,0.511,977.555,3.603,937.667,22.273,16.373,0
76.134,100.448,0.313,804.143,3.102,955.636,20.651,3.493,0
97.192,102.576,0.379,800.73,2.979,934.719,19.774,16.612,0
71.144,118.069,0.516,842.772,3.071,944.036,14.223,15.535,0
95.858,204.729,0.482,3660.189,3.104,936.559,24.497,29.17,1
65.299,145.291,0.486,849.803,3.209,953.936,25.96,6.465,0
92.707,133.769,0.425,758.704,2.569,968.775,21.556,15.496,0
107.373,166.258,0.701,3936.05,3.248,1007.784,23.117,31.921,1
71.534,135.1,0.455,851.287,3.286,943.696,17.005,13.52,0
69.186,118.263,0.478,1037.756,3.035,932.931,17.241,14.819,0
78.368,103.56,0.54,722.432,3.125,955.08,23.049,9.542,0
86.833,88.111,0.413,995.615,2.915,913.932,17.955,13.203,0
82.298,119.237,0.438,716.022,3.065,907.626,15.759,10.003,0
81.906,80.063,0.364,978.693,3.109,971.799,21.72,9.987,0
65.884,127.638,0.421,862.627,3.11,919.277,20.256,9.098,0
66.756,107.575,0.409,892.011,3.285,972.77,23.741,9.136,0
86.647,133.566,0.365,915.235,3.323,922.777,16.562,11.913,0
78.055,101.95,0.444,687.221,2.807,960.337,12.663,13.861,0
66.811,103.714,0.396,886.97,2.993,940.096,16.567,15.647,0
87.865,133.052,0.443,802.407,3.253,948.201,12.495,12.554,0
74.032,109.764,0.443,716.689,3.137,980.862,11.095,11.412,0
71.735,116.275,0.445,728.14,2.927,961.689,22.738,10.221,0
85.533,122.223,0.468,954.465,3.182,984.063,16.311,8.769,0
78.853,117.676,0.433,804.352,3.015,941.043,14.064,13.474,0
64.695,113.364,0.467,858.278,3.273,961.475,15.022,15.338,0
72.732,119.769,0.51,873.763,3.153,966.999,13.695,10.14,0
63.262,133.905,0.376,825.232,3.047,978.749,21.473,11.87,0
84.678,116.719,0.412,983.728,3.296,913.835,18.867,10.026,0
73.33,106.91,0.413,932.697,3.003,981.507,19.083,9.376,0
77.26,133.178,0.431,964.073,3.02,1025.114,16.679,10.559,0
67.381,113.01,0.389,792.424,3.05,934.738,23.473,10.996,0
69.231,110.436,0.46,890.076,3.26,918.462,15.234,18.222,0
75.853,101.309,0.43,1026.919,3.463,939.606,15.864,13.686,0
73.444,140.295,0.481,912.137,3.05,918.952,17.021,13.003,0
75.483,114.942,0.428,779.093,3.22,931.063,18.354,10.69,0
86.526,146.214,0.664,3793.134,2.791,964.861,29.928,25.141,1
80.022,120.042,0.423,740.083,2.911,961.204,16.893,11.355,0
71.29,108.811,0.414,801.78,3.081,933.014,18.389,11.752,0
75.222,97.564,0.462,832.702,3.143,932.653,17.691,8.495,0
82.714,134.546,0.45,823.465,3.708,950.926,21.34,11.65,0
74.074,112.01,0.438,791.06,3.307,888.653,23.795,15.105,0
75.395,122.245,0.455,750.855,3.551,919.18,31.653,18.79,0
69.41,144.261,0.509,853.545,3.264,926.441,17.64,13.497,0
75.959,125.463,0.405,779.324,3.201,983.994,20.945,14.523,0
74.703,153.401,0.365,1054.241,3.137,965.791,14.476,16.958,0
73.802,128.301,0.443,755.042,3.013,938.591,16.872,15.474,0
72.462,120.78,0.488,843.311,3.311,919.485,12.671,16.313,0
82.949,115.905,0.391,919.675,3.312,942.358,19.579,19.695,0
78.032,109.757,0.384,833.35,3.666,993.743,18.481,13.342,0
95.541,134.843,0.628,3038.548,2.956,990.976,26.15,34.257,1
77.116,134.361,0.446,836.861,2.827,967.823,22.536,8.55,0
74.98,119.675,0.442,844.572,3.316,971.242,15.147,17.568,0
64.29,129.431,0.529,755.832,3.383,966.796,16.541,9.217,0
74.775,126.937,0.498,656.773,3.163,926.589,16.767,11.736,0
76.543,104.144,0.48,807.682,3.327,969.695,18.907,11.135,0
92.28,144.512,0.41,837.827,3.288,979.12,17.865,17.815,0
84.339,117.11,0.461,1011.003,3.135,966.835,18.37,12.062,0
67.367,116.228,0.499,882.187,3.127,953.899,19.536,12.66,0
82.407,131.024,0.47,859.741,3.323,956.094,24.516,15.599,0
88.984,98.104,0.442,919.374,3.216,955.194,25.128,19.483,0
78.617,111.876,0.394,910.41,3.537,932.509,17.549,13.416,0
70.651,122.336,0.47,748.757,3.24,921.911,20.086,11.77,0
80.653,122.83,0.389,958.728,3.413,971.544,13.726,12.502,0
67.318,113.342,0.42,826.338,2.857,966.853,19.857,16.965,0
73.707,113.028,0.508,909.53,3.18,904.55,18.399,13.984,0
77.042,106.596,0.479,843.676,3.01,949.284,11.449,18.948,0
90.137,139.529,0.459,814.85,3.121,955.964,19.035,12.049,0
70.824,106.76,0.519,853.632,3.038,960.905,17.93,16.43,0
93.388,124.026,0.386,704.095,3.472,948.883,28.235,14.384,0
98.527,119.355,0.528,1160.906,2.761,838.155,89.399,23.564,1
80.661,122.075,0.513,698.199,3.34,936.112,13.52,15.737,0
77.429,110.806,0.432,746.274,3.372,929.306,17.317,12.486,0
83.605,111.442,0.407,911.269,3.255,951.872,13.72,14.869,0
69.236,135.459,0.441,874.392,2.877,933.925,19.418,4.763,0
80.767,139.068,0.466,908.795,3.194,939.928,25.244,10.59,0
61.181,101.537,0.481,752.249,3.302,896.515,20.278,11.131,0
68.15,143.261,0.401,919.868,3.407,917.314,16.55,18.399,0
61.455,105.595,0.463,869.085,2.898,937.01,17.41,11.384,0
74.689,104.228,0.47,764.616,3.231,948.397,17.122,11.159,0
71.876,119.719,0.315,766.72,3.413,930.278,22.436,7.039,0
70.781,112.476,0.37,756.743,3.355,969.86,21.578,17.634,0
72.887,142.32,0.367,880.895,2.984,939.795,18.723,11.467,0
68.273,109.937,0.486,810.954,3.174,998.037,17.014,12.498,0
71.391,123.862,0.522,915.541,3.374,960.741,22.718,15.464,0
90.384,120.916,0.513,742.477,3.353,956.459,19.62,10.125,0
57.088,129.493,0.451,939.693,3.366,946.705,11.901,11.744,0
109.866,155.661,0.542,1172.771,2.718,905.916,71.33,17.192,1
74.289,121.055,0.55,947.009,3.107,979.521,21.706,13.453,0
74.105,109.535,0.53,669.961,3.114,979.649,23.677,6.014,0
83.59,119.858,0.455,842.708,3.201,956.414,18.403,18.883,0
73.535,113.465,0.324,701.079,3.544,929.851,20.743,9.643,0
81.022,137.238,0.531,924.074,2.829,925.447,23.373,10.935,0
71.283,103.9,0.443,618.757,3.265,983.286,14.939,11.217,0
79.116,126.78,0.396,930.288,3.397,965.862,14.337,9.419,0
62.71,151.324,0.474,808.827,3.499,970.433,22.938,10.602,0
72.979,140.293,0.411,850.107,3.285,939.418,19.447,9.241,0
78.906,110.908,0.49,792.064,3.077,984.863,15.875,6.361,0
80.897,118.517,0.452,708.82,3.016,925.675,24.888,12.597,0
67.207,104.028,0.442,762.308,2.726,942.027,18.754,9.892,0
69.377,121.669,0.404,918.651,3.322,948.751,19.981,11.739,0
90.152,123.54,0.429,773.193,3.158,912.34,15.047,15.775,0
84.401,111.181,0.44,757.469,3.158,931.753,20.979,11.843,0
60.637,106.27,0.397,860.499,3.044,951.272,18.489,13.283,0
74.146,134.933,0.462,926.262,3.315,994.929,19.847,14.455,0
83.909,128.0,0.369,839.174,3.225,930.788,13.782,18.579,0
76.351,133.357,0.465,785.25,3.426,956.964,18.291,6.838,0
88.178,145.33,0.65,1061.91,3.091,838.38,80.354,28.734,1
86.971,89.292,0.441,815.347,3.249,938.985,21.804,10.89,0
69.526,114.504,0.463,865.785,3.219,952.219,23.423,8.886,0
54.182,111.584,0.425,897.458,3.078,964.847,16.335,16.033,0
70.389,157.971,0.479,873.535,2.922,958.51,22.248,10.25,0
82.7,137.751,0.498,907.938,3.269,993.236,23.144,15.611,0
70.834,132.916,0.389,852.346,3.512,956.501,24.6,15.271,0
83.853,119.48,0.499,740.97,3.116,943.846,20.344,11.443,0
65.619,120.861,0.488,887.862,2.934,957.384,16.272,9.455,0
72.309,118.841,0.391,929.389,3.295,956.149,16.504,12.379,0
88.233,116.217,0.429,790.426,3.008,945.579,16.974,11.119,0
67.577,132.893,0.495,821.11,3.089,949.151,15.853,13.426,0
72.288,106.493,0.398,870.813,3.403,982.102,17.499,8.035,0
87.396,117.243,0.432,951.51,3.266,922.597,17.892,10.636,0
74.479,131.67,0.4,748.769,3.223,921.911,22.408,12.983,0
72.948,121.723,0.438,728.649,3.043,993.884,19.715,6.894,0
73.371,131.176,0.389,687.009,3.146,966.83,21.151,13.044,0
69.609,112.023,0.453,785.04,2.98,952.076,15.574,12.567,0
71.705,129.828,0.454,700.154,3.182,955.898,21.936,13.232,0
81.993,109.286,0.395,885.963,3.382,984.916,16.703,6.299,0
92.141,102.461,0.444,809.578,3.46,915.165,16.29,13.723,0
66.687,110.238,0.419,868.892,3.156,1002.699,18.882,16.702,0
64.233,109.488,0.42,775.315,3.403,965.323,19.6,10.289,0
79.987,100.235,0.533,854.4,3.145,946.073,19.23,14.107,0
72.772,90.886,0.45,963.079,3.275,973.66,22.583,13.777,0
69.795,119.227,0.495,908.047,2.964,950.781,16.44,14.485,0
84.151,123.83,0.389,954.162,3.253,949.094,14.168,6.679,0
76.018,131.992,0.424,839.352,3.256,950.642,18.787,13.014,0
59.908,124.226,0.443,949.319,3.249,977.036,9.21,13.752,0
94.632,135.211,0.44,1188.109,2.688,894.691,93.14,18.22,1
72.084,122.531,0.393,654.739,3.098,956.396,12.584,14.631,0
66.346,117.611,0.466,870.798,3.28,912.454,8.559,16.417,0
68.848,106.745,0.361,804.409,3.522,987.012,16.731,10.971,0
78.321,130.22,0.435,870.42,2.993,873.166,12.551,9.646,0
69.02,129.057,0.46,1031.166,3.41,909.816,24.989,11.286,0
80.878,132.523,0.397,793.658,3.419,879.793,17.116,12.891,0
73.062,107.651,0.365,797.604,3.519,896.83,20.623,12.723,0
117.686,181.258,0.794,2206.704,2.869,1031.273,57.916,38.935,1
82.912,127.532,0.443,963.713,3.094,937.332,20.818,17.572,0
76.63,136.091,0.461,908.034,2.908,980.477,10.189,15.412,0
74.251,132.709,0.452,882.466,3.364,965.301,15.78,7.34,0
88.629,143.896,0.439,870.397,2.849,895.686,14.542,12.183,0
75.468,131.409,0.44,776.927,3.155,989.354,21.949,10.56,0
71.196,95.42,0.532,898.333,3.248,989.935,18.636,13.513,0
71.96,105.965,0.568,769.75,3.668,944.535,16.461,3.57,0
64.853,120.944,0.443,918.115,3.448,942.049,19.969,16.608,0
67.18,133.851,0.442,857.619,3.379,966.132,15.669,18.131,0
73.298,112.347,0.425,778.711,3.178,939.166,21.021,14.098,0
90.007,100.707,0.439,893.567,3.394,964.797,21.048,9.901,0
72.275,118.931,0.391,876.104,2.685,948.002,22.661,11.174,0
72.294,113.125,0.48,943.235,2.846,978.283,12.551,11.921,0
75.68,102.016,0.444,841.856,2.912,900.179,15.62,12.435,0
82.605,156.414,0.576,1123.041,3.142,896.892,58.388,25.049,1
65.657,131.562,0.444,828.622,3.537,961.854,17.246,13.334,0
72.01,86.568,0.54,948.434,2.944,933.099,18.712,12.505,0
82.067,139.075,0.48,878.818,3.273,971.566,12.578,9.403,0
65.627,121.043,0.416,945.332,3.735,969.502,18.664,6.76,0
60.799,94.842,0.413,750.074,3.245,990.259,16.153,11.086,0
81.983,139.486,0.588,817.329,3.27,942.944,18.311,14.136,0
78.239,114.934,0.49,768.385,3.3,935.193,12.774,12.666,0
77.756,129.3,0.407,835.921,3.124,914.677,21.266,10.808,0
71.414,97.557,0.464,905.991,3.305,934.381,18.365,7.232,0
73.189,146.536,0.493,812.892,2.972,937.605,18.015,14.291,0
72.186,112.665,0.384,799.751,3.591,934.101,21.656,13.209,0
76.867,105.426,0.469,873.876,3.232,990.633,17.857,13.146,0
76.924,113.825,0.391,826.081,3.175,966.162,19.129,16.483,0
71.091,117.372,0.459,727.281,3.371,941.056,14.151,12.283,0
55.502,130.213,0.375,799.2,3.142,917.776,15.995,18.999,0
63.327,112.175,0.413,690.082,3.229,951.12,18.834,13.25,0
67.133,132.681,0.482,792.645,2.997,955.756,17.984,12.528,0
85.764,112.442,0.408,794.204,3.263,947.554,23.008,11.852,0
75.688,143.121,0.437,995.835,3.702,956.477,15.676,9.969,0
71.879,112.8,0.38,861.252,3.068,947.956,25.642,11.538,0
77.615,141.231,0.463,700.019,3.378,919.088,12.654,9.084,0
69.876,137.478,0.453,742.83,3.225,980.702,12.441,10.921,0
72.401,118.799,0.45,709.892,2.764,981.003,18.791,11.507,0
75.676,93.775,0.452,783.997,3.187,929.761,18.608,14.973,0
76.329,145.584,0.414,706.237,3.102,955.77,10.288,16.416,0
73.265,125.68,0.461,879.473,2.908,902.122,14.939,12.961,0
73.083,115.882,0.437,904.418,3.649,1003.392,20.524,17.318,0
84.4,128.692,0.471,907.599,3.141,965.032,14.358,5.523,0
93.259,140.077,0.479,1136.283,2.741,915.294,77.548,24.56,1
68.451,144.261,0.427,742.791,3.136,925.863,20.178,10.105,0
89.394,197.776,0.623,3519.373,2.893,941.121,27.498,31.946,1
78.851,120.983,0.415,850.415,2.99,930.49,21.237,7.962,0
81.289,108.655,0.441,825.687,3.428,973.393,17.668,19.2,0
75.086,125.879,0.475,911.923,3.146,961.674,12.95,10.022,0
79.92,117.798,0.469,986.259,3.543,940.446,18.538,16.869,0
81.381,150.65,0.426,835.86,3.361,985.607,13.862,10.796,0
67.881,125.687,0.396,896.322,3.311,952.866,20.108,14.37,0
62.783,136.541,0.557,743.492,2.901,922.244,17.078,14.81,0
65.363,136.112,0.43,743.782,3.636,932.74,15.027,9.986,0
73.035,101.054,0.429,844.462,3.06,906.466,20.106,15.245,0
76.934,114.41,0.444,969.479,3.261,957.436,21.444,13.204,0
77.964,141.582,0.479,844.407,3.366,939.5,19.364,10.679,0
82.593,148.018,0.517,985.079,2.911,1004.393,19.426,15.34,0
80.108,118.133,0.555,892.166,3.063,893.307,21.475,9.62,0
86.476,142.57,0.446,885.851,3.135,965.371,19.906,10.548,0
125.289,244.794,0.662,1972.515,2.767,1067.782,49.612,36.532,1
65.56,96.97,0.477,779.028,3.167,923.304,20.096,5.84,0
67.631,109.118,0.418,840.81,3.421,900.987,12.841,14.584,0
83.137,105.93,0.393,817.345,3.309,950.085,10.538,12.485,0
84.37,137.985,0.381,688.975,2.791,935.526,14.001,11.287,0
68.7,119.265,0.433,879.213,3.04,970.819,19.207,7.469,0
91.025,105.414,0.485,1188.046,3.099,824.076,38.777,22.302,1
73.645,143.654,0.42,852.904,2.984,936.898,13.982,9.844,0
86.911,102.212,0.491,822.257,3.19,985.961,21.234,14.661,0
72.978,112.739,0.47,860.555,2.827,971.438,19.304,8.729,0
85.016,130.25,0.439,805.052,3.432,949.778,25.107,7.401,0
79.437,130.831,0.442,939.867,3.19,979.564,20.964,11.031,0
76.764,103.74,0.511,917.542,3.507,986.039,18.974,8.079,0
61.059,113.918,0.486,843.172,3.503,946.929,21.081,10.388,0
57.535,104.332,0.442,787.447,3.327,950.506,9.785,12.217,0
84.591,108.982,0.423,895.862,3.432,938.99,21.434,8.302,0
89.78,125.639,0.53,946.747,3.443,946.224,15.788,6.406,0
72.692,137.471,0.524,962.309,3.264,962.234,19.705,14.76,0
65.037,118.642,0.405,773.111,3.219,1003.993,19.17,15.177,0
77.031,104.202,0.511,924.728,3.117,897.892,18.08,15.52,0
90.392,117.947,0.415,911.27,3.093,962.666,20.751,11.587,0
78.436,139.859,0.406,804.784,3.007,932.806,16.207,12.102,0
66.543,108.623,0.403,856.901,2.934,918.469,15.296,9.866,0
63.693,94.14,0.461,670.047,3.424,930.307,7.88,14.05,0
68.455,111.162,0.446,918.531,2.821,967.426,23.418,13.997,0
101.287,108.682,0.523,1012.213,2.937,944.05,14.399,12.705,0
89.408,112.148,0.455,864.798,2.775,975.239,18.118,10.278,0
72.236,100.787,0.448,687.14,2.921,977.881,15.79,10.022,0
80.161,111.985,0.464,940.974,3.554,965.836,13.621,13.69,0
79.511,101.372,0.564,746.276,3.159,928.592,28.294,7.883,0
74.966,122.231,0.502,779.128,3.547,939.657,17.085,10.487,0
76.798,115.96,0.354,788.313,3.112,942.824,21.791,15.523,0
74.706,128.465,0.47,876.646,3.403,918.465,12.583,11.805,0
62.582,101.388,0.423,724.262,3.053,981.634,17.811,10.784,0
70.932,129.15,0.486,839.814,3.21,960.155,17.714,18.654,0
77.341,151.134,0.42,797.004,3.282,935.476,17.667,5.851,0
54.32,124.399,0.462,751.163,3.144,975.738,22.858,10.744,0
81.541,117.626,0.389,653.87,3.496,953.6,17.784,11.644,0
94.146,132.813,0.407,751.321,3.496,915.47,18.128,22.791,0
83.104,135.846,0.447,782.397,3.448,949.731,15.964,9.934,0
88.228,115.519,0.481,878.573,3.202,994.362,16.639,14.541,0
64.92,122.689,0.425,902.417,3.23,999.36,18.333,8.132,0
81.958,104.794,0.514,925.296,3.352,981.295,10.804,15.898,0
70.636,138.728,0.442,803.054,3.161,1002.729,22.982,8.959,0
79.455,121.799,0.495,1010.175,2.801,949.417,16.999,17.271,0
74.91,122.317,0.485,745.772,3.391,947.522,13.605,11.91,0
78.244,139.773,0.481,919.183,3.306,929.449,14.466,11.313,0
84.295,97.826,0.43,861.59,3.594,950.904,17.066,14.696,0
79.402,106.452,0.432,856.905,3.533,913.62,13.878,14.017,0
66.968,114.966,0.474,815.796,3.035,940.624,16.315,14.782,0
70.449,107.781,0.519,814.125,3.166,964.954,16.219,9.054,0
74.288,116.342,0.529,800.662,2.988,986.995,17.975,14.045,0
71.276,119.963,0.468,798.364,3.533,958.241,22.385,13.438,0
70.64,104.803,0.391,931.98,3.413,933.575,14.592,17.079,0
70.011,115.766,0.519,1004.177,3.532,932.309,15.074,14.614,0
69.532,119.289,0.468,778.451,3.333,957.168,17.119,15.335,0
76.263,127.756,0.386,917.245,3.307,957.956,14.3,12.777,0
83.084,97.393,0.488,818.162,3.045,970.865,24.61,11.318,0
73.282,121.78,0.526,744.106,3.369,985.229,17.988,9.009,0
69.783,116.772,0.544,945.664,3.2,978.095,25.984,17.954,0
81.214,135.235,0.516,906.979,3.539,918.697,14.227,11.309,0
82.268,125.165,0.498,811.798,2.936,932.702,12.389,10.344,0
87.005,113.29,0.432,977.577,3.324,957.728,17.93,14.596,0
70.025,104.73,0.461,774.309,3.117,912.496,14.711,10.45,0
73.172,110.48,0.472,791.353,3.085,962.453,12.305,13.712,0
77.357,115.729,0.504,794.771,3.353,954.953,18.503,13.561,0
82.684,111.849,0.433,797.218,3.199,940.598,14.756,14.5,0
65.117,121.85,0.417,876.461,3.383,987.168,19.607,10.311,0
63.013,86.385,0.388,913.871,3.536,946.346,12.872,12.271,0
69.002,110.506,0.464,813.414,3.297,991.987,19.111,11.801,0
69.571,101.337,0.446,810.274,3.194,946.978,28.319,10.419,0
70.407,97.215,0.527,892.925,3.448,898.928,21.597,12.611,0
64.836,128.054,0.475,798.756,3.167,1009.845,20.816,15.861,0
96.478,172.369,0.448,1013.159,2.855,831.169,84.087,20.548,1
82.41,108.462,0.468,789.527,3.265,920.676,21.15,15.991,0
85.768,129.672,0.462,800.984,3.156,910.952,13.885,12.496,0
68.059,117.153,0.464,823.492,3.359,939.799,12.533,12.412,0
80.424,115.67,0.422,941.029,3.31,918.937,10.204,9.588,0
63.044,116.157,0.43,787.703,3.187,960.571,20.326,13.552,0
80.847,129.397,0.473,850.783,3.203,956.103,12.875,14.072,0
82.017,126.546,0.4,857.618,3.224,924.584,16.012,10.068,0
87.67,106.667,0.424,829.514,2.842,903.409,13.731,18.078,0
76.067,106.367,0.312,815.485,3.645,967.181,18.807,10.331,0
67.882,136.045,0.45,644.505,3.129,948.864,24.895,13.348,0
73.092,133.533,0.47,776.886,3.228,903.7,16.684,13.82,0
70.245,116.31,0.417,748.092,3.803,938.812,15.581,13.576,0
90.511,119.56,0.486,782.847,3.061,941.733,14.003,13.905,0
75.284,122.206,0.411,809.37,3.201,976.905,15.844,18.227,0
86.104,117.252,0.449,899.788,3.153,956.62,15.416,16.094,0
69.975,113.624,0.471,1007.605,3.351,917.814,18.586,9.774,0
83.155,121.419,0.561,902.727,3.281,891.426,17.636,11.585,0
67.792,112.915,0.486,720.703,3.171,965.01,22.634,15.648,0
79.056,94.825,0.447,780.376,3.158,917.342,27.341,8.457,0
75.039,124.819,0.375,854.854,3.477,950.474,19.974,12.934,0
64.969,97.293,0.331,953.1,3.397,965.81,15.701,11.557,0
74.813,148.367,0.425,976.295,2.933,934.083,18.814,11.484,0
67.416,119.629,0.501,794.069,3.002,907.364,22.999,17.947,0
114.976,183.627,0.624,3862.968,3.499,992.204,28.039,33.78,1
79.944,114.018,0.529,961.632,2.871,947.577,17.433,10.954,0
75.738,124.569,0.425,791.691,3.265,953.613,12.553,8.942,0
82.756,115.503,0.388,830.094,3.423,939.747,22.239,12.185,0
81.273,136.989,0.504,868.165,3.105,984.575,17.007,12.054,0
79.396,95.764,0.493,808.032,3.537,940.407,17.334,14.075,0
59.685,105.203,0.428,795.247,3.223,952.806,28.04,8.596,0
65.935,115.208,0.44,817.245,3.026,938.875,20.442,6.86,0
89.808,89.116,0.37,850.277,3.295,911.796,12.489,15.892,0
65.847,113.404,0.359,801.395,3.57,980.17,19.604,10.262,0
65.856,123.307,0.369,814.603,3.043,925.001,20.191,14.112,0
76.768,135.899,0.432,751.586,2.751,888.978,16.255,11.097,0
70.267,119.574,0.339,822.896,3.315,942.142,21.167,10.362,0
82.018,135.067,0.419,704.856,3.239,934.201,17.128,12.049,0
88.744,170.283,0.717,3516.005,3.044,929.185,18.786,30.376,1
74.513,109.176,0.441,781.642,3.171,979.508,23.28,14.268,0
75.41,112.301,0.405,873.488,3.4,965.734,19.198,6.854,0
77.563,110.456,0.547,831.54,3.446,943.195,18.69,17.549,0
67.431,138.431,0.457,816.439,3.182,913.935,19.168,10.642,0
79.586,123.29,0.425,950.104,3.309,905.911,17.952,11.883,0
75.818,127.294,0.431,959.417,3.048,954.594,10.89,14.337,0
77.2,113.918,0.414,905.493,3.256,952.094,11.652,12.434,0
73.59,121.117,0.502,777.971,2.698,941.086,25.385,12.584,0
83.233,98.335,0.382,891.799,3.165,954.484,18.437,14.173,0
59.108,92.83,0.426,786.045,3.382,968.079,7.44,11.716,0
89.584,138.219,0.459,885.25,3.021,965.817,13.37,13.277,0
82.981,136.986,0.456,792.404,3.145,913.842,15.054,7.589,0
65.755,137.333,0.458,855.477,3.064,952.864,21.307,15.352,0
69.466,141.606,0.418,822.201,3.467,951.92,12.725,10.352,0
59.708,137.238,0.361,908.72,3.061,967.749,18.11,14.206,0
82.244,109.506,0.476,805.454,3.209,919.305,10.587,15.001,0
77.642,121.531,0.383,746.19,3.29,926.482,23.555,11.62,0
74.914,101.415,0.511,896.935,3.257,923.39,29.995,15.605,0
74.387,121.947,0.446,901.307,3.067,972.911,13.277,12.556,0
74.787,121.092,0.475,738.459,3.11,932.888,14.422,16.468,0
82.189,92.782,0.47,823.231,3.822,947.307,18.458,6.628,0
89.203,201.665,0.809,2467.033,2.945,1007.375,48.581,29.633,1
80.883,105.217,0.464,920.123,3.203,928.797,17.648,10.391,0
56.143,127.776,0.412,870.365,3.114,964.386,16.72,13.606,0
76.052,114.157,0.454,749.196,3.183,944.111,15.905,9.686,0
58.722,99.768,0.443,894.303,3.516,1005.056,15.106,19.923,0
67.848,95.968,0.474,893.585,3.142,970.406,20.604,12.833,0
88.99,119.267,0.38,788.392,3.365,938.054,17.959,13.627,0
80.229,115.869,0.472,823.96,3.116,917.089,11.78,13.613,0
76.413,113.779,0.419,857.116,3.191,946.326,9.907,15.413,0
57.53,85.761,0.424,759.095,3.193,913.916,16.964,15.351,0
70.269,128.266,0.425,769.548,3.235,941.689,13.314,9.519,0
76.886,124.899,0.481,848.638,3.101,929.99,16.721,13.323,0
75.171,111.3,0.256,679.937,3.14,963.591,16.957,12.677,0
75.96,142.967,0.465,779.145,3.11,993.142,20.3,12.862,0
106.588,193.177,0.655,1975.843,2.71,1017.478,25.438,43.851,1
67.282,143.102,0.462,940.204,3.436,925.548,12.569,13.68,0
73.97,111.654,0.396,728.731,3.487,991.68,20.007,10.919,0
73.497,111.667,0.43,772.076,3.223,953.542,16.116,9.69,0
64.537,108.61,0.4,826.475,3.111,921.029,13.404,16.834,0
76.417,104.68,0.506,770.296,3.436,958.773,20.507,19.617,0
65.595,125.155,0.526,841.093,3.106,960.963,11.002,12.165,0
62.977,131.049,0.341,887.303,2.986,930.153,20.593,15.59,0
60.344,124.23,0.47,907.003,3.144,941.222,16.215,16.098,0
82.828,115.346,0.398,951.107,2.948,961.991,15.268,16.301,0
71.163,94.026,0.542,874.343,3.126,917.202,14.907,15.05,0
87.257,105.691,0.492,861.149,3.157,954.01,19.644,3.848,0
85.452,111.008,0.467,841.14,3.067,902.454,20.515,11.722,0
67.099,126.262,0.396,907.666,2.991,892.552,19.159,8.404,0
68.444,114.423,0.467,892.873,3.118,977.868,16.536,13.687,0
74.75,116.756,0.466,796.786,3.496,898.151,20.843,8.926,0
68.667,108.682,0.492,880.011,3.241,916.39,19.314,4.204,0
85.663,160.064,0.468,1036.93,3.579,942.141,19.015,9.925,0
72.603,107.023,0.53,867.86,3.035,951.551,11.552,12.843,0
66.402,121.603,0.45,872.038,2.808,975.168,18.777,12.468,0
64.488,114.91,0.57,922.6,3.007,962.73,17.13,14.303,0
69.195,129.161,0.446,851.414,3.112,964.13,22.416,14.412,0
92.059,88.254,0.439,796.314,3.248,919.026,24.868,14.528,0
77.432,118.109,0.463,795.027,3.339,972.44,9.265,13.889,0
73.123,136.888,0.489,912.234,3.146,957.408,14.213,8.714,0
70.088,116.375,0.463,883.151,3.063,898.204,23.939,17.744,0
67.601,116.373,0.464,787.996,2.992,966.158,18.708,9.422,0
83.668,128.308,0.408,861.295,3.322,968.49,20.654,14.819,0
63.77,115.487,0.445,843.87,2.889,1008.398,18.307,12.464,0
61.497,99.697,0.493,868.239,2.945,1003.057,15.512,14.892,0
77.922,117.473,0.5,786.17,3.197,935.939,21.374,14.978,0
69.56,112.43,0.475,854.817,3.135,954.889,10.663,9.613,0
69.991,111.398,0.446,978.404,3.258,935.425,16.965,17.276,0
95.288,91.546,0.485,761.36,3.354,968.201,18.175,13.16,0
78.387,97.734,0.46,764.211,3.054,943.928,20.415,10.472,0
64.192,122.007,0.46,878.381,3.52,922.021,14.32,10.295,0
67.219,116.452,0.503,909.999,2.998,946.695,18.184,6.56,0
75.705,97.979,0.447,848.348,3.353,937.103,15.381,22.861,0
104.924,234.695,0.682,2009.974,2.938,1026.945,47.89,38.968,1
76.224,134.715,0.49,780.954,2.828,952.071,20.44,13.515,0
77.845,157.167,0.49,1056.741,2.959,990.043,25.785,17.5,0
74.421,120.175,0.499,888.766,3.129,934.926,24.33,10.867,0
123.46,199.591,0.823,2118.297,2.322,1002.149,63.334,47.262,1
76.237,104.742,0.378,843.112,3.359,949.621,14.007,13.129,0
68.112,103.981,0.441,843.719,3.102,943.938,14.523,12.839,0
71.196,132.175,0.605,886.864,3.451,944.061,22.847,14.156,0
77.186,104.011,0.398,906.48,3.173,938.488,10.56,13.716,0
79.342,76.701,0.457,851.383,3.269,981.824,21.15,14.996,0
76.694,128.034,0.505,716.982,3.399,897.578,19.194,10.896,0
80.922,95.986,0.431,837.505,3.373,943.544,19.842,10.472,0
72.872,95.697,0.383,890.639,3.252,933.473,12.87,13.176,0
75.006,129.679,0.542,854.498,3.145,922.686,20.046,14.85,0
72.736,114.88,0.517,830.207,3.7,960.016,20.762,8.246,0
86.169,89.937,0.435,914.272,3.117,964.715,14.609,12.004,0
77.024,97.402,0.433,893.507,3.333,947.45,10.873,9.965,0
67.955,106.994,0.469,661.595,3.011,961.11,15.637,12.724,0
69.141,87.626,0.421,893.712,3.123,944.118,15.635,12.272,0
72.084,119.883,0.469,790.145,2.938,967.925,23.79,8.306,0
74.459,118.848,0.433,790.783,3.447,936.642,18.152,8.802,0
68.479,96.124,0.401,917.075,3.169,949.913,12.043,15.56,0
87.465,126.685,0.51,974.794,2.652,955.557,17.991,14.73,0
76.939,121.734,0.479,900.94,3.417,958.74,22.322,10.331,0
71.354,84.126,0.456,917.686,3.356,961.039,13.438,14.856,0
85.139,106.756,0.501,782.997,3.549,970.864,16.876,10.434,0
86.624,144.142,0.443,843.86,3.251,1001.669,18.754,15.966,0
81.412,101.697,0.465,871.862,3.077,989.772,15.349,13.858,0
81.548,103.428,0.337,889.9,2.954,919.398,16.961,19.216,0
80.093,133.266,0.529,875.024,2.878,971.901,18.188,9.16,0
84.734,107.338,0.488,859.666,3.232,948.267,15.049,9.829,0
74.629,107.907,0.497,900.932,3.047,919.624,22.194,8.065,0
70.04,133.356,0.474,940.284,3.021,911.494,24.52,10.137,0
80.932,120.17,0.377,892.16,2.812,994.99,13.651,12.425,0
75.117,108.484,0.551,680.896,3.155,936.501,21.288,15.508,0
76.506,110.036,0.434,720.605,3.282,970.321,11.647,12.464,0
75.603,124.309,0.403,1062.038,3.393,963.948,18.955,9.037,0
67.775,132.192,0.446,825.819,3.287,932.803,21.541,16.586,0
58.5,139.391,0.472,837.827,3.288,895.487,22.724,11.955,0
85.895,127.634,0.353,828.254,3.289,976.713,14.06,15.929,0
72.459,129.409,0.493,887.288,3.197,945.342,18.345,15.633,0
83.975,125.112,0.408,873.794,3.363,984.871,19.449,15.618,0
85.527,133.011,0.423,790.094,3.363,947.915,19.121,16.729,0
75.605,150.305,0.503,885.977,3.028,968.367,20.669,5.727,0
76.145,104.945,0.522,929.345,3.407,981.27,15.697,11.691,0
67.686,142.576,0.406,830.239,3.286,957.619,15.124,9.921,0
70.197,108.655,0.443,831.148,3.218,956.253,17.431,10.092,0
70.797,110.833,0.476,824.882,2.908,990.743,12.149,13.603,0
77.406,122.771,0.462,879.866,3.53,939.113,20.193,12.953,0
66.514,106.957,0.43,903.3,3.388,939.522,10.084,13.402,0
80.954,108.774,0.455,866.521,3.037,923.819,16.218,11.221,0
75.951,110.288,0.427,762.247,3.452,958.357,19.992,12.737,0
72.825,119.03,0.521,871.843,3.397,956.881,11.206,10.921,0
67.727,122.415,0.422,963.444,3.145,963.941,20.641,9.273,0
77.779,105.514,0.415,805.443,3.196,976.966,15.919,13.162,0
74.284,113.554,0.465,889.242,3.962,952.915,18.124,16.844,0
76.663,138.604,0.441,915.12,3.204,977.503,16.194,16.805,0
73.271,107.781,0.4,915.161,2.865,947.638,10.861,11.538,0
67.452,101.816,0.447,687.28,3.196,983.145,23.661,15.287,0
71.778,131.28,0.449,880.063,3.23,946.479,16.728,11.995,0
73.004,126.591,0.471,1052.265,3.003,946.408,17.668,13.477,0
59.577,124.783,0.521,934.74,3.438,938.736,21.879,11.37,0
66.528,122.888,0.496,896.323,3.631,961.637,18.152,13.834,0
74.206,112.114,0.41,753.954,3.106,921.741,13.605,11.148,0
70.987,112.445,0.388,808.83,3.162,951.914,16.19,15.659,0
79.393,129.364,0.407,846.848,3.131,943.88,15.059,15.897,0
63.677,149.199,0.497,742.839,3.204,935.667,18.609,6.114,0
83.14,131.465,0.382,941.372,3.092,975.855,18.213,12.557,0
73.677,112.346,0.496,892.555,3.194,963.231,21.162,13.889,0
67.81,110.283,0.413,863.317,3.396,919.358,19.416,12.952,0
84.275,138.656,0.469,829.2,3.021,953.593,20.674,10.446,0
61.429,92.861,0.484,866.779,3.111,959.732,24.247,14.356,0
73.221,125.438,0.384,689.605,2.977,955.633,21.089,8.99,0
78.449,136.174,0.413,861.082,3.113,937.803,21.276,13.407,0
67.915,92.502,0.517,1013.778,2.749,1005.55,21.365,13.998,0
79.838,153.89,0.509,790.821,3.079,914.945,23.031,10.588,0
81.263,127.297,0.412,926.615,3.306,918.892,18.453,16.5,0
93.792,95.302,0.354,791.731,3.33,950.318,17.594,10.767,0
70.5,111.234,0.486,922.92,3.412,944.69,11.733,11.344,0
77.237,134.657,0.398,871.767,2.994,966.581,23.42,12.464,0
73.788,118.625,0.288,765.076,3.252,973.121,17.013,14.032,0
74.186,120.962,0.362,906.913,3.254,945.44,17.835,14.357,0
66.294,154.758,0.482,746.468,3.15,968.684,18.119,12.515,0
74.199,125.654,0.455,928.382,2.912,981.734,18.808,13.623,0
63.081,123.264,0.414,850.677,3.408,959.35,27.472,14.732,0
82.263,101.267,0.465,784.274,3.214,923.074,17.146,11.397,0
71.739,101.377,0.5,816.732,3.546,946.847,15.631,7.515,0
68.922,119.08,0.436,786.898,3.26,971.389,21.044,14.043,0
75.27,127.587,0.388,856.405,2.749,947.408,18.717,13.327,0
73.106,127.724,0.534,852.431,2.799,903.675,14.051,8.547,0
83.53,122.078,0.398,835.148,2.933,930.536,19.387,16.496,0
65.225,134.976,0.416,812.321,3.565,940.763,16.719,14.597,0
82.264,111.769,0.519,1045.767,3.312,892.417,18.346,11.346,0
61.798,110.057,0.406,864.423,2.824,975.161,22.15,9.414,0
78.203,130.045,0.383,763.817,3.423,926.302,17.979,5.281,0
76.127,155.776,0.568,1128.455,2.795,852.184,66.885,22.918,1
81.939,124.926,0.441,845.963,3.197,917.504,22.437,11.159,0
81.563,111.896,0.409,953.12,3.075,968.805,19.717,12.844,0
66.325,134.384,0.393,797.831,3.287,966.244,24.79,12.751,0
62.122,121.83,0.468,822.916,3.252,942.227,22.013,11.073,0
71.224,109.418,0.439,856.094,3.448,956.448,18.031,8.209,0
72.763,76.076,0.423,770.998,3.069,981.963,25.183,10.375,0
83.958,129.468,0.479,772.072,3.367,960.056,16.329,13.023,0
61.97,121.029,0.388,916.912,3.137,990.86,17.908,14.216,0
77.673,131.756,0.507,895.854,2.804,974.881,24.558,11.932,0
70.851,143.423,0.456,900.379,3.346,945.886,27.293,18.554,0
86.556,156.863,0.527,1215.916,2.928,848.018,50.861,27.591,1
74.95,121.99,0.417,839.734,2.88,924.733,21.621,10.178,0
71.964,106.1,0.505,952.921,3.243,945.811,20.447,12.566,0
93.133,115.326,0.608,803.848,3.161,937.852,20.291,11.821,0
58.732,152.986,0.49,986.639,2.973,947.963,20.438,13.15,0
63.755,127.215,0.357,745.862,3.056,966.874,18.758,17.859,0
81.342,116.754,0.518,882.682,3.085,937.426,17.873,10.328,0
63.347,115.789,0.419,874.042,3.107,911.769,15.553,16.973,0
70.508,92.177,0.43,892.35,3.045,904.747,18.049,9.465,0
79.929,105.29,0.394,806.437,2.987,980.212,28.002,13.933,0
73.194,129.248,0.435,945.699,3.14,898.015,15.876,13.678,0
65.523,120.216,0.447,846.691,3.099,937.961,14.829,15.449,0
85.949,137.275,0.409,760.732,3.257,970.035,10.968,15.064,0
62.864,100.29,0.521,1088.822,2.958,987.264,26.316,12.082,0
64.296,98.729,0.41,1085.381,3.204,934.304,16.333,10.738,0
84.371,132.741,0.542,869.271,3.407,971.734,17.989,13.493,0
72.554,108.459,0.456,711.948,3.348,953.684,18.536,8.203,0
78.723,107.204,0.406,866.073,2.742,972.321,22.042,12.467,0
71.823,101.845,0.367,915.633,3.072,940.613,13.956,17.123,0
81.933,141.671,0.387,903.682,3.264,949.532,18.466,11.594,0
71.379,136.511,0.377,753.498,3.173,972.526,13.59,10.35,0
65.826,84.72,0.485,740.712,2.915,940.248,22.228,8.589,0
104.316,99.064,0.509,1017.534,3.001,923.446,11.077,10.436,0
81.985,119.97,0.482,778.501,3.058,971.921,19.146,11.06,0
68.282,136.296,0.432,931.851,2.802,974.371,20.747,13.15,0
70.249,129.103,0.429,923.063,3.299,976.192,14.243,12.675,0
68.696,106.003,0.433,826.321,3.308,948.51,17.586,11.432,0
75.146,123.416,0.471,1018.498,3.355,930.473,16.497,8.046,0
67.875,122.494,0.414,841.138,3.275,943.728,18.872,13.888,0
73.709,118.743,0.577,845.57,3.713,900.986,20.901,15.368,0
66.114,152.165,0.42,800.39,3.071,929.268,14.557,14.264,0
63.595,90.148,0.472,722.424,3.182,941.152,17.673,12.735,0
71.077,117.342,0.466,887.845,3.442,932.541,23.174,16.863,0
72.276,126.32,0.474,789.674,3.363,961.113,16.355,10.335,0
80.532,112.344,0.535,820.501,3.293,961.928,13.909,10.661,0
78.679,88.793,0.355,871.865,3.149,955.091,23.601,12.786,0
82.316,125.722,0.557,866.061,3.173,970.51,22.319,10.237,0
73.597,106.258,0.304,755.862,3.212,984.588,10.561,11.127,0
78.755,121.931,0.553,837.895,2.689,985.41,19.138,12.868,0
77.379,109.521,0.439,813.25,3.189,964.639,16.73,12.189,0
72.768,121.858,0.408,820.094,3.131,941.519,4.116,13.176,0
73.304,110.091,0.454,925.135,3.25,980.515,23.196,7.885,0
69.178,112.251,0.478,849.673,3.116,969.897,17.474,12.618,0
63.599,133.731,0.537,773.198,3.131,957.978,15.642,7.54,0
96.236,128.284,0.444,833.833,3.251,934.648,20.149,14.485,0
79.058,109.64,0.433,905.021,3.17,944.601,17.609,7.518,0
87.199,117.655,0.347,657.089,2.856,913.38,13.428,10.454,0
75.595,110.453,0.582,818.758,3.122,920.687,20.5,14.881,0
71.706,117.845,0.452,817.898,2.71,956.467,13.875,5.209,0
76.066,112.647,0.388,772.382,3.065,926.002,15.261,14.611,0
75.103,119.181,0.459,981.491,3.082,965.785,17.982,11.953,0
68.378,129.525,0.418,778.436,3.408,948.896,12.547,13.227,0
70.843,129.601,0.445,1002.059,3.417,969.057,16.879,18.562,0
78.227,131.18,0.389,848.029,3.038,914.307,14.338,12.98,0
75.158,110.165,0.475,934.358,3.099,974.655,16.193,12.677,0
76.719,100.189,0.474,893.865,3.088,1005.191,13.337,18.003,0
83.133,123.028,0.437,923.954,3.193,954.619,19.882,7.229,0
69.743,139.854,0.485,745.381,3.354,982.241,18.086,14.079,0
73.683,100.906,0.395,898.119,3.474,906.521,24.873,16.538,0
61.308,118.292,0.482,899.664,3.459,911.721,18.72,14.348,0
75.62,115.007,0.394,910.812,3.153,918.951,13.975,12.73,0
59.98,124.226,0.474,752.414,3.165,899.944,18.767,13.085,0
91.005,109.077,0.549,956.398,3.162,936.348,16.612,14.912,0
74.803,91.238,0.406,827.392,2.682,956.37,25.812,13.811,0
72.853,140.245,0.354,895.505,3.328,967.285,18.263,12.256,0
76.171,134.398,0.476,738.777,3.533,933.879,17.677,14.011,0
71.55,113.746,0.46,938.999,3.003,954.684,18.707,13.706,0
68.59,113.78,0.417,942.294,3.273,988.214,21.163,11.374,0
80.732,115.418,0.524,950.639,3.285,954.891,21.488,8.843,0
66.433,119.653,0.461,814.693,3.015,991.447,15.825,12.667,0
80.153,140.939,0.484,845.835,3.324,958.917,19.243,9.211,0
97.179,198.076,0.574,1084.955,2.921,931.711,80.868,22.293,1
57.118,123.331,0.458,820.705,3.296,888.727,13.144,12.729,0
58.091,131.547,0.381,738.557,3.158,975.899,13.374,10.851,0
70.884,122.454,0.405,898.5,3.361,975.967,12.87,20.365,0
79.393,147.084,0.455,879.028,2.892,932.518,21.64,4.812,0
68.741,130.441,0.334,816.064,3.07,956.696,16.997,17.671,0
83.159,122.703,0.345,970.841,3.425,929.597,17.427,14.729,0
75.769,132.768,0.447,919.355,3.189,971.661,17.479,10.544,0
114.641,160.891,0.602,3487.624,3.009,962.547,33.623,34.879,1
75.522,123.416,0.578,719.152,3.32,969.455,21.993,11.498,0
79.467,118.671,0.351,730.735,3.37,950.555,6.766,6.553,0
83.164,132.606,0.476,889.071,3.377,930.91,15.209,11.281,0
68.431,119.946,0.501,946.055,3.004,986.038,15.598,12.51,0
83.808,116.998,0.383,893.538,3.457,959.818,22.935,10.194,0
75.033,124.121,0.52,904.643,2.934,903.082,13.393,11.385,0
68.942,118.271,0.419,826.983,3.036,920.523,19.91,15.108,0
110.394,186.636,0.651,2185.132,2.989,997.361,54.748,32.197,1
69.745,131.564,0.548,835.168,3.201,931.893,21.483,11.389,0
73.045,149.392,0.413,938.005,3.01,923.69,16.434,11.573,0
86.34,130.126,0.412,876.974,3.239,943.291,14.603,9.376,0
70.752,110.247,0.429,885.518,3.159,977.723,19.556,12.309,0
62.618,117.02,0.529,846.806,3.345,980.645,21.34,15.753,0
86.411,115.161,0.54,876.225,3.253,948.265,12.973,11.352,0
79.222,131.078,0.462,873.391,3.214,967.08,15.466,13.639,0
77.066,135.954,0.432,842.718,3.388,914.942,19.834,13.736,0
72.131,108.87,0.437,931.934,2.888,957.034,16.179,13.004,0
73.365,142.664,0.423,822.212,3.222,949.687,16.507,16.267,0
65.837,117.052,0.417,828.462,3.232,910.413,21.111,14.125,0
59.924,141.075,0.5,837.27,3.362,945.503,20.535,13.701,0
70.109,105.124,0.451,913.182,3.505,933.093,18.234,8.865,0
82.061,123.08,0.432,981.097,3.659,945.901,15.255,13.887,0
77.606,111.541,0.486,962.289,3.102,952.489,19.374,12.746,0
82.025,121.87,0.429,767.053,3.047,899.901,18.005,12.576,0
73.871,143.307,0.458,968.108,3.225,923.428,18.767,12.773,0
79.341,143.479,0.432,933.037,3.528,968.76,14.772,12.408,0
85.934,114.192,0.421,885.632,3.308,949.272,13.215,14.313,0
68.851,113.629,0.491,718.378,3.445,966.799,11.649,3.841,0
81.073,129.573,0.427,933.79,2.841,924.121,20.196,8.663,0
74.747,133.69,0.442,760.067,2.99,963.488,15.938,9.316,0
81.705,106.977,0.461,859.374,3.084,979.069,16.925,13.292,0
93.747,120.045,0.39,815.951,3.005,931.788,14.237,11.146,0
79.197,131.775,0.521,893.821,3.102,962.689,20.65,6.961,0
72.9,109.501,0.368,848.39,2.96,943.452,22.912,14.083,0
62.453,103.996,0.524,735.007,3.458,950.827,22.285,10.364,0
65.197,115.78,0.454,843.669,3.032,899.458,19.752,11.696,0
80.238,108.353,0.451,829.273,3.062,954.529,16.673,11.087,0
83.608,127.962,0.4,811.007,3.117,947.418,14.218,8.276,0
77.854,117.274,0.426,972.816,3.735,972.579,15.364,11.816,0
87.064,149.264,0.473,862.308,3.395,952.408,15.455,7.718,0
92.071,101.968,0.454,853.148,3.184,1001.845,24.353,14.654,0
77.628,108.605,0.487,785.716,2.764,921.948,15.518,14.317,0
85.253,123.855,0.465,807.924,3.386,937.492,14.923,16.115,0
76.067,124.726,0.445,811.928,3.406,977.143,20.675,10.788,0
83.323,126.134,0.44,734.712,3.247,912.813,15.053,11.897,0
76.354,127.378,0.449,706.521,3.129,921.63,23.452,11.28,0
79.051,101.346,0.462,903.954,3.442,943.727,14.035,10.972,0
68.689,118.372,0.483,774.815,2.955,931.308,21.663,12.74,0
72.022,127.731,0.464,934.686,3.345,909.548,19.199,19.67,0
83.702,131.257,0.46,754.486,3.363,936.758,21.501,10.839,0
71.037,120.493,0.454,939.758,3.454,959.587,15.991,13.71,0
72.32,105.838,0.322,696.425,3.206,958.755,13.293,12.894,0
66.144,98.985,0.45,813.949,3.073,924.519,20.224,8.887,0
102.395,209.126,0.584,3433.099,3.042,976.672,26.121,25.25,1
78.921,115.116,0.39,785.79,3.132,951.358,13.549,16.618,0
77.238,103.388,0.451,886.552,3.179,934.349,20.697,16.691,0
74.856,144.11,0.463,1011.931,3.28,906.675,14.38,10.454,0
74.342,82.064,0.351,824.017,3.125,942.85,22.313,7.529,0
76.4,163.935,0.43,780.747,3.456,1008.828,16.95,13.114,0
66.418,124.423,0.478,880.464,3.194,1005.497,19.212,9.146,0
91.213,116.324,0.46,725.562,3.059,959.625,21.587,13.929,0
82.683,98.014,0.52,702.785,3.401,921.971,9.353,11.701,0
76.758,120.515,0.403,891.994,3.042,953.804,19.741,10.719,0
83.762,157.284,0.515,935.028,3.085,1010.582,23.639,10.797,0
85.053,151.405,0.471,957.685,3.464,930.85,9.742,9.159,0
49.052,126.172,0.421,909.015,3.182,959.168,18.6,11.375,0
80.118,123.61,0.381,792.509,3.255,949.734,19.55,14.141,0
70.529,115.968,0.507,916.809,3.017,922.956,16.431,13.074,0
71.151,124.676,0.467,790.804,3.189,920.484,11.83,15.545,0
89.44,115.804,0.434,910.967,3.133,909.852,21.683,13.782,0
68.028,114.331,0.495,790.038,3.177,907.975,15.294,14.153,0
65.198,109.61,0.437,879.057,3.477,973.65,17.403,14.595,0
62.309,151.703,0.492,816.531,2.975,965.281,19.176,4.679,0
76.872,137.525,0.49,938.234,3.104,936.607,28.838,11.665,0
73.378,106.564,0.478,775.675,3.04,952.391,16.78,13.86,0
81.019,81.101,0.492,868.217,3.156,952.297,14.084,11.198,0
83.026,90.858,0.434,848.674,3.315,971.035,16.703,9.174,0
82.574,120.923,0.38,849.479,3.363,965.979,24.499,16.922,0
82.519,90.824,0.467,765.316,3.546,956.403,22.515,12.864,0
79.311,122.599,0.478,855.991,3.445,961.749,16.716,15.841,0
75.403,117.757,0.482,777.602,3.467,931.935,26.272,13.47,0
83.704,117.183,0.432,933.147,3.432,949.376,27.251,9.065,0
80.154,126.831,0.476,850.597,3.026,930.278,17.436,9.119,0
75.115,117.587,0.424,652.254,3.165,942.337,17.671,13.96,0
79.396,125.952,0.409,854.102,3.304,948.592,15.71,14.104,0
78.162,120.221,0.46,843.876,3.036,930.814,16.079,13.236,0
75.645,108.686,0.474,811.508,2.995,979.288,20.059,9.547,0
64.604,134.156,0.353,992.871,3.088,955.58,20.278,9.307,0
84.174,110.314,0.502,874.489,3.113,927.164,7.464,13.617,0
84.709,129.345,0.512,801.563,3.452,936.394,18.987,14.297,0
69.769,106.382,0.475,884.145,3.286,965.732,13.867,18.39,0
81.565,131.676,0.407,964.973,3.183,977.266,16.347,16.745,0
79.292,91.76,0.418,825.155,3.155,929.528,13.564,4.616,0
70.008,110.557,0.486,851.233,3.267,938.845,13.958,12.39,0
84.74,125.261,0.376,889.44,3.722,951.575,21.207,13.474,0
57.172,118.687,0.423,856.836,2.979,932.631,24.991,9.88,0
67.723,121.215,0.489,755.898,2.933,911.645,21.606,15.554,0
90.014,117.655,0.489,805.149,3.221,937.022,16.162,12.914,0
68.403,114.217,0.367,963.963,3.267,989.443,18.811,14.537,0
71.361,111.251,0.476,878.258,3.342,959.372,20.063,12.304,0
81.388,131.607,0.505,898.327,3.146,930.13,16.312,16.908,0
75.37,108.084,0.52,839.358,3.229,934.678,12.801,10.776,0
63.076,121.463,0.473,815.538,3.28,953.839,19.742,8.313,0
68.364,127.317,0.458,1070.44,3.2,941.703,14.94,13.855,0
75.923,113.841,0.513,829.93,3.459,946.95,13.8,6.73,0
62.628,100.311,0.467,805.192,2.924,944.887,17.579,14.066,0
77.946,119.353,0.47,951.045,3.346,933.092,23.991,13.347,0
70.297,107.757,0.447,864.231,3.139,929.671,13.567,5.467,0
80.61,133.24,0.324,981.659,3.303,947.385,22.64,15.543,0
71.937,134.309,0.356,761.831,3.126,938.254,15.577,14.338,0
85.802,154.016,0.48,959.709,2.536,944.833,59.186,20.036,1
72.82,133.438,0.372,791.239,3.461,942.717,15.974,15.078,0
79.521,111.469,0.467,748.798,3.044,977.152,23.892,9.384,0
67.917,109.07,0.471,903.431,3.109,976.884,22.093,12.142,0
75.271,127.088,0.418,830.253,3.302,938.763,22.257,11.085,0
125.98,198.593,0.774,1926.832,2.642,1006.59,49.059,40.79,1
67.435,125.667,0.524,711.853,3.03,951.867,18.043,9.577,0
74.619,135.63,0.425,831.719,3.157,935.197,23.552,7.673,0
77.598,130.857,0.554,741.846,3.061,938.421,19.853,9.252,0
78.754,127.439,0.448,834.524,3.201,951.691,14.007,13.228,0
68.881,123.315,0.501,667.108,3.219,928.873,17.991,14.163,0
75.73,100.101,0.474,776.168,3.418,930.886,21.499,13.746,0
82.173,129.414,0.526,774.201,2.778,932.715,14.032,9.624,0
67.931,146.091,0.37,680.484,3.039,970.409,19.62,6.843,0
69.256,113.736,0.46,870.112,3.118,933.33,13.502,17.225,0
72.992,131.39,0.445,874.858,3.169,933.868,25.19,9.581,0
81.593,127.211,0.477,730.638,3.354,899.561,19.995,14.812,0
73.685,122.722,0.421,820.408,3.245,946.886,23.79,20.175,0
70.555,144.45,0.481,735.169,3.576,932.788,21.307,12.522,0
85.892,139.957,0.498,866.538,3.254,949.045,24.826,10.078,0
81.596,96.405,0.465,1012.827,3.45,971.532,18.26,12.551,0
61.152,116.657,0.491,841.755,3.12,947.58,14.488,11.684,0
71.693,126.446,0.526,856.082,3.268,966.474,23.64,16.612,0
73.767,119.755,0.482,851.047,3.237,921.07,13.254,13.07,0
68.862,133.792,0.388,821.275,3.319,928.995,23.84,8.198,0
96.47,118.138,0.456,901.654,2.909,922.374,15.968,9.606,0
70.434,120.319,0.425,796.588,3.159,949.818,22.368,7.74,0
115.073,213.183,0.774,2161.891,2.623,1028.071,55.751,32.783,1
78.248,125.289,0.477,838.148,2.885,972.174,16.781,16.544,0
77.668,131.391,0.452,822.883,3.543,920.199,26.701,14.993,0
91.907,144.061,0.568,948.2,3.029,952.296,12.273,12.802,0
78.623,97.833,0.5,692.807,3.487,1013.416,13.104,15.402,0
77.245,128.433,0.455,822.518,3.195,958.524,11.988,11.367,0
58.114,108.79,0.485,809.339,3.173,1005.423,20.111,7.19,0
85.882,97.661,0.441,838.769,2.981,947.509,22.57,15.171,0
75.817,121.632,0.403,851.391,2.977,986.236,20.27,14.581,0
63.929,131.502,0.59,821.718,2.697,981.906,16.177,13.8,0
71.962,127.568,0.461,889.341,3.099,940.148,18.045,12.386,0
95.975,131.627,0.466,1074.785,3.318,962.832,23.367,11.383,0
76.187,117.331,0.354,761.756,2.844,957.349,17.948,11.872,0
67.085,123.006,0.481,907.976,3.095,946.931,17.98,12.094,0
74.235,132.326,0.448,748.546,3.01,941.319,20.459,12.571,0
81.299,106.488,0.535,860.754,2.946,957.634,17.021,14.636,0
69.894,86.809,0.401,793.994,3.264,976.035,22.55,11.815,0
78.09,133.003,0.527,854.727,3.301,964.292,11.746,16.021,0
74.364,134.58,0.379,786.755,3.35,937.81,11.011,3.947,0
69.688,133.722,0.406,899.011,3.588,937.215,14.939,14.712,0
72.441,142.767,0.432,916.293,3.11,989.812,12.47,6.577,0
77.907,120.75,0.424,873.542,3.331,957.024,24.16,13.824,0
83.636,132.377,0.513,824.252,3.153,918.158,23.888,9.396,0
80.633,127.776,0.386,828.621,3.277,981.014,22.177,17.499,0
77.706,103.525,0.384,909.643,2.946,956.415,20.292,15.554,0
75.136,119.293,0.407,914.458,3.05,970.891,20.233,9.753,0
101.03,225.678,0.634,2263.545,2.833,1033.975,40.756,37.693,1
74.544,124.792,0.456,803.465,3.153,958.801,21.149,11.459,0
82.336,121.865,0.462,741.124,3.214,959.986,18.493,6.286,0
64.885,115.293,0.401,838.48,3.168,983.104,18.275,12.416,0
64.958,124.821,0.345,810.583,3.102,943.887,24.781,7.148,0
63.671,127.233,0.439,838.94,3.355,974.168,19.701,13.536,0
82.108,125.466,0.431,862.427,3.171,930.541,18.63,9.058,0
72.542,107.928,0.446,861.591,2.761,969.675,17.81,7.156,0
70.006,110.976,0.472,780.414,3.215,924.429,20.059,11.361,0
71.666,133.298,0.514,822.368,3.005,902.896,20.494,11.467,0
80.814,98.451,0.472,783.155,3.438,933.873,11.801,11.97,0
82.661,132.81,0.482,815.694,2.924,954.222,13.521,15.736,0
65.155,121.889,0.502,798.575,3.368,962.854,11.078,9.369,0
71.71,113.892,0.493,845.413,3.341,969.529,20.164,11.83,0
70.989,88.901,0.515,844.452,3.266,947.675,24.862,11.481,0
66.672,85.234,0.403,888.322,3.323,979.582,20.534,12.688,0
69.685,104.839,0.477,985.366,3.381,924.955,12.581,12.034,0
74.764,139.463,0.428,765.461,3.619,940.272,16.475,11.053,0
78.079,144.175,0.406,924.051,3.231,981.126,6.721,8.676,0
68.006,122.466,0.383,741.651,3.152,918.596,15.834,9.793,0
75.519,101.78,0.414,831.285,3.58,928.292,14.811,10.792,0
68.431,124.092,0.432,868.425,3.147,919.811,15.964,12.11,0
74.051,104.004,0.371,1018.284,3.081,938.792,20.975,17.889,0
66.421,115.224,0.463,891.519,2.839,928.842,17.169,14.823,0
83.095,109.977,0.525,912.494,3.012,956.91,19.287,12.89,0
68.867,103.76,0.441,814.825,3.093,931.039,17.005,14.086,0
70.268,115.79,0.452,773.496,3.335,944.599,16.729,16.64,0
65.41,141.558,0.484,878.693,2.957,939.178,21.955,8.029,0
90.052,146.138,0.476,703.196,3.086,932.368,22.707,13.194,0
79.678,117.046,0.466,838.71,3.152,932.783,19.165,11.698,0
67.702,128.076,0.35,755.217,3.572,957.878,13.647,15.455,0
74.132,116.936,0.554,870.236,2.968,942.288,22.117,16.63,0
68.821,89.589,0.413,847.525,3.145,935.229,24.702,13.868,0
68.774,137.788,0.474,914.448,3.084,944.292,17.946,10.101,0
58.582,112.163,0.415,902.937,2.656,939.865,14.854,4.464,0
63.069,97.973,0.6,796.691,3.046,965.194,10.225,9.349,0
71.369,134.326,0.433,857.013,3.274,1002.96,25.301,16.785,0
78.038,111.617,0.474,688.341,3.086,956.269,24.196,13.705,0
75.778,129.648,0.43,895.599,3.251,1033.597,16.283,17.064,0
67.283,109.121,0.355,922.901,3.348,971.624,22.822,13.313,0
71.651,103.571,0.519,906.928,3.502,934.085,16.933,13.843,0
87.623,110.494,0.306,862.269,3.321,965.281,13.072,13.008,0
86.056,125.805,0.488,774.052,2.985,930.761,11.025,9.69,0
80.997,130.703,0.483,821.155,3.106,947.57,15.637,14.364,0
84.534,155.041,0.337,810.376,3.335,958.957,18.415,10.094,0
70.077,117.861,0.428,756.899,3.116,996.953,19.981,9.207,0
79.788,126.46,0.36,650.987,3.291,942.055,11.233,7.587,0
123.021,220.053,0.886,2308.969,3.296,1002.185,55.069,40.843,1
84.492,132.501,0.429,894.923,3.422,967.302,25.857,8.812,0
72.899,114.916,0.519,938.779,3.56,916.655,25.385,8.176,0
77.579,155.409,0.486,1080.232,2.792,904.915,72.027,20.566,1
74.79,106.146,0.448,834.245,3.137,931.192,19.046,12.303,0
63.388,139.273,0.4,981.471,3.12,939.829,15.715,11.546,0
57.426,125.96,0.483,834.039,3.194,992.945,19.869,17.801,0
73.316,140.024,0.514,748.422,3.329,952.563,16.34,12.016,0
69.937,126.419,0.441,782.128,3.342,937.126,12.812,12.439,0
86.902,152.109,0.519,1196.185,3.059,897.443,63.313,24.675,1
74.261,122.815,0.469,829.784,3.367,977.739,19.089,7.133,0
81.035,120.298,0.465,883.936,3.431,957.083,21.877,8.505,0
79.732,113.836,0.413,980.03,3.37,929.467,19.078,15.51,0
73.545,116.962,0.437,862.575,2.922,935.279,19.18,8.273,0
82.814,114.282,0.446,815.971,2.97,969.737,20.364,12.342,0
70.29,106.588,0.514,795.634,3.063,995.468,10.983,15.633,0
85.603,133.559,0.463,814.733,2.925,950.076,15.13,12.215,0
64.261,120.916,0.405,745.327,3.3,971.946,17.112,8.633,0
74.105,117.291,0.462,982.223,3.139,1004.072,15.74,10.053,0
87.454,108.899,0.52,871.865,3.199,957.526,21.342,12.982,0
76.662,84.417,0.491,740.778,3.002,946.842,15.549,10.683,0
72.546,110.763,0.33,687.607,3.161,966.449,10.469,14.957,0
65.23,133.36,0.523,987.9,3.277,1010.63,22.14,12.728,0
73.78,116.612,0.405,901.735,3.258,943.938,18.947,15.261,0
83.121,103.781,0.502,702.287,2.929,921.84,14.086,15.72,0
70.712,130.807,0.465,881.627,3.337,966.388,25.516,5.967,0
71.126,115.984,0.38,966.52,3.08,927.333,11.78,8.501,0
77.176,116.511,0.508,943.599,3.1,959.27,21.543,14.474,0
83.553,102.085,0.411,971.561,3.28,950.953,16.629,12.539,0
75.859,107.932,0.448,803.483,3.329,936.834,14.238,9.586,0
70.826,131.101,0.54,787.348,3.289,926.136,18.705,7.305,0
56.066,106.215,0.422,667.95,3.472,949.796,15.998,10.926,0
73.774,109.157,0.404,739.952,3.29,964.317,24.892,11.651,0
82.986,111.951,0.447,793.394,3.308,957.474,16.011,12.185,0
81.893,121.005,0.534,866.448,3.267,936.524,18.513,8.202,0
80.139,110.567,0.587,1034.675,3.387,928.977,19.045,9.815,0
71.832,153.111,0.417,855.023,3.411,959.541,11.232,14.879,0
70.791,123.5,0.472,830.306,3.228,945.443,20.323,10.547,0
75.565,58.815,0.512,921.001,3.222,1005.493,13.791,9.643,0
82.453,119.619,0.378,799.531,2.8,913.929,24.202,16.063,0
56.214,126.925,0.367,872.721,3.28,921.579,21.516,9.53,0
71.063,122.825,0.52,886.821,3.021,977.6,13.708,15.418,0
70.522,125.17,0.376,844.862,3.02,958.151,11.794,10.771,0
77.033,89.359,0.452,877.65,3.361,949.758,17.634,11.833,0
78.675,113.495,0.572,839.899,3.176,933.104,19.395,8.959,0
81.918,120.349,0.485,801.952,3.023,944.373,19.392,9.225,0
70.578,128.046,0.47,774.238,3.198,915.073,14.486,12.731,0
67.603,161.876,0.505,752.878,2.88,951.741,18.597,11.37,0
78.25,127.969,0.514,805.319,3.028,934.296,30.659,16.437,0
78.641,152.981,0.506,803.155,3.073,942.717,21.281,13.774,0
80.212,137.811,0.423,952.434,3.344,941.429,21.419,11.542,0
80.94,105.237,0.381,624.745,2.896,991.709,25.186,15.405,0
71.691,98.6,0.433,822.734,3.097,968.036,22.115,13.644,0
83.169,120.535,0.515,943.856,3.177,954.589,15.065,16.63,0
77.195,114.636,0.419,855.672,3.301,964.833,21.227,16.873,0
83.399,174.401,0.61,3457.102,3.096,966.925,33.58,21.778,1
74.65,133.636,0.419,853.911,2.865,987.226,20.203,16.094,0
67.616,160.563,0.449,788.942,3.16,986.006,14.497,11.884,0
84.985,123.675,0.475,847.033,3.084,963.002,21.764,10.745,0
73.612,96.518,0.355,875.731,3.232,941.023,26.829,14.116,0
81.319,123.722,0.447,879.48,3.062,899.12,18.888,13.066,0
82.235,111.243,0.472,941.221,3.495,981.841,16.562,13.156,0
83.514,131.207,0.449,884.959,3.287,949.088,13.128,9.684,0
79.565,128.82,0.488,943.915,3.132,963.266,19.969,11.51,0
69.154,103.513,0.393,774.782,3.191,912.244,15.888,10.109,0
64.698,115.23,0.4,810.198,3.239,945.017,16.364,12.65,0
63.415,133.18,0.503,754.629,3.519,925.561,19.883,13.933,0
72.781,111.536,0.459,880.121,3.591,920.802,22.947,9.079,0
68.793,124.597,0.456,816.193,2.941,979.722,25.236,15.862,0
75.537,130.112,0.477,825.616,3.016,970.069,16.928,12.774,0
85.033,112.992,0.454,871.842,3.154,910.035,21.649,15.754,0
68.911,116.93,0.458,839.03,3.367,926.339,14.954,12.813,0
69.725,126.816,0.493,811.479,3.273,937.026,11.467,9.772,0
68.583,128.835,0.491,851.504,3.204,957.283,14.473,14.695,0
62.922,113.009,0.398,951.153,3.147,952.374,7.667,9.067,0
83.903,119.525,0.48,742.094,3.375,935.521,16.945,10.338,0
77.992,126.227,0.527,847.026,3.284,960.06,20.914,10.913,0
77.376,94.555,0.472,807.005,3.283,935.996,14.024,13.765,0
67.593,126.373,0.497,837.952,3.421,922.282,10.795,12.826,0
80.548,108.531,0.447,888.222,2.772,944.581,22.186,6.857,0
88.827,112.724,0.458,948.022,3.304,943.694,13.366,13.08,0
75.951,139.331,0.477,826.599,3.261,952.694,18.55,13.561,0
74.442,102.281,0.328,879.986,2.911,971.53,17.739,14.02,0
78.787,114.943,0.398,853.492,3.131,979.058,13.732,12.673,0
101.742,203.019,0.659,2171.894,2.29,1041.233,49.013,32.702,1
79.732,124.282,0.438,898.685,2.854,965.654,20.331,10.577,0
82.692,93.772,0.37,990.828,3.475,936.433,23.66,13.144,0
68.34,108.431,0.401,928.269,3.241,963.152,18.961,17.862,0
77.317,130.854,0.382,781.221,3.531,968.374,15.173,11.75,0
76.796,129.501,0.462,911.01,2.985,976.84,18.449,11.916,0
86.198,131.474,0.469,823.22,3.252,895.636,18.233,16.465,0
81.286,111.376,0.413,914.553,3.358,970.209,19.914,8.058,0
74.498,141.028,0.329,965.092,3.031,932.783,13.515,16.559,0
70.653,113.514,0.453,950.92,3.227,961.069,20.793,13.564,0
61.108,134.88,0.457,941.8,2.987,967.061,21.509,6.012,0
80.072,102.849,0.44,906.28,3.158,977.243,15.234,15.945,0
75.863,123.49,0.474,893.435,3.338,926.575,23.351,12.174,0
83.987,90.568,0.469,795.013,3.203,970.558,24.797,14.088,0
72.789,110.13,0.462,745.964,3.337,940.227,17.809,10.179,0
79.981,123.069,0.526,732.966,3.59,988.319,25.737,16.357,0
70.291,103.419,0.415,891.223,3.161,955.431,23.134,12.226,0
72.196,140.389,0.448,1018.886,3.524,937.238,17.25,9.937,0
65.129,125.414,0.496,791.951,2.981,980.177,20.417,11.256,0
72.055,106.357,0.392,908.076,3.549,926.732,20.48,15.406,0
73.464,127.285,0.503,961.769,2.839,957.06,15.613,8.996,0
77.054,94.845,0.412,822.808,3.226,951.367,20.474,12.125,0
73.387,110.418,0.425,869.828,3.065,898.673,16.6,12.233,0
81.917,122.897,0.441,867.256,3.254,939.325,16.113,8.358,0
77.268,107.7,0.448,876.907,3.252,950.768,16.517,13.979,0
72.263,101.58,0.553,791.091,3.45,945.148,25.795,15.802,0
88.776,119.331,0.477,824.111,3.142,958.008,18.17,12.431,0
69.505,127.563,0.39,897.632,2.863,963.548,15.14,11.26,0
70.523,123.399,0.487,840.012,3.259,934.525,17.359,16.028,0
83.731,114.037,0.477,761.437,3.121,1013.056,17.23,11.63,0
80.001,113.155,0.425,923.878,3.301,962.792,18.835,16.492,0
76.848,132.515,0.368,945.765,3.465,976.963,18.81,8.143,0
88.142,125.403,0.433,722.794,3.35,981.281,14.297,14.264,0
84.852,140.718,0.438,891.207,3.271,1003.238,20.121,9.871,0
66.898,133.477,0.351,918.713,3.139,958.592,23.609,11.448,0
65.612,121.903,0.345,939.322,2.945,946.495,17.663,9.652,0
88.452,122.636,0.441,844.442,3.067,961.418,23.565,11.4,0
74.221,129.897,0.496,793.293,3.364,920.068,18.324,11.083,0
77.385,126.376,0.446,766.324,2.951,927.613,17.716,11.19,0
64.136,107.687,0.457,859.171,3.126,983.352,20.959,11.376,0
75.724,124.115,0.508,749.684,3.132,938.945,16.978,14.974,0
66.94,115.078,0.447,839.212,3.225,936.308,19.238,15.056,0
73.374,124.511,0.482,1008.362,3.39,978.691,13.161,9.394,0
70.321,103.675,0.491,866.816,2.929,947.927,22.595,9.342,0
77.942,142.422,0.441,825.029,3.246,954.054,19.607,10.741,0
75.884,83.813,0.489,732.996,3.164,931.456,23.705,7.349,0
73.233,123.27,0.496,864.698,3.168,951.741,21.091,12.824,0
77.949,114.639,0.502,728.018,3.019,932.267,16.056,16.381,0
79.74,121.024,0.462,960.004,2.955,938.635,15.92,14.502,0
88.965,150.643,0.401,789.403,3.028,970.284,10.338,10.835,0
66.169,126.391,0.419,774.455,3.203,949.876,14.566,8.234,0
65.852,106.255,0.416,961.114,2.956,960.579,25.471,12.97,0
84.698,82.581,0.45,835.695,3.127,964.351,5.845,8.785,0
74.834,111.526,0.322,949.979,3.02,999.062,23.754,17.584,0
82.59,136.357,0.497,852.887,3.235,964.916,12.389,13.184,0
79.617,128.801,0.445,896.063,2.902,950.107,21.443,9.778,0
66.701,124.188,0.387,785.171,3.226,929.668,15.781,10.308,0
67.469,131.691,0.475,886.762,3.041,919.345,10.002,10.323,0
80.525,125.475,0.374,751.175,3.178,918.526,15.669,9.644,0
66.336,107.882,0.472,893.382,2.951,961.522,17.27,17.956,0
67.312,128.588,0.485,815.573,3.253,949.877,16.414,11.517,0
67.241,100.812,0.506,810.672,3.285,933.201,20.027,12.361,0
82.026,145.248,0.487,994.158,3.187,979.143,10.746,13.415,0
83.812,153.545,0.423,874.372,3.412,954.697,16.361,16.577,0
68.514,118.305,0.47,858.591,3.17,919.293,25.241,13.402,0
81.866,121.201,0.408,845.043,3.645,979.143,28.941,10.848,0
78.513,110.48,0.431,861.626,3.203,931.222,19.179,9.366,0
81.032,109.343,0.513,849.9,3.32,926.139,17.234,18.049,0
68.133,117.913,0.486,936.548,3.411,952.689,18.374,9.535,0
73.629,132.681,0.376,648.001,3.054,939.799,18.138,13.292,0
72.452,124.362,0.456,766.41,3.505,937.373,17.707,8.123,0
74.658,136.336,0.52,876.517,2.943,953.594,22.76,14.382,0
77.047,136.949,0.438,826.383,3.529,961.261,24.674,9.085,0
65.656,109.849,0.497,966.456,3.389,911.948,15.295,13.587,0
75.014,118.737,0.431,899.238,3.368,970.764,15.298,12.877,0
116.777,197.101,0.635,2363.909,3.361,1017.418,47.041,35.898,1
76.468,125.442,0.497,853.68,3.362,966.455,15.328,8.609,0
79.67,120.678,0.402,842.507,3.314,909.058,15.648,13.157,0
69.823,100.84,0.391,884.563,3.102,963.515,22.647,14.612,0
82.114,139.969,0.433,795.518,3.073,946.626,14.719,16.109,0
71.683,119.708,0.37,857.615,3.066,966.812,15.445,10.963,0
66.691,119.251,0.424,841.049,3.417,980.781,21.25,9.997,0
84.785,124.311,0.431,737.876,3.033,948.695,7.387,10.308,0
65.391,136.404,0.5,773.87,3.162,945.592,21.488,17.338,0
70.259,109.285,0.401,887.324,3.262,933.111,13.362,9.768,0
75.196,113.629,0.514,892.812,3.059,929.887,21.163,14.985,0
90.075,168.124,0.459,757.792,3.558,983.83,14.531,14.582,0
59.018,107.188,0.432,958.068,3.223,956.293,21.142,14.923,0
59.615,126.549,0.401,971.97,3.562,963.467,19.362,13.072,0
68.082,130.646,0.513,731.522,3.135,980.387,21.23,10.525,0
77.788,139.335,0.437,879.969,3.325,965.484,11.716,16.556,0
67.717,107.2,0.456,848.069,3.199,978.413,15.04,13.208,0
70.276,131.959,0.463,798.392,3.065,1010.459,11.19,12.689,0
86.363,133.982,0.483,956.884,3.792,949.528,8.175,7.711,0
68.654,138.737,0.365,827.024,2.996,955.094,13.409,15.583,0
90.583,122.806,0.343,799.919,3.447,933.104,17.837,18.722,0
82.792,99.146,0.532,975.236,3.093,929.348,18.077,7.339,0
63.046,120.243,0.496,694.196,3.122,987.999,12.06,13.578,0
89.452,95.918,0.509,971.069,3.449,933.358,19.534,12.43,0
80.003,106.386,0.445,762.899,3.544,957.856,22.402,14.288,0
70.556,106.956,0.445,874.645,3.306,942.98,30.236,6.458,0
93.806,114.686,0.549,831.877,3.21,920.154,14.099,11.237,0
66.878,108.245,0.467,873.729,2.988,944.756,24.77,13.328,0
86.293,99.34,0.498,865.51,3.357,965.462,16.631,11.966,0
91.467,123.602,0.498,937.52,3.113,982.54,18.825,17.464,0
77.748,153.264,0.468,1250.894,3.145,874.001,81.756,16.714,1
71.211,99.795,0.378,871.967,2.557,993.96,20.083,8.893,0
69.7,131.396,0.39,967.829,3.272,945.662,14.953,15.133,0
84.168,118.68,0.402,921.187,3.233,928.832,18.187,12.676,0
72.298,103.39,0.484,904.117,2.927,960.082,21.847,11.605,0
74.971,114.292,0.486,732.593,3.298,1003.85,16.818,9.955,0
85.495,91.966,0.413,853.894,3.181,920.474,18.156,14.068,0
71.951,104.899,0.497,857.269,3.645,1000.635,14.42,7.58,0
70.855,112.267,0.391,823.27,3.361,933.996,17.329,9.491,0
73.027,118.565,0.358,891.531,2.807,942.869,28.819,10.482,0
90.572,137.788,0.471,863.188,3.172,940.181,20.715,18.146,0
64.456,115.508,0.583,869.073,3.272,967.905,18.102,17.285,0
69.372,116.655,0.439,949.803,3.009,910.834,17.876,11.224,0
71.549,121.98,0.469,963.485,3.352,971.198,17.666,11.455,0
74.824,120.208,0.447,760.48,3.528,943.321,14.317,9.206,0
79.774,129.647,0.455,829.477,3.204,944.308,16.442,9.656,0
90.891,120.031,0.458,644.57,3.361,977.464,19.665,9.527,0
74.922,126.267,0.483,725.404,3.087,987.833,17.055,9.633,0
65.553,119.27,0.463,732.523,3.365,982.115,16.591,6.82,0
74.026,152.853,0.42,1018.187,3.45,963.607,9.858,19.125,0
68.791,119.508,0.432,924.81,2.928,953.8,17.09,16.01,0
96.397,123.393,0.437,863.833,2.938,956.973,19.981,10.647,0
82.074,131.322,0.501,819.641,3.168,943.443,16.34,11.522,0
80.973,111.301,0.51,891.174,3.074,945.83,14.431,10.594,0
65.984,113.519,0.456,669.355,3.115,936.881,15.63,10.184,0
58.522,138.165,0.404,931.305,3.287,950.955,21.793,9.023,0
75.433,132.566,0.548,781.983,3.263,965.577,15.846,11.737,0
76.642,121.74,0.475,984.029,3.467,946.261,19.317,13.254,0
83.367,111.374,0.465,774.532,3.086,979.449,22.208,10.784,0
75.979,110.824,0.39,934.008,3.48,951.748,18.393,11.406,0
72.649,117.475,0.407,786.012,3.223,938.718,17.165,14.122,0
78.545,113.027,0.433,921.94,3.324,966.023,11.763,12.884,0
91.699,98.59,0.546,835.289,2.989,961.972,20.877,14.174,0
76.792,129.814,0.479,864.316,3.059,972.921,14.342,13.694,0
81.972,108.341,0.471,802.292,3.351,929.87,20.377,9.919,0
69.581,148.684,0.476,909.516,2.987,940.576,17.386,8.489,0
67.713,141.488,0.424,881.222,3.11,940.497,15.498,12.167,0
72.232,135.548,0.565,746.544,3.134,907.837,18.836,9.282,0
56.624,73.817,0.443,824.184,2.831,1014.433,17.978,12.941,0
64.83,118.735,0.461,939.16,3.235,951.634,20.979,9.255,0
76.682,108.265,0.448,996.751,3.192,946.236,17.688,11.447,0
86.604,119.841,0.49,760.426,3.258,937.484,14.263,11.138,0
75.743,99.457,0.396,964.803,2.986,930.815,15.522,9.913,0
77.2,110.486,0.485,903.945,3.259,968.033,12.096,15.148,0
83.321,102.955,0.347,818.873,3.236,932.728,21.279,10.359,0
66.233,119.723,0.49,932.944,3.412,933.431,23.09,10.4,0
72.673,122.436,0.504,858.565,2.868,918.749,18.15,12.869,0
76.0,114.551,0.388,817.584,3.31,965.988,14.951,12.209,0
88.399,120.762,0.479,736.64,3.044,1003.222,16.922,9.696,0
85.353,117.926,0.51,805.459,3.247,919.398,17.1,17.283,0
78.411,108.301,0.411,796.759,2.946,932.077,10.016,15.304,0
64.869,125.732,0.484,734.575,3.13,920.89,10.7,10.711,0
79.726,127.955,0.449,986.885,3.256,905.102,22.784,12.658,0
79.342,127.595,0.405,790.802,3.221,986.281,9.195,8.431,0
79.422,132.378,0.462,752.257,3.281,919.578,17.821,12.948,0
61.419,125.193,0.537,817.307,3.125,927.865,15.005,13.398,0
67.753,148.32,0.366,954.548,3.082,909.992,18.148,10.348,0
79.54,135.096,0.482,852.249,3.311,958.56,22.778,12.284,0
76.725,128.272,0.372,925.599,3.279,933.508,24.988,9.893,0
86.201,110.585,0.471,809.885,3.313,954.592,20.138,13.949,0
69.412,129.084,0.341,969.561,3.033,957.695,22.81,13.464,0
76.044,102.394,0.465,921.001,3.432,928.76,18.326,13.626,0
87.13,117.654,0.458,805.969,3.006,935.204,22.223,10.11,0
69.852,138.81,0.412,904.845,3.042,950.44,18.161,10.404,0
81.526,122.645,0.463,863.725,3.213,942.588,16.31,10.71,0
71.641,107.537,0.391,857.544,3.229,949.896,13.786,12.526,0
91.53,117.665,0.398,740.905,3.263,906.414,19.88,9.338,0
79.341,111.462,0.432,868.442,3.008,956.845,16.85,10.052,0
69.618,128.279,0.54,910.601,3.045,949.958,19.665,12.991,0
78.701,130.558,0.482,936.574,3.131,984.431,16.468,4.619,0
80.224,94.768,0.415,807.287,3.206,987.899,17.311,8.767,0
80.194,90.241,0.436,812.823,3.316,994.286,18.0,15.057,0
70.127,121.492,0.381,807.688,3.533,948.378,21.13,11.524,0
74.638,135.054,0.357,857.41,3.19,938.211,13.724,9.208,0
78.289,105.147,0.477,932.67,3.257,941.524,19.573,11.767,0
80.397,152.628,0.389,778.852,3.311,962.454,18.945,14.003,0
52.048,121.881,0.44,830.845,3.47,954.042,19.766,13.06,0
67.506,124.379,0.517,785.504,3.358,969.256,30.779,8.764,0
87.831,123.277,0.399,831.696,3.121,933.712,16.411,12.074,0
89.771,137.322,0.395,795.342,3.076,946.451,20.381,9.303,0
70.988,126.728,0.375,733.972,3.217,939.58,16.579,11.746,0
76.993,89.948,0.426,797.854,3.009,917.976,15.54,10.694,0
75.144,109.883,0.479,686.52,3.112,954.317,13.361,9.644,0
67.551,104.997,0.368,957.806,3.556,943.496,18.34,11.728,0
73.073,124.256,0.461,732.285,2.94,911.624,15.096,10.386,0
74.996,123.546,0.374,810.367,3.034,935.608,11.057,10.562,0
76.7,151.511,0.378,744.554,2.849,942.661,14.523,11.642,0
81.635,117.695,0.381,811.622,3.38,979.004,19.412,13.059,0
85.143,127.252,0.36,839.428,3.456,942.771,18.867,9.828,0
67.33,107.908,0.468,850.952,3.081,965.546,21.509,11.868,0
78.908,111.399,0.323,848.98,3.113,972.868,21.6,13.327,0
70.017,120.357,0.47,859.382,3.352,930.183,11.516,14.796,0
109.822,162.164,0.603,3463.327,3.139,1009.025,27.781,26.201,1
64.375,95.495,0.476,853.528,3.106,965.331,24.179,15.055,0
79.978,127.477,0.488,854.109,3.318,959.641,12.984,12.808,0
79.301,141.39,0.41,951.785,3.127,958.351,20.063,16.872,0
75.633,110.622,0.513,731.889,3.255,932.011,20.739,13.013,0
73.034,129.953,0.507,814.969,3.27,988.577,25.698,9.927,0
70.366,101.867,0.502,849.056,3.424,981.788,17.168,15.207,0
77.213,148.624,0.427,901.952,3.102,959.499,11.683,9.776,0
88.442,120.708,0.384,703.715,3.586,915.532,14.382,8.43,0
77.148,145.322,0.475,786.972,3.016,937.816,19.513,13.728,0
76.442,117.616,0.411,817.701,3.209,962.197,11.135,16.54,0
70.59,112.045,0.448,747.237,2.919,908.952,18.038,11.365,0
76.914,138.51,0.438,880.98,3.375,957.732,19.228,13.854,0
70.48,117.414,0.461,881.544,3.099,953.559,11.279,11.456,0
61.691,131.273,0.428,806.481,3.233,930.765,23.987,13.203,0
78.176,143.69,0.438,794.521,3.104,941.68,24.482,15.024,0
66.138,130.186,0.481,836.417,3.362,973.155,17.796,15.043,0
75.98,125.11,0.366,805.826,3.109,947.925,16.068,9.909,0
71.388,138.339,0.359,981.869,3.197,926.613,16.341,16.27,0
73.941,99.42,0.329,890.197,2.95,974.564,10.67,5.606,0
72.828,104.905,0.521,686.428,3.406,938.856,13.12,10.094,0
69.471,122.395,0.397,900.322,3.107,915.118,16.112,11.138,0
72.857,108.712,0.387,843.538,3.428,951.637,18.011,17.193,0
72.007,145.871,0.436,896.114,3.29,945.494,22.959,9.972,0
73.173,108.608,0.384,855.789,3.103,930.02,15.928,9.642,0
104.271,203.908,0.624,3851.849,2.881,1000.19,30.284,31.84,1
67.542,121.949,0.405,759.665,3.201,936.213,15.363,14.092,0
63.214,123.465,0.396,773.672,2.868,925.536,23.763,11.334,0
64.608,112.937,0.532,926.547,3.268,943.16,10.717,9.964,0
75.755,132.616,0.381,899.689,2.863,938.424,20.758,13.104,0
72.805,69.453,0.397,909.248,3.13,951.223,15.406,13.995,0
75.904,99.334,0.407,728.91,3.119,977.757,24.201,7.913,0
67.481,103.921,0.497,848.794,3.085,957.834,18.841,14.306,0
77.065,141.35,0.499,894.714,3.398,974.258,14.722,13.51,0
94.21,116.038,0.44,882.023,3.103,938.135,18.882,11.396,0
78.919,131.132,0.505,681.074,3.072,951.428,16.176,9.253,0
71.449,120.363,0.403,840.278,2.992,935.559,8.42,9.691,0
77.145,109.117,0.51,806.437,3.174,982.515,15.782,14.451,0
79.774,104.194,0.526,921.637,3.414,943.831,19.637,12.927,0
76.47,126.824,0.519,937.515,3.22,929.156,20.93,11.607,0
63.174,125.761,0.45,831.853,3.149,931.401,18.755,12.193,0
78.796,121.713,0.418,919.032,3.323,921.069,16.357,11.956,0
67.558,127.105,0.563,868.305,3.188,960.889,20.06,12.734,0
77.05,135.399,0.416,692.723,3.197,929.045,12.662,10.354,0
79.377,129.035,0.363,830.469,3.138,983.571,20.127,9.208,0
79.161,110.11,0.483,910.101,3.258,931.61,21.597,11.525,0
69.124,112.665,0.435,868.547,3.389,994.434,25.438,9.367,0
84.789,108.584,0.511,935.239,2.918,956.029,16.79,14.119,0
71.361,117.302,0.406,848.114,3.128,958.07,22.373,11.137,0
82.281,107.851,0.407,845.538,3.331,916.02,16.87,14.101,0
70.982,96.685,0.398,978.24,3.264,977.345,22.486,5.383,0
85.861,120.053,0.403,884.33,3.154,977.814,21.574,11.18,0
73.934,93.345,0.499,840.95,3.591,941.018,19.668,6.476,0
91.138,164.669,0.473,3829.531,3.187,986.871,37.436,30.918,1
68.648,121.231,0.346,920.798,3.256,949.825,13.021,14.688,0
70.109,117.889,0.379,642.107,3.027,971.54,20.336,13.43,0
66.52,128.379,0.42,843.648,3.662,972.561,17.446,13.687,0
76.077,126.928,0.507,812.167,3.014,971.561,16.608,7.942,0
77.109,129.241,0.484,859.604,2.881,963.438,12.717,11.372,0
71.301,100.759,0.523,964.735,3.225,973.972,19.721,10.711,0
77.626,100.822,0.395,899.459,3.165,949.184,11.591,11.084,0
71.53,98.678,0.402,738.579,3.291,965.696,14.779,10.801,0
62.061,172.222,0.516,852.86,2.824,921.453,17.579,9.083,0
75.531,103.029,0.518,782.063,3.346,917.838,13.797,11.984,0
63.103,89.595,0.476,859.311,3.196,995.185,18.152,9.956,0
74.858,103.337,0.475,901.398,3.443,956.919,11.346,11.845,0
75.605,95.269,0.481,761.935,3.642,923.821,21.531,6.633,0
72.112,90.388,0.451,830.025,3.201,991.246,15.985,15.622,0
86.137,113.475,0.49,804.131,3.372,978.975,14.3,10.407,0
58.534,136.678,0.463,879.344,3.073,942.818,16.273,9.809,0
78.331,108.043,0.457,769.785,2.882,988.256,24.451,10.099,0
77.035,143.472,0.436,813.893,3.364,954.045,22.123,12.232,0
92.847,103.747,0.407,739.513,3.203,949.888,14.986,14.52,0
67.399,105.167,0.538,933.812,3.052,934.869,17.327,15.53,0
83.349,127.106,0.326,685.118,3.325,914.658,20.338,16.69,0
77.341,127.762,0.469,935.538,3.2,928.569,21.327,12.578,0
73.279,106.667,0.442,763.437,2.889,944.805,16.379,15.227,0
72.176,131.037,0.459,944.648,3.282,956.178,16.965,10.917,0
75.574,113.093,0.474,833.792,3.202,990.385,23.02,12.277,0
75.475,137.523,0.496,920.649,3.22,960.31,14.28,13.678,0
73.028,111.123,0.506,698.269,3.521,884.857,17.009,13.774,0
79.457,98.694,0.323,887.419,3.387,920.862,15.262,16.114,0
87.095,124.698,0.433,948.695,3.129,977.601,19.225,13.277,0
82.7,137.936,0.359,941.177,3.162,942.238,17.591,7.571,0
84.2,102.888,0.469,826.076,2.898,964.315,18.183,9.437,0
72.525,109.379,0.419,895.062,3.398,946.862,19.886,16.795,0
65.72,130.631,0.459,886.207,3.292,982.287,19.238,13.593,0
69.43,103.397,0.42,931.77,2.826,974.295,12.241,13.981,0
69.66,112.418,0.479,829.679,3.041,945.08,13.64,12.79,0
80.085,111.654,0.509,916.451,2.932,962.809,23.109,6.21,0
81.836,110.994,0.481,847.496,3.038,977.503,14.728,12.07,0
75.546,119.506,0.444,916.144,3.277,929.826,19.303,9.602,0
75.258,126.485,0.408,816.606,3.214,929.284,17.745,15.764,0
81.239,113.828,0.379,829.144,3.253,958.057,18.162,13.747,0
72.336,104.163,0.411,759.142,3.576,934.005,22.731,15.697,0
69.698,127.423,0.445,975.522,3.203,940.312,16.078,15.162,0
76.95,116.98,0.537,975.508,2.823,942.044,20.194,12.107,0
76.294,108.977,0.487,930.534,3.206,955.942,20.513,12.664,0
88.544,123.799,0.473,882.539,3.084,960.59,16.475,14.271,0
83.766,112.428,0.48,783.587,2.891,930.027,16.311,12.147,0
78.079,103.695,0.477,896.205,3.123,961.764,16.267,12.346,0
84.004,123.701,0.512,822.542,3.108,921.024,16.792,11.419,0
104.289,208.652,0.597,3040.982,2.795,960.059,26.53,23.182,1
79.782,126.84,0.449,800.196,3.207,944.754,26.119,9.54,0
66.012,113.624,0.468,878.818,3.043,927.281,20.136,13.508,0
67.31,119.741,0.539,774.425,3.317,907.436,17.253,12.024,0
82.072,144.187,0.428,673.678,3.432,912.076,18.518,13.3,0
79.954,109.764,0.461,909.817,2.928,929.836,14.82,11.44,0
74.215,140.342,0.426,985.022,3.235,960.933,14.403,10.796,0
81.361,207.859,0.488,1278.248,2.818,833.275,73.991,21.011,1
66.151,138.72,0.555,853.893,3.378,958.466,22.721,8.507,0
66.137,100.543,0.473,982.013,3.127,965.113,17.675,8.764,0
63.436,114.57,0.448,894.953,3.139,944.286,10.181,13.965,0
65.777,125.715,0.44,764.244,3.602,978.674,18.148,15.151,0
66.076,135.854,0.453,949.591,3.42,929.698,17.798,9.359,0
72.793,83.27,0.514,850.311,2.992,963.262,24.933,11.575,0
59.637,135.383,0.501,774.709,3.268,955.287,16.923,6.679,0
80.416,124.637,0.551,878.619,3.162,921.419,16.548,13.818,0
69.669,145.963,0.456,797.858,2.892,963.104,20.996,9.939,0
81.086,115.045,0.476,885.502,2.945,946.76,21.39,14.579,0
81.359,112.716,0.42,842.933,2.936,947.197,10.331,13.566,0
83.874,124.588,0.557,823.44,3.419,931.508,10.387,10.319,0
78.953,121.991,0.467,894.91,2.746,944.705,13.899,6.924,0
64.976,116.282,0.435,853.732,3.308,944.88,13.52,7.889,0
82.416,107.142,0.423,738.488,2.96,943.542,18.136,13.743,0
76.773,112.016,0.506,786.196,3.506,915.02,16.758,13.146,0
80.772,106.324,0.493,834.394,3.246,979.384,15.017,9.366,0
77.714,121.034,0.48,895.106,3.062,961.888,14.933,14.649,0
70.108,98.121,0.466,1013.926,3.365,912.517,17.563,11.283,0
77.48,107.129,0.536,832.84,3.491,928.451,19.694,7.824,0
71.475,115.766,0.461,792.444,3.14,904.208,14.067,9.169,0
69.032,112.255,0.5,825.426,3.069,975.829,17.505,13.481,0
67.777,133.413,0.466,821.525,3.075,930.71,18.818,17.21,0
98.464,137.373,0.444,716.899,3.004,967.576,15.342,11.064,0
65.522,116.465,0.421,757.595,3.823,927.314,20.693,11.999,0
79.633,109.585,0.515,945.769,3.4,965.125,14.286,7.367,0
64.735,84.605,0.449,753.492,3.002,943.134,15.725,12.793,0
67.919,117.766,0.485,899.517,3.235,909.073,18.686,12.949,0
60.702,128.883,0.5,794.686,3.085,959.71,20.26,10.162,0
88.411,124.2,0.403,843.402,3.334,973.649,15.505,6.784,0
71.188,130.349,0.441,849.33,3.531,944.482,20.817,17.981,0
90.362,149.948,0.518,1184.777,3.129,890.042,72.495,19.131,1
76.805,118.13,0.453,979.59,3.35,953.425,21.241,9.996,0
76.386,114.739,0.383,849.214,3.306,1001.457,11.13,16.887,0
66.781,137.356,0.45,824.575,2.968,956.61,18.678,9.75,0
75.272,137.749,0.515,890.78,3.046,947.892,21.124,13.127,0
79.4,108.402,0.488,872.98,3.004,989.92,15.492,14.615,0
76.179,128.891,0.462,799.664,3.069,922.359,15.906,8.501,0
68.891,156.19,0.406,788.732,3.26,885.105,8.572,9.241,0
88.881,92.796,0.465,899.445,2.873,941.297,19.732,15.197,0
90.513,107.975,0.399,814.621,3.269,951.861,18.236,15.223,0
60.976,124.072,0.522,834.776,3.306,944.228,19.55,9.539,0
69.661,135.963,0.423,933.737,3.139,941.701,22.027,16.823,0
66.165,94.111,0.387,847.377,3.359,927.682,19.992,13.114,0
72.838,107.972,0.533,791.969,3.291,888.335,14.92,15.106,0
79.049,103.178,0.313,732.74,3.217,961.738,21.978,13.227,0
67.363,108.317,0.396,824.586,3.274,957.055,9.791,10.155,0
61.153,121.256,0.494,893.944,3.425,954.496,8.108,12.119,0
63.883,108.171,0.425,883.874,3.264,946.203,20.072,6.531,0
83.269,123.885,0.501,898.905,3.398,977.035,15.818,8.661,0
80.753,92.415,0.499,900.812,3.366,941.607,23.359,6.97,0
55.507,137.963,0.44,725.852,3.195,951.585,15.979,15.834,0
93.044,129.81,0.423,754.357,3.02,967.145,5.266,10.776,0
71.829,124.33,0.475,879.51,2.899,962.058,11.21,14.355,0
83.27,98.286,0.442,773.573,3.516,934.179,13.2,18.126,0
132.28,212.682,0.659,2328.579,2.899,1050.792,39.847,41.594,1
67.893,104.294,0.492,737.576,3.063,913.203,18.536,13.397,0
63.665,116.766,0.514,991.111,3.104,940.208,17.033,2.625,0
74.972,122.456,0.525,769.35,3.239,971.905,16.503,11.615,0
66.313,110.475,0.413,944.096,2.819,1003.512,11.985,12.926,0
73.628,120.953,0.466,698.497,3.105,944.528,19.978,14.609,0
69.727,136.743,0.42,665.219,3.156,915.307,21.21,8.804,0
61.401,100.695,0.482,831.762,3.005,957.415,26.575,8.844,0
74.2,126.2,0.474,964.899,3.056,966.57,18.656,12.137,0
77.707,133.358,0.428,704.29,3.491,946.391,20.328,11.753,0
75.599,94.631,0.346,930.768,3.404,963.134,18.215,10.182,0
69.553,135.438,0.411,665.397,3.214,947.836,12.685,10.012,0
77.451,124.887,0.382,886.81,3.173,928.136,15.48,9.201,0
82.085,133.562,0.416,836.388,2.928,939.761,18.956,12.306,0
82.252,114.084,0.569,891.616,3.272,1018.005,18.957,15.432,0
77.625,104.767,0.413,798.448,2.855,952.366,13.882,9.36,0
72.354,117.604,0.475,821.301,2.495,938.858,12.7,13.05,0
74.338,129.635,0.435,1000.124,3.382,951.578,17.172,11.013,0
87.389,105.958,0.432,845.979,3.219,973.755,23.892,12.234,0
75.45,90.134,0.418,941.244,3.122,975.376,16.858,18.209,0
82.375,107.144,0.461,849.149,3.289,941.957,15.453,8.972,0
87.629,131.791,0.428,921.36,2.918,967.423,19.824,12.228,0
68.647,134.672,0.369,799.487,3.092,914.821,21.045,15.898,0
71.135,127.41,0.499,972.402,3.194,908.659,20.662,9.027,0
88.914,138.74,0.483,868.816,3.265,965.783,20.78,17.455,0
75.508,102.086,0.397,723.026,3.161,934.59,23.995,10.986,0
80.839,120.613,0.403,858.23,3.284,913.342,11.37,15.82,0
76.663,129.927,0.414,834.115,3.416,925.253,21.662,8.881,0
67.234,112.712,0.435,903.552,3.482,977.018,24.13,9.734,0
79.345,148.982,0.435,766.467,2.883,930.848,25.86,11.982,0
77.944,132.11,0.533,846.011,3.188,939.028,15.871,9.552,0
67.222,137.643,0.5,859.528,3.489,913.591,24.326,15.661,0
64.206,110.613,0.45,914.788,3.357,974.527,16.753,13.668,0
85.56,110.582,0.504,674.245,2.826,927.344,18.555,13.965,0
85.305,137.301,0.478,864.473,3.145,1030.005,19.292,10.577,0
65.704,128.365,0.472,825.187,3.195,909.699,10.461,10.121,0
65.014,105.476,0.448,845.628,3.243,997.938,17.944,12.525,0
98.721,223.855,0.655,2253.616,2.948,1028.411,50.56,33.095,1
77.649,104.719,0.419,909.876,3.431,961.715,27.027,10.951,0
73.688,133.237,0.443,807.211,3.439,934.618,19.054,13.208,0
71.555,130.386,0.439,777.837,3.423,962.593,18.837,8.94,0
65.425,114.262,0.485,865.243,3.668,901.917,16.406,14.363,0
83.582,124.66,0.474,947.204,3.047,901.468,18.717,11.25,0
71.887,127.76,0.428,734.383,3.182,965.075,17.065,15.815,0
72.6,127.648,0.523,805.563,3.146,958.956,21.865,13.253,0
82.232,128.406,0.526,816.135,2.901,969.216,19.753,5.77,0
94.906,123.486,0.485,669.551,3.124,993.86,20.829,6.661,0
74.974,130.828,0.446,944.286,3.083,965.6,18.702,15.247,0
74.609,96.777,0.409,754.775,3.061,963.164,13.763,12.194,0
62.32,108.558,0.465,855.039,3.069,984.335,19.924,7.704,0
85.755,116.756,0.519,911.902,2.473,947.554,19.539,16.288,0
70.22,106.06,0.454,642.237,3.154,898.599,17.478,13.793,0
91.402,110.259,0.417,842.194,3.293,957.927,20.027,15.868,0
76.724,120.16,0.514,820.352,2.878,971.645,19.436,12.937,0
72.839,119.339,0.39,799.663,3.159,906.879,15.12,14.234,0
77.642,128.365,0.514,800.464,3.212,972.486,10.093,8.24,0
95.849,91.616,0.428,862.139,3.426,976.998,10.772,8.965,0
79.43,129.93,0.389,821.149,3.404,961.907,14.174,13.378,0
80.657,137.017,0.459,932.261,2.911,950.749,13.975,12.417,0
73.417,115.664,0.505,746.163,3.416,974.045,15.769,9.566,0
76.333,96.273,0.468,773.843,3.448,948.581,17.086,10.704,0
90.532,120.838,0.43,883.56,3.076,945.547,19.602,13.116,0
77.978,125.303,0.444,994.55,3.253,949.963,24.866,10.865,0
86.243,121.47,0.43,698.695,2.733,927.005,19.452,13.324,0
70.541,121.291,0.472,837.241,3.37,942.521,14.905,14.329,0
70.102,131.01,0.476,895.351,3.239,977.19,22.16,11.086,0
82.037,114.784,0.405,846.447,2.81,960.609,18.425,5.369,0
70.331,96.184,0.461,854.581,3.11,931.273,17.722,10.422,0
66.523,92.52,0.487,941.135,3.318,909.589,19.107,8.772,0
85.425,123.798,0.455,886.377,3.439,954.118,15.303,8.456,0
70.227,130.482,0.419,779.059,2.89,932.881,16.503,8.841,0
114.056,199.338,0.793,2235.546,2.825,1002.65,45.211,43.335,1
64.25,96.59,0.355,806.05,3.132,931.845,16.613,9.886,0
73.179,99.176,0.499,786.753,3.052,944.841,18.981,11.156,0
75.272,134.552,0.379,919.458,2.897,967.653,22.901,10.882,0
71.903,127.325,0.439,845.484,3.48,946.841,18.908,11.738,0
76.135,102.204,0.492,903.457,3.207,882.732,17.428,9.495,0
68.517,155.846,0.462,816.254,3.278,931.874,19.249,11.917,0
90.648,124.917,0.531,937.077,3.212,931.166,16.928,9.293,0
77.458,126.745,0.57,723.416,3.031,940.486,18.486,13.319,0
74.493,126.501,0.444,916.147,3.094,969.766,23.278,16.119,0
78.285,122.786,0.376,836.435,2.811,962.109,18.108,11.257,0
73.998,125.918,0.527,917.455,3.307,891.397,19.334,17.201,0
75.288,124.141,0.403,758.112,3.089,925.13,17.899,10.734,0
75.225,98.377,0.458,852.911,3.025,911.495,20.156,14.202,0
78.679,139.205,0.489,881.504,3.211,964.846,17.966,10.145,0
74.679,127.915,0.414,828.788,3.486,967.059,20.354,14.262,0
65.306,158.089,0.502,758.86,3.323,978.268,16.768,15.864,0
71.023,127.359,0.346,876.967,3.67,925.536,17.975,10.561,0
72.938,105.303,0.465,804.321,3.012,924.162,21.812,16.291,0
74.442,99.171,0.355,921.537,3.24,951.477,17.932,15.582,0
71.843,103.236,0.435,751.205,3.287,948.634,26.655,12.341,0
64.834,124.833,0.377,850.541,3.151,936.966,16.666,15.236,0
81.784,131.694,0.436,915.54,3.685,906.293,12.039,14.599,0
69.155,118.697,0.443,760.154,3.118,949.039,22.087,10.016,0
71.492,145.396,0.382,874.274,3.012,935.719,17.783,13.889,0
86.065,119.052,0.422,805.62,3.528,945.847,24.665,14.168,0
129.792,190.033,0.743,2379.732,2.57,1003.425,40.573,29.706,1
86.959,143.053,0.465,722.315,3.349,937.225,17.614,11.732,0
75.48,115.142,0.37,749.246,2.83,935.567,20.853,13.536,0
72.227,114.684,0.438,749.641,3.313,995.369,26.091,16.259,0
85.893,124.953,0.46,809.635,3.263,937.652,22.626,14.366,0
73.909,124.013,0.461,782.779,3.484,951.39,20.643,17.4,0
75.642,125.113,0.391,912.667,3.266,982.658,19.98,13.179,0
74.592,112.768,0.409,965.911,3.324,954.807,21.004,15.415,0
71.731,153.889,0.351,888.279,3.253,928.198,21.711,13.428,0
92.106,106.746,0.438,907.925,3.274,883.559,24.478,10.854,0
88.58,134.949,0.506,867.615,3.261,934.221,20.474,8.62,0
92.716,131.325,0.453,809.042,3.319,911.46,18.687,13.327,0
80.66,112.627,0.471,886.297,3.161,932.168,17.527,15.415,0
76.753,102.789,0.452,921.473,3.25,966.585,27.635,15.038,0
76.978,107.523,0.442,904.016,3.511,941.006,19.284,9.985,0
75.373,117.887,0.409,795.872,3.584,993.851,22.037,8.007,0
78.199,145.235,0.417,1011.658,3.115,948.003,13.956,11.013,0
86.225,126.885,0.494,812.055,3.177,937.751,15.206,13.492,0
92.802,209.673,0.37,3451.474,3.005,913.45,36.407,28.24,1
84.143,97.113,0.484,887.387,3.367,916.054,21.982,11.425,0
64.857,118.876,0.486,740.058,3.377,930.129,23.856,12.107,0
65.45,141.913,0.362,1026.563,2.702,969.727,15.085,11.333,0
82.821,126.08,0.353,948.116,3.286,980.841,18.177,17.5,0
90.602,110.921,0.445,899.84,3.194,961.88,16.951,14.292,0
83.99,103.474,0.514,827.8,3.21,960.345,17.253,14.615,0
82.359,116.205,0.315,870.526,2.535,952.482,18.932,12.912,0
80.126,136.152,0.503,792.601,2.862,967.669,14.468,16.875,0
84.046,126.873,0.452,918.042,3.151,935.359,16.257,15.858,0
66.224,127.039,0.457,874.309,3.21,955.24,21.629,13.801,0
71.082,139.971,0.366,773.065,3.171,939.117,15.682,9.684,0
81.158,125.051,0.429,795.515,3.122,915.195,17.293,18.618,0
61.303,128.211,0.448,869.367,3.22,895.829,12.07,9.174,0
62.828,149.088,0.456,858.014,2.867,937.767,21.405,13.952,0
63.58,124.513,0.367,852.902,3.139,988.594,20.978,18.463,0
75.847,125.131,0.352,830.29,3.218,913.184,18.03,12.008,0
77.991,145.62,0.477,830.648,3.01,965.727,19.502,15.432,0
62.385,124.056,0.421,856.177,2.987,949.868,24.207,9.816,0
75.983,136.299,0.624,859.914,3.126,974.22,21.172,11.363,0
80.878,100.964,0.457,788.934,3.059,952.47,19.553,8.625,0
78.944,126.993,0.449,810.49,3.318,999.307,19.327,12.694,0
71.567,115.835,0.43,784.882,2.961,955.295,18.376,11.044,0
82.461,97.692,0.549,939.968,3.008,949.398,14.75,17.351,0
73.917,115.505,0.444,896.328,3.134,962.804,14.788,17.786,0
76.388,113.155,0.442,824.224,3.169,946.58,22.412,12.961,0
79.238,121.073,0.492,809.328,3.488,950.646,15.12,13.779,0
68.025,122.809,0.524,916.2,3.206,942.512,19.608,16.361,0
73.667,112.923,0.453,930.266,3.07,963.573,11.428,8.102,0
71.699,111.136,0.441,885.052,3.372,978.488,14.134,13.648,0
63.221,130.19,0.394,724.967,2.983,983.694,16.892,10.711,0
73.404,113.63,0.461,953.979,2.965,991.662,17.777,16.836,0
121.144,208.967,0.795,2347.363,2.701,1037.954,39.128,44.187,1
71.797,117.926,0.426,871.04,2.961,936.27,14.578,9.593,0
79.801,111.245,0.418,852.278,3.423,947.331,14.967,14.217,0
72.078,106.095,0.538,839.843,3.207,947.979,16.85,15.066,0
64.332,141.444,0.401,856.866,3.17,1009.514,11.582,10.53,0
68.724,126.766,0.485,853.143,3.105,952.169,17.923,10.1,0
70.05,123.892,0.429,785.108,3.305,984.511,17.326,14.007,0
74.23,131.294,0.41,890.996,3.656,985.99,11.97,12.683,0
72.924,107.752,0.441,816.574,3.423,930.057,18.073,13.874,0
63.895,108.127,0.482,816.075,3.138,905.47,19.047,16.721,0
73.448,119.411,0.483,900.731,2.975,945.222,17.74,11.429,0
108.277,244.377,0.681,2626.248,2.982,979.06,66.858,40.67,1
66.339,144.751,0.431,694.056,3.239,946.96,20.004,13.287,0
73.894,136.95,0.455,780.845,2.973,952.666,18.849,8.845,0
77.667,144.763,0.385,906.965,3.108,963.108,15.632,15.897,0
80.427,110.384,0.374,868.391,2.907,914.208,12.869,11.76,0
78.661,115.151,0.507,807.672,3.087,942.387,15.471,5.843,0
82.878,117.779,0.433,842.367,3.684,959.619,21.029,12.022,0
66.294,125.602,0.479,815.283,3.199,922.817,20.72,12.114,0
84.884,112.862,0.447,686.357,3.29,955.506,10.785,11.671,0
72.184,118.059,0.399,945.069,3.15,947.983,22.791,14.456,0
93.614,125.659,0.452,789.919,3.068,980.321,15.042,11.906,0
81.663,120.486,0.462,955.467,2.906,971.643,17.568,8.927,0
62.691,95.868,0.437,807.236,2.823,888.008,15.142,14.313,0
80.57,125.757,0.372,983.956,3.155,952.658,10.603,9.407,0
78.584,128.721,0.57,808.462,3.106,943.947,18.683,11.015,0
79.163,108.207,0.363,943.023,3.42,936.377,22.995,13.548,0
78.892,110.94,0.578,842.526,3.063,943.019,22.39,13.43,0
78.798,129.817,0.481,910.474,3.48,928.064,20.101,15.344,0
77.128,128.493,0.412,843.102,3.16,944.247,19.422,9.683,0
89.81,105.187,0.472,916.283,2.94,904.706,16.29,7.622,0
63.474,121.445,0.529,895.945,3.148,896.995,16.429,13.588,0
70.42,117.579,0.367,846.166,2.993,938.192,18.664,13.21,0
61.837,103.972,0.461,841.195,2.887,921.181,13.167,12.74,0
70.335,127.227,0.46,956.266,3.394,917.654,22.647,17.904,0
117.54,163.034,0.523,4327.257,3.231,1002.169,28.785,26.953,1
69.963,113.364,0.355,803.4,3.108,934.369,13.289,13.698,0
56.145,124.194,0.518,861.369,3.209,955.813,12.308,11.024,0
76.037,141.662,0.475,885.195,3.02,936.044,24.155,9.787,0
67.343,119.839,0.44,912.103,3.336,948.124,21.867,17.066,0
73.947,133.016,0.459,862.671,3.313,984.073,25.604,13.423,0
75.019,109.101,0.504,862.743,3.359,942.581,27.365,16.526,0
81.592,135.102,0.365,788.927,3.371,966.02,17.042,11.728,0
65.933,132.865,0.416,758.678,3.55,960.409,19.782,16.365,0
64.631,122.624,0.457,900.54,3.005,924.0,22.99,8.69,0
78.446,132.738,0.437,942.581,3.417,966.776,17.417,16.373,0
69.194,104.032,0.416,900.931,3.402,878.443,18.589,11.518,0
76.993,119.685,0.535,849.888,3.154,933.756,16.054,16.959,0
67.986,118.025,0.452,783.567,3.13,921.36,12.803,9.503,0
80.669,120.629,0.462,1009.379,2.892,930.678,9.041,16.195,0
66.723,117.099,0.463,798.662,3.124,955.468,9.399,12.576,0
72.901,106.826,0.471,760.379,2.938,969.78,15.564,6.899,0
78.224,116.176,0.436,765.804,3.239,969.557,14.648,14.99,0
73.374,116.017,0.473,868.57,3.211,931.4,24.504,10.563,0
72.959,120.174,0.533,802.045,2.949,977.436,23.069,11.572,0
69.233,113.798,0.511,719.044,3.321,908.794,16.168,12.862,0
58.677,126.831,0.469,873.346,2.727,947.692,21.989,8.98,0
69.877,115.936,0.392,787.122,3.37,925.703,21.204,6.599,0
132.889,194.13,0.686,2033.368,2.888,1010.56,44.254,46.909,1
74.071,112.216,0.461,877.067,3.153,971.021,22.08,11.916,0
81.213,85.981,0.365,757.616,2.963,966.968,12.098,13.055,0
109.803,219.768,0.594,1883.041,2.3,1007.51,48.358,37.493,1
80.915,121.012,0.434,755.063,2.759,902.575,14.047,8.126,0
74.567,123.684,0.435,751.67,3.173,946.617,15.299,14.629,0
88.592,94.005,0.419,799.714,3.471,976.432,16.424,12.811,0
75.8,113.981,0.523,792.89,2.976,976.732,17.27,11.501,0
79.522,127.352,0.387,768.666,2.973,939.811,14.17,11.308,0
65.056,131.12,0.493,687.947,3.119,967.095,18.515,16.107,0
59.48,150.411,0.442,802.94,3.362,956.343,15.882,14.939,0
76.912,102.791,0.432,959.355,3.156,936.128,15.921,9.192,0
64.451,93.782,0.382,838.496,3.252,963.691,21.204,15.032,0
80.017,120.368,0.493,851.678,3.24,897.194,18.399,9.133,0
74.788,109.365,0.45,810.517,3.339,975.751,19.179,13.405,0
75.187,122.874,0.426,913.034,3.532,926.399,21.093,13.879,0
87.34,111.969,0.507,782.681,3.337,902.878,25.585,12.44,0
82.712,109.383,0.344,867.079,3.161,956.537,14.223,14.168,0
64.101,109.326,0.426,769.644,3.474,955.571,15.945,18.789,0
78.448,111.316,0.409,761.87,2.966,972.043,24.05,8.966,0
73.334,127.698,0.501,942.619,3.502,934.682,20.128,6.855,0
69.551,120.404,0.473,701.757,3.265,974.106,17.647,13.157,0
75.159,116.502,0.409,735.383,3.041,941.665,16.195,15.478,0
69.406,125.716,0.483,770.128,3.478,957.688,19.635,14.966,0
61.949,108.422,0.403,771.139,3.133,930.416,19.23,9.979,0
80.114,131.403,0.424,930.44,3.004,931.29,16.913,12.655,0
73.774,85.938,0.411,864.136,3.063,931.283,17.854,9.179,0
65.276,125.563,0.488,914.365,3.068,995.417,21.287,11.506,0
88.721,143.564,0.476,1079.095,2.877,947.073,79.147,20.547,1
76.751,122.088,0.508,799.003,3.522,950.258,16.289,10.829,0
82.868,116.064,0.482,838.752,2.705,950.361,12.109,15.654,0
86.925,131.045,0.546,1056.101,2.825,908.399,57.925,16.619,1
84.47,134.769,0.416,906.822,3.131,908.791,22.609,6.919,0
79.861,133.563,0.473,998.049,3.343,946.822,19.982,10.555,0
79.739,154.0,0.512,742.104,3.178,921.995,22.267,7.059,0
78.019,112.663,0.426,789.115,3.179,959.623,16.049,9.737,0
78.318,113.535,0.381,924.777,3.341,943.08,20.039,16.28,0
74.273,131.913,0.461,880.382,3.169,945.89,19.434,13.563,0
76.264,122.57,0.383,1017.63,2.737,942.244,19.201,9.971,0
79.913,120.066,0.535,812.507,3.009,946.67,18.858,10.669,0
79.549,141.239,0.438,791.828,3.163,945.642,16.501,10.459,0
69.069,130.454,0.438,949.517,3.183,923.869,21.627,12.718,0
74.941,106.751,0.433,839.383,3.369,930.632,18.691,15.039,0
74.035,115.114,0.517,809.998,2.951,973.993,19.254,7.713,0
75.272,116.263,0.56,901.471,3.249,887.766,18.751,17.458,0
67.054,114.594,0.489,880.586,3.067,944.954,19.663,10.714,0
68.52,123.249,0.435,880.662,3.712,949.789,17.909,16.107,0
77.161,128.136,0.472,940.081,3.126,937.676,21.412,13.65,0
67.775,97.37,0.427,970.131,2.94,958.433,18.705,13.832,0
70.517,120.955,0.466,780.529,3.683,894.819,18.51,8.754,0
82.82,126.43,0.48,844.795,3.02,904.006,9.619,11.599,0
86.449,120.472,0.438,950.691,3.009,988.675,13.058,15.121,0
74.856,129.238,0.471,817.469,3.38,952.958,24.189,7.614,0
59.368,119.424,0.44,1036.259,3.478,952.14,21.421,12.539,0
90.33,123.549,0.547,975.819,2.953,923.32,22.936,9.944,0
74.195,134.861,0.381,751.191,2.951,950.659,25.411,12.492,0
77.533,112.886,0.461,757.782,2.898,926.462,20.4,12.738,0
74.377,110.75,0.493,803.909,3.251,961.417,17.983,14.703,0
78.697,132.737,0.521,833.578,3.389,972.95,17.891,14.408,0
78.435,141.331,0.341,703.248,3.288,976.739,16.529,11.491,0
80.807,139.688,0.415,909.507,3.175,954.327,18.382,10.866,0
80.324,114.469,0.502,897.006,3.177,936.308,20.93,10.82,0
71.699,126.906,0.457,799.033,3.796,891.287,22.437,11.49,0
84.665,138.677,0.493,848.035,3.474,929.987,22.143,14.159,0
84.105,118.801,0.371,833.224,3.18,962.893,19.39,6.169,0
74.463,140.584,0.512,876.794,3.118,909.991,18.28,9.25,0
83.741,97.404,0.4,794.682,3.236,972.58,14.944,12.482,0
66.772,116.651,0.451,895.71,2.842,955.381,25.817,10.395,0
73.237,111.086,0.452,888.097,2.794,989.095,17.906,11.044,0
76.623,117.17,0.47,898.857,3.212,975.728,18.42,8.636,0
66.827,102.826,0.505,837.939,3.427,931.452,19.078,14.802,0
79.618,118.5,0.428,798.448,3.492,957.089,14.356,14.305,0
92.559,109.156,0.491,747.16,3.299,959.37,18.511,11.301,0
71.633,125.134,0.484,770.918,3.166,990.153,21.983,9.407,0
83.184,126.961,0.415,893.181,3.012,956.387,26.536,14.401,0
70.521,118.119,0.441,811.881,3.318,951.038,20.1,10.164,0
78.241,122.572,0.486,754.573,3.224,951.979,18.545,9.698,0
71.732,106.571,0.452,862.074,3.104,952.339,19.284,16.621,0
89.101,96.099,0.452,883.217,3.229,970.132,8.441,8.625,0
77.598,106.667,0.428,830.309,3.409,1018.222,20.371,7.582,0
78.693,101.393,0.396,870.997,3.642,883.487,18.018,9.892,0
69.226,124.504,0.405,908.386,3.343,974.99,17.959,14.407,0
79.029,125.707,0.343,1035.81,3.288,914.075,18.909,14.974,0
76.988,115.701,0.558,745.978,3.234,918.247,19.281,10.889,0
68.766,111.168,0.291,643.165,3.303,968.868,18.401,15.984,0
78.009,107.65,0.411,822.545,2.992,969.404,14.361,13.723,0
76.758,128.406,0.394,836.895,3.525,980.408,13.652,12.079,0
78.797,111.404,0.362,713.627,2.98,951.533,17.351,12.055,0
79.72,127.847,0.403,804.646,3.027,927.3,19.897,8.897,0
76.403,132.222,0.395,800.914,3.277,946.081,26.61,10.426,0
74.367,142.94,0.439,856.721,2.967,918.936,17.086,12.558,0
80.586,109.635,0.533,869.688,3.509,948.043,23.138,11.932,0
65.916,152.637,0.51,817.719,3.449,978.432,20.459,12.885,0
73.219,87.69,0.543,859.326,2.993,963.63,13.983,13.118,0
78.765,122.124,0.46,869.83,3.189,912.143,16.671,13.462,0
74.512,115.542,0.491,880.73,3.302,956.37,16.389,10.75,0
70.607,145.393,0.411,1099.016,3.333,945.118,25.004,10.761,0
78.968,101.445,0.443,873.041,3.572,963.369,21.788,9.629,0
69.804,132.227,0.471,885.321,3.145,943.582,22.725,10.239,0
83.47,108.392,0.424,893.084,3.047,990.049,16.353,13.01,0
71.24,112.642,0.422,839.088,3.25,948.493,18.353,13.735,0
69.552,141.334,0.463,1091.058,2.651,882.918,74.341,19.985,1
69.203,104.274,0.366,904.723,3.354,982.561,15.42,7.469,0
64.975,126.489,0.476,771.592,3.109,961.796,25.404,10.287,0
75.175,103.572,0.472,863.071,3.033,931.166,11.495,17.915,0
80.452,114.991,0.448,911.739,3.465,944.038,24.275,11.57,0
86.784,124.519,0.548,872.005,3.558,954.645,14.157,10.489,0
60.032,127.152,0.472,928.934,3.16,920.357,13.141,10.456,0
78.048,98.915,0.436,860.243,3.129,944.668,23.698,12.588,0
80.181,106.934,0.488,791.622,3.205,952.234,18.08,7.279,0
74.5,124.793,0.431,888.925,3.471,973.233,16.68,11.424,0
77.994,134.56,0.369,821.02,3.24,955.59,23.924,13.126,0
87.07,95.549,0.469,809.221,3.358,981.717,17.072,10.166,0
72.273,95.974,0.359,800.003,3.606,980.912,11.807,11.788,0
80.957,115.206,0.453,902.011,3.047,927.785,16.377,12.431,0
72.088,111.805,0.544,946.693,3.404,945.896,15.123,7.534,0
79.907,108.59,0.423,893.348,3.317,873.418,20.698,13.137,0
74.495,134.994,0.431,752.15,3.257,930.951,16.421,12.605,0
79.216,146.113,0.492,877.315,3.236,976.991,10.43,12.998,0
62.874,131.986,0.429,882.308,3.339,943.574,10.988,13.629,0
84.438,119.417,0.435,1049.643,2.987,926.809,9.684,8.623,0
76.866,140.503,0.38,864.297,3.118,944.625,20.212,14.769,0
69.345,96.703,0.477,745.775,3.076,1001.282,15.16,9.315,0
81.537,113.585,0.414,740.325,2.974,903.966,21.945,15.204,0
85.174,132.375,0.478,854.614,3.486,924.158,17.553,14.573,0
74.795,120.451,0.543,930.287,3.44,948.837,15.366,9.569,0
93.885,128.408,0.407,786.739,3.143,965.264,19.147,12.12,0
69.086,132.26,0.43,795.981,3.426,930.93,15.334,9.567,0
68.103,108.382,0.493,824.574,3.264,922.907,21.694,14.06,0
74.729,135.076,0.458,758.07,3.329,988.699,17.931,16.883,0
72.771,109.017,0.497,809.127,3.241,951.83,13.743,7.928,0
61.082,113.368,0.441,872.384,3.076,946.3,17.509,9.507,0
65.486,134.604,0.453,783.046,3.104,976.112,17.057,10.46,0
62.85,115.342,0.452,801.644,2.75,941.136,15.874,12.913,0
74.121,102.359,0.441,830.61,3.112,964.498,18.07,11.289,0
95.381,107.882,0.388,803.373,2.926,947.582,14.797,9.859,0
68.161,148.908,0.472,808.417,3.273,973.369,14.181,19.415,0
68.714,115.976,0.477,679.426,3.173,915.473,13.988,15.919,0
77.614,106.837,0.513,833.508,3.235,1022.46,16.845,7.968,0
75.599,121.98,0.507,873.083,3.119,963.154,18.251,10.67,0
108.002,186.534,0.564,3609.277,3.009,1000.834,28.513,28.839,1
79.471,124.186,0.484,818.597,2.988,928.652,14.946,12.514,0
83.14,132.587,0.371,873.875,3.005,913.667,18.541,16.04,0
83.376,143.57,0.458,772.574,3.073,926.749,19.33,13.58,0
69.097,108.901,0.402,872.299,2.994,964.499,20.853,15.181,0
63.391,154.327,0.453,798.757,3.138,973.877,14.993,11.323,0
75.591,98.082,0.437,871.344,3.217,974.393,18.058,10.965,0
61.227,130.272,0.567,825.091,3.029,962.389,18.893,9.871,0
86.186,140.583,0.432,847.841,3.403,948.112,16.512,11.594,0
58.105,125.425,0.434,845.795,3.205,939.073,15.843,10.214,0
74.389,74.146,0.454,742.55,3.107,948.748,17.761,6.318,0
68.1,120.752,0.48,913.375,3.213,961.508,13.937,8.662,0
81.31,126.884,0.481,971.37,3.109,976.374,25.202,14.03,0
86.748,122.354,0.372,769.064,2.979,993.002,10.638,18.144,0
75.247,149.354,0.4,754.152,3.217,992.548,13.322,9.338,0
82.786,97.94,0.437,896.867,3.09,960.933,18.06,13.787,0
70.786,100.809,0.358,1010.256,2.92,883.096,16.416,14.93,0
74.918,127.521,0.601,765.986,2.992,946.169,20.591,19.02,0
78.933,117.551,0.456,849.412,2.861,907.379,18.031,16.67,0
78.955,132.328,0.514,840.38,3.582,939.615,20.46,16.251,0
74.892,116.603,0.406,880.153,2.623,931.739,16.129,12.514,0
74.105,104.87,0.456,913.603,3.172,924.773,18.615,13.698,0
76.791,114.922,0.379,943.269,3.259,962.821,14.029,5.292,0
70.616,114.359,0.369,886.118,3.177,946.032,14.684,10.809,0
68.863,128.097,0.481,823.385,3.16,885.233,16.979,12.866,0
73.57,147.807,0.388,880.032,3.528,938.992,18.691,8.008,0
88.685,132.398,0.446,861.488,3.242,905.091,14.589,15.349,0
76.554,148.078,0.378,711.659,3.325,950.617,19.253,14.185,0
62.095,111.729,0.445,688.31,3.041,906.935,17.017,12.047,0
84.931,94.509,0.417,686.141,3.496,909.273,18.864,14.527,0
81.263,159.69,0.499,3631.872,2.92,978.944,30.646,29.375,1
75.059,111.212,0.391,853.306,2.947,907.321,17.007,14.171,0
75.233,116.399,0.423,934.242,3.156,949.9,16.487,15.782,0
65.148,109.997,0.412,872.805,2.99,977.604,15.506,10.677,0
59.723,139.635,0.512,872.962,3.07,946.482,12.534,14.157,0
82.722,130.492,0.414,865.346,3.338,933.222,21.341,7.793,0
74.798,132.106,0.382,1023.444,3.121,950.493,18.835,12.625,0
59.022,127.327,0.489,785.649,3.22,950.905,9.627,11.365,0
77.494,123.291,0.469,882.112,3.256,925.991,18.043,10.25,0
81.55,134.312,0.452,801.316,3.125,973.206,24.074,11.1,0
70.078,134.828,0.513,910.884,3.249,987.059,18.22,11.326,0
75.546,123.756,0.415,921.623,3.291,968.963,18.213,13.138,0
62.709,130.836,0.483,793.184,3.535,952.503,21.586,9.391,0
62.462,107.546,0.463,838.241,3.196,924.128,21.477,12.464,0
53.421,106.545,0.385,903.204,3.2,991.092,14.074,14.33,0
77.285,113.132,0.403,843.37,3.176,962.898,21.035,11.989,0
72.238,101.899,0.508,765.348,3.465,951.264,17.593,12.543,0
87.238,126.51,0.502,876.836,3.528,981.395,17.396,12.812,0
75.099,132.258,0.546,816.191,3.061,950.213,16.656,11.621,0
68.615,109.061,0.489,867.338,2.956,1000.981,22.385,6.978,0
70.888,114.596,0.36,768.5,3.392,972.126,24.356,11.584,0
88.517,120.216,0.383,928.892,3.367,930.567,21.131,10.398,0
78.69,127.873,0.368,792.583,3.617,931.125,16.914,12.001,0
70.739,96.78,0.477,759.432,3.053,908.895,17.974,7.549,0
70.431,114.189,0.377,906.096,3.432,949.591,21.376,10.156,0
68.568,139.989,0.406,958.985,3.001,945.356,19.484,10.92,0
92.725,162.919,0.501,1271.269,3.535,846.558,70.1,18.602,1
81.693,103.727,0.436,962.698,3.309,943.553,20.617,16.521,0
70.647,113.433,0.472,719.958,3.495,964.781,16.778,9.344,0
84.624,125.03,0.418,781.78,2.921,941.084,19.406,3.574,0
61.04,125.682,0.478,896.606,3.059,961.202,16.338,12.164,0
80.219,133.954,0.387,983.137,3.368,908.222,13.201,13.814,0
84.22,89.06,0.388,927.858,3.0,956.053,16.099,9.896,0
74.574,102.98,0.4,777.129,3.301,992.135,11.916,7.004,0
80.934,132.334,0.414,829.456,3.288,934.674,13.034,14.179,0
123.011,172.858,0.648,2309.587,2.453,1001.657,38.6,37.473,1
81.231,134.572,0.403,955.361,3.375,985.781,16.838,13.242,0
85.806,121.887,0.488,771.527,3.095,944.227,22.675,13.383,0
54.832,129.182,0.387,950.561,3.012,922.813,17.926,11.833,0
80.077,127.224,0.51,851.963,2.953,875.027,15.532,14.98,0
84.732,113.183,0.432,785.542,2.779,897.775,20.915,5.333,0
82.394,100.109,0.377,858.736,3.629,911.637,25.3,15.053,0
86.65,117.659,0.397,860.12,3.227,946.498,24.767,13.516,0
86.158,142.345,0.485,820.374,2.935,939.466,26.837,15.32,0
83.781,97.74,0.469,925.319,3.276,970.654,17.567,13.933,0
69.218,116.512,0.451,812.715,3.119,935.052,25.87,15.152,0
85.959,99.202,0.431,964.217,3.055,926.38,17.499,10.759,0
78.464,126.737,0.458,636.669,3.005,978.202,15.049,13.052,0
74.86,108.12,0.424,802.612,3.243,933.63,18.611,9.823,0
69.283,130.275,0.565,927.749,3.144,996.45,19.701,15.034,0
51.847,110.354,0.469,966.939,3.466,932.279,21.821,11.938,0
75.172,123.045,0.437,911.67,3.41,928.538,17.563,9.25,0
82.392,96.772,0.469,1039.819,3.312,978.313,16.849,11.02,0
77.232,112.748,0.426,745.092,3.062,965.313,23.524,7.805,0
74.677,112.834,0.468,814.146,3.3,970.33,21.779,8.384,0
70.412,108.468,0.371,832.512,2.846,919.279,18.383,6.006,0
89.404,110.641,0.542,842.507,3.097,972.513,17.565,13.895,0
78.559,136.911,0.534,788.652,3.524,947.625,24.021,11.321,0
94.88,120.628,0.413,837.791,3.581,907.76,24.988,16.711,0
63.627,128.918,0.446,875.992,3.147,946.617,20.319,12.293,0
76.982,104.269,0.418,954.667,3.539,942.138,21.606,14.353,0
84.645,116.282,0.493,910.415,3.344,958.61,17.464,9.749,0
76.862,129.686,0.422,890.497,3.226,913.748,18.357,11.401,0
56.235,106.84,0.525,832.169,2.908,974.112,22.251,7.483,0
77.018,129.581,0.442,801.007,3.197,949.786,11.411,8.906,0
85.305,123.39,0.455,907.145,3.655,966.029,25.244,10.455,0
66.584,120.379,0.48,872.714,3.268,969.752,21.064,6.794,0
85.229,131.681,0.488,878.258,3.053,957.148,14.141,12.451,0
74.935,139.141,0.455,860.753,3.256,988.335,21.852,11.056,0
81.576,91.785,0.41,859.907,3.508,933.654,12.836,10.267,0
64.247,123.566,0.419,879.336,3.358,904.472,26.98,9.102,0
80.02,130.6,0.372,858.164,3.442,952.519,17.576,6.264,0
76.272,134.163,0.402,930.595,3.05,979.214,16.263,17.483,0
81.409,128.92,0.494,881.661,3.075,986.487,19.167,17.032,0
71.29,94.706,0.473,777.798,3.659,958.923,22.478,16.952,0
66.363,122.472,0.439,772.606,2.977,959.563,24.655,11.469,0
84.526,118.46,0.501,890.046,3.003,972.313,11.991,13.24,0
72.465,139.172,0.459,821.047,3.486,906.555,20.731,12.561,0
79.085,114.091,0.477,766.165,3.309,958.657,19.184,7.967,0
61.827,124.53,0.488,864.991,3.217,898.204,13.401,16.919,0
71.324,139.209,0.412,968.014,3.002,969.83,19.671,11.662,0
76.918,108.29,0.451,879.814,3.242,914.289,14.948,15.091,0
67.943,110.29,0.393,987.058,3.428,916.477,11.685,11.378,0
76.449,108.583,0.411,643.365,3.278,964.978,19.193,4.606,0
64.594,134.096,0.449,964.886,3.129,928.762,17.692,14.53,0
72.236,129.434,0.438,776.939,2.866,924.037,23.099,12.682,0
77.574,104.301,0.408,872.215,3.313,941.074,24.668,13.576,0
74.163,122.713,0.456,798.857,3.016,920.778,17.184,6.47,0
61.386,85.207,0.508,920.942,3.207,906.075,21.042,6.204,0
57.72,125.017,0.461,859.589,3.329,921.525,21.471,13.212,0
64.001,130.509,0.496,819.247,3.467,961.416,16.744,7.869,0
75.798,104.177,0.456,958.266,3.237,955.789,15.778,10.387,0
70.255,106.083,0.537,823.655,3.352,951.098,23.319,10.104,0
82.286,154.173,0.437,967.665,3.127,934.446,17.349,12.224,0
69.746,127.472,0.512,858.366,2.902,1013.531,16.309,6.216,0
97.121,101.374,0.5,765.32,3.477,981.091,26.692,14.527,0
64.495,129.611,0.406,905.551,3.162,971.664,17.6,9.416,0
60.619,127.711,0.41,868.427,3.324,965.811,16.29,12.024,0
77.346,136.0,0.508,808.744,3.077,929.259,20.169,15.933,0
74.62,117.385,0.443,773.501,3.129,991.0,21.452,14.748,0
71.47,128.213,0.404,935.977,3.242,927.567,18.032,11.037,0
62.537,121.405,0.474,855.088,3.218,932.162,21.075,8.332,0
66.432,120.625,0.477,844.974,3.176,935.737,24.804,14.529,0
80.625,122.005,0.43,806.384,3.192,958.061,16.252,11.02,0
71.04,101.382,0.394,876.878,3.281,992.61,24.815,12.061,0
85.5,120.372,0.378,849.389,3.269,924.289,17.912,9.681,0
73.252,123.662,0.444,807.267,3.23,949.928,27.023,17.924,0
77.118,117.76,0.488,941.247,3.184,965.066,17.339,12.838,0
70.552,113.521,0.442,781.413,3.136,964.976,20.231,13.218,0
66.006,110.38,0.477,885.364,3.368,981.823,15.622,8.065,0
135.616,218.962,0.694,2534.047,2.524,1003.769,34.861,34.767,1
77.258,112.927,0.521,721.623,3.118,927.47,25.207,14.601,0
72.127,118.7,0.451,865.032,3.115,943.588,21.591,14.375,0
72.208,124.327,0.457,843.856,3.106,930.338,23.176,11.097,0
70.246,135.462,0.385,739.586,2.92,962.961,17.475,8.923,0
87.526,123.556,0.451,990.162,2.797,922.962,18.683,8.823,0
85.899,116.901,0.516,892.328,3.232,919.477,21.463,12.706,0
71.473,98.48,0.413,702.688,3.15,918.557,26.947,11.784,0
63.537,119.729,0.406,870.107,3.068,986.326,9.135,14.094,0
71.713,114.182,0.477,781.984,3.285,931.82,27.514,15.339,0
72.916,132.047,0.506,887.752,3.298,916.259,8.749,11.431,0
83.839,135.571,0.437,941.198,3.302,959.83,18.829,17.774,0
111.505,177.983,0.523,3704.523,3.543,950.707,34.329,31.351,1
66.165,155.821,0.588,604.793,3.227,949.26,26.488,13.952,0
69.598,124.383,0.464,953.558,3.023,936.493,27.389,12.605,0
78.202,113.792,0.448,976.491,3.111,925.988,14.43,11.12,0
85.303,97.919,0.413,851.844,3.266,951.073,15.616,14.407,0
83.222,112.911,0.445,852.699,3.182,977.652,19.592,10.186,0
80.704,131.877,0.394,810.831,3.102,935.274,8.261,14.239,0
70.76,99.756,0.423,874.026,2.977,914.547,24.792,15.427,0
75.732,112.275,0.436,797.936,3.234,945.442,17.246,11.686,0
75.92,125.997,0.402,839.931,3.209,932.296,16.756,10.629,0
76.502,114.446,0.429,1018.241,2.928,945.152,18.796,14.331,0
64.036,112.681,0.423,921.427,3.124,957.885,12.005,13.68,0
72.631,98.404,0.354,950.741,3.164,955.911,16.893,12.385,0
82.887,125.437,0.438,916.489,3.034,961.398,17.818,10.21,0
59.452,124.57,0.43,769.823,3.46,920.204,12.61,8.953,0
72.385,154.199,0.508,775.179,3.288,976.791,11.459,12.282,0
80.15,128.72,0.346,924.514,3.16,949.743,21.26,10.326,0
74.635,101.542,0.472,939.675,3.481,964.09,11.774,7.307,0
63.157,139.012,0.402,927.127,3.196,939.45,15.204,12.438,0
84.563,137.312,0.516,909.429,3.414,937.567,21.395,12.267,0
75.432,140.929,0.485,811.452,3.017,923.803,21.632,15.275,0
54.2,113.171,0.42,816.018,2.99,950.389,16.451,9.899,0
87.736,123.514,0.465,722.527,2.709,997.218,15.647,15.607,0
85.65,110.448,0.442,759.156,3.219,946.845,11.086,11.954,0
64.716,103.643,0.446,918.517,3.475,942.472,16.056,12.405,0
88.324,108.599,0.433,970.664,3.066,936.113,20.406,15.301,0
72.613,116.903,0.504,742.536,2.892,931.67,25.809,11.714,0
77.137,124.892,0.467,994.869,3.152,931.358,15.752,15.677,0
93.616,104.548,0.414,746.517,2.835,932.484,20.304,14.641,0
85.839,126.404,0.519,774.384,3.294,942.671,21.29,13.789,0
83.89,133.213,0.39,877.912,3.306,1009.772,14.798,11.916,0
74.283,125.792,0.443,896.745,3.601,975.512,16.388,13.297,0
67.157,118.712,0.538,871.862,3.265,950.949,18.903,9.968,0
75.483,97.466,0.536,893.267,3.157,964.774,18.517,18.49,0
81.098,121.18,0.466,926.357,3.152,959.964,14.61,12.02,0
65.128,123.563,0.456,938.343,3.496,948.895,20.248,14.395,0
87.395,106.799,0.523,823.973,2.9,927.646,20.121,15.819,0
86.208,137.455,0.448,783.182,2.962,988.51,18.933,10.109,0
58.975,122.263,0.449,900.916,3.12,993.499,21.701,12.458,0
85.503,113.035,0.529,737.332,3.198,940.84,20.69,16.538,0
86.224,122.873,0.403,889.733,3.629,950.243,13.231,11.386,0
69.149,109.236,0.514,744.181,3.094,947.269,18.484,14.906,0
78.999,112.795,0.421,876.345,3.125,911.036,14.563,11.099,0
71.605,121.129,0.428,745.563,3.099,974.339,15.945,11.372,0
64.723,129.31,0.424,708.867,2.957,941.991,18.274,16.066,0
74.792,106.247,0.422,904.306,3.385,919.321,13.019,12.587,0
76.303,111.101,0.553,649.924,3.493,945.888,14.3,12.951,0
76.017,120.505,0.381,801.95,3.36,964.117,15.012,9.46,0
76.908,116.678,0.473,1003.956,3.356,946.193,16.55,10.461,0
78.267,122.931,0.427,909.083,3.371,956.183,10.647,18.281,0
72.282,128.052,0.541,934.633,3.351,969.375,18.781,5.423,0
85.337,170.383,0.481,813.652,3.274,958.787,21.44,7.139,0
74.153,97.82,0.515,796.097,3.03,994.874,22.436,10.877,0
59.857,113.344,0.475,801.765,3.526,979.975,20.76,11.921,0
81.677,110.915,0.437,881.67,3.076,907.911,14.98,9.752,0
84.759,135.548,0.472,988.754,3.284,931.134,18.613,9.741,0
64.02,87.589,0.453,737.617,3.033,955.754,23.344,12.806,0
81.719,104.316,0.441,791.129,3.292,930.805,15.822,11.555,0
90.444,126.846,0.403,984.942,3.227,903.885,19.524,14.405,0
83.515,137.291,0.415,1018.469,3.222,901.601,20.023,9.466,0
64.77,122.481,0.408,929.693,3.147,939.61,15.388,12.189,0
68.127,132.46,0.404,730.014,3.176,937.591,20.454,12.249,0
93.197,132.319,0.448,893.856,2.983,945.245,21.641,12.813,0
66.996,119.952,0.386,849.847,3.307,999.04,9.414,11.361,0
80.546,120.703,0.431,985.365,3.279,980.188,18.533,9.655,0
75.091,108.09,0.496,905.526,3.234,951.581,13.867,13.144,0
69.946,144.116,0.391,912.195,2.765,941.741,19.126,12.146,0
76.141,135.489,0.471,912.792,3.295,917.728,19.035,10.197,0
78.372,106.282,0.467,771.626,3.006,950.746,8.996,12.583,0
95.231,163.014,0.561,2638.064,3.068,973.898,26.336,34.792,1
68.609,134.162,0.463,798.951,2.904,963.898,17.85,9.849,0
68.914,151.826,0.435,769.406,3.047,964.843,10.315,10.914,0
70.731,104.983,0.421,906.022,3.097,928.654,15.448,10.455,0
81.237,112.252,0.411,826.049,3.476,925.94,21.855,9.757,0
72.316,113.722,0.46,802.419,3.151,956.147,21.79,11.747,0
75.217,137.712,0.46,840.026,3.553,977.091,15.782,14.017,0
73.076,115.071,0.504,792.108,3.066,974.68,21.57,9.094,0
68.611,110.343,0.392,933.716,3.4,921.7,13.831,15.019,0
57.814,122.44,0.477,879.903,2.92,975.585,12.321,14.439,0
69.609,118.966,0.476,796.252,3.638,918.346,19.75,14.343,0
74.081,117.892,0.521,1021.365,2.985,946.085,21.705,11.239,0
65.251,112.77,0.399,942.91,2.862,915.348,18.674,15.072,0
61.759,132.098,0.351,995.388,3.483,976.623,29.234,16.593,0
73.371,124.716,0.459,937.941,3.217,943.778,22.324,9.348,0
82.913,121.962,0.439,829.208,3.302,939.479,21.051,14.02,0
77.713,107.934,0.493,926.516,3.178,955.982,19.279,11.319,0
85.984,149.757,0.427,849.973,3.593,1000.756,8.638,11.39,0
84.955,121.758,0.467,890.22,3.467,922.235,11.312,15.021,0
80.083,131.204,0.42,860.302,3.542,954.649,16.972,17.099,0
73.857,115.168,0.516,861.95,2.908,981.217,18.552,15.639,0
82.009,111.791,0.46,819.726,2.835,977.895,19.485,11.02,0
62.887,117.272,0.383,832.37,3.313,953.394,16.252,15.289,0
73.995,108.584,0.382,850.4,3.108,964.538,13.753,12.465,0
91.401,83.159,0.439,944.96,2.965,902.304,17.843,15.183,0
67.734,111.906,0.512,893.567,3.182,966.257,15.615,10.837,0
75.55,153.442,0.382,831.745,3.146,950.072,12.709,4.995,0
82.224,122.179,0.385,1112.27,3.201,918.802,14.372,15.339,0
69.026,111.421,0.399,677.501,2.852,930.649,28.267,7.376,0
66.557,89.03,0.501,883.568,3.341,952.018,28.952,13.303,0
61.097,101.94,0.478,888.708,3.003,987.641,23.322,14.273,0
87.019,124.257,0.4,882.743,2.748,931.126,16.16,14.699,0
86.104,104.02,0.482,842.883,3.254,931.796,16.186,9.684,0
72.286,117.714,0.427,702.221,2.963,962.027,14.973,13.861,0
74.634,115.385,0.37,886.007,3.087,906.132,26.523,9.28,0
74.381,128.519,0.452,823.791,3.128,962.57,16.339,16.298,0
74.421,94.039,0.449,911.97,3.136,955.211,13.163,12.012,0
79.348,128.468,0.486,873.605,3.082,906.373,18.441,12.82,0
89.449,119.171,0.441,810.307,3.168,956.777,15.013,11.998,0
66.762,133.834,0.551,745.996,2.935,981.491,22.378,6.193,0
70.939,123.637,0.536,1012.649,3.261,942.352,15.458,13.147,0
76.651,102.742,0.46,761.1,3.461,948.338,17.325,15.35,0
67.51,112.628,0.422,883.762,3.295,937.189,14.049,16.132,0
68.094,106.177,0.512,859.758,2.871,888.781,16.488,11.59,0
73.342,98.211,0.49,903.724,3.145,959.778,19.344,20.816,0
85.564,106.756,0.434,982.357,2.926,917.642,21.027,14.322,0
69.798,117.436,0.442,935.937,3.32,985.163,15.395,11.225,0
86.315,136.862,0.343,803.041,3.063,960.798,10.665,6.218,0
71.081,111.753,0.447,831.196,3.116,988.216,20.29,9.835,0
75.407,118.508,0.467,813.94,3.071,933.903,20.203,10.017,0
83.879,120.43,0.49,866.039,3.047,939.512,13.669,14.971,0
72.19,118.192,0.431,881.582,3.209,990.693,23.883,15.09,0
61.873,100.46,0.467,845.289,2.932,909.431,11.538,11.831,0
72.158,106.901,0.513,997.529,2.993,932.726,21.178,9.85,0
81.045,136.015,0.464,743.174,3.096,972.851,22.196,12.411,0
72.098,107.389,0.388,877.074,3.199,969.189,15.004,11.745,0
63.876,141.72,0.462,911.091,3.532,947.181,14.776,13.054,0
73.198,136.96,0.442,821.358,3.33,993.329,17.59,9.53,0
75.442,106.647,0.509,873.105,2.84,929.205,24.453,10.232,0
82.584,102.953,0.453,938.516,3.06,949.88,18.008,11.085,0
80.163,103.768,0.506,817.452,3.296,971.21,19.868,12.604,0
62.452,101.246,0.444,794.132,2.835,943.949,14.813,10.725,0
86.453,139.727,0.462,806.861,3.215,993.156,19.4,20.741,0
69.235,103.711,0.421,843.256,3.173,927.855,13.102,11.447,0
73.853,134.981,0.461,889.895,3.431,956.945,12.878,19.881,0
83.386,133.761,0.435,819.51,3.215,959.49,24.185,8.206,0
80.071,98.304,0.48,861.17,3.304,999.545,5.728,8.362,0
65.959,122.503,0.474,805.628,3.226,912.86,16.674,16.172,0
78.812,102.836,0.468,861.873,3.284,968.784,20.816,9.149,0
71.664,90.116,0.444,848.27,3.174,941.045,21.435,11.9,0
70.719,111.893,0.456,1020.112,3.586,1000.223,13.267,10.005,0
70.722,110.306,0.472,895.821,3.583,929.43,14.837,11.622,0
71.294,114.08,0.465,935.334,3.324,908.765,15.839,13.743,0
105.271,187.83,0.548,3282.722,3.279,995.071,25.132,25.453,1
92.686,213.282,0.68,2407.984,2.756,1080.964,46.874,29.615,1
67.216,115.067,0.453,926.13,3.104,981.538,17.364,13.309,0
82.369,131.171,0.429,817.48,2.954,995.99,9.007,9.682,0
72.545,107.468,0.445,744.571,3.101,943.455,15.698,12.171,0
71.922,96.734,0.428,897.637,3.35,953.383,17.449,12.123,0
71.522,105.774,0.42,806.271,3.081,949.053,12.814,23.32,0
80.185,125.017,0.494,889.99,2.827,952.399,18.981,8.043,0
76.122,125.501,0.372,829.325,3.172,907.334,23.153,13.178,0
79.657,110.617,0.394,933.843,3.281,977.338,16.083,10.498,0
75.427,105.111,0.487,871.338,3.128,934.572,12.706,14.345,0
77.757,111.661,0.433,868.566,3.334,988.348,17.412,14.205,0
78.232,141.877,0.397,834.315,3.284,941.859,18.638,14.591,0
84.694,105.84,0.488,696.719,3.003,976.581,15.952,8.95,0
63.185,122.062,0.439,847.537,3.068,948.584,10.69,12.519,0
79.369,111.905,0.364,960.61,3.251,977.262,18.095,8.194,0
70.486,96.111,0.426,933.076,2.995,958.456,21.246,13.13,0
80.156,107.737,0.447,864.822,3.384,931.758,21.481,10.934,0
88.543,126.923,0.43,872.281,2.83,1018.082,19.588,12.735,0
81.865,118.656,0.488,815.379,3.574,988.6,19.71,18.315,0
81.699,123.861,0.358,824.202,2.916,916.335,19.445,13.262,0
90.338,88.688,0.424,701.389,2.908,933.068,17.766,16.131,0
69.315,116.144,0.389,828.233,3.466,974.944,15.771,10.681,0
92.238,121.134,0.467,948.032,3.238,986.588,13.826,12.045,0
63.627,115.045,0.333,733.407,3.801,986.044,18.277,12.431,0
82.793,104.181,0.451,780.043,3.376,972.946,20.154,12.937,0
85.339,124.8,0.454,906.195,3.195,967.692,9.693,13.432,0
66.554,112.02,0.513,786.718,3.057,921.762,18.432,8.545,0
68.794,140.697,0.477,888.355,3.237,1001.258,25.553,9.172,0
79.14,144.428,0.5,779.584,3.329,911.192,22.206,10.48,0
72.927,110.519,0.516,932.597,3.243,971.835,18.001,13.874,0
78.636,131.045,0.409,760.381,3.307,967.347,20.25,12.92,0
73.34,134.168,0.44,916.688,3.341,937.282,22.22,16.752,0
76.832,137.64,0.546,1040.511,3.447,956.729,15.184,12.679,0
70.809,137.768,0.527,786.311,2.916,943.615,18.706,16.822,0
72.317,136.356,0.439,700.953,3.058,965.305,21.272,14.364,0
64.277,143.654,0.464,930.316,2.886,926.739,18.427,14.605,0
88.807,109.334,0.438,993.118,3.062,930.902,24.664,17.917,0
76.816,127.807,0.559,772.755,3.282,966.938,17.726,11.42,0
76.378,127.54,0.466,895.132,3.137,953.246,10.509,6.328,0
71.586,113.602,0.439,742.505,2.906,935.472,17.089,16.36,0
64.945,117.593,0.475,901.284,3.008,941.931,15.678,15.149,0
73.666,108.513,0.407,825.701,3.397,974.798,14.222,10.398,0
75.858,175.896,0.479,1094.447,2.576,886.491,95.36,23.026,1
82.55,120.005,0.486,870.868,3.312,971.111,19.837,13.918,0
65.887,125.944,0.511,841.462,3.43,940.322,19.19,12.431,0
81.84,97.4,0.418,928.195,3.284,885.98,8.914,18.667,0
88.763,125.008,0.369,869.573,3.129,996.921,19.655,9.26,0
70.042,124.167,0.43,945.8,3.191,933.721,14.518,10.569,0
82.297,85.513,0.486,831.356,3.13,926.849,18.57,7.989,0
78.22,114.256,0.399,753.749,3.435,939.64,19.202,15.061,0
75.329,132.41,0.418,865.357,2.9,946.39,15.354,9.291,0
90.717,142.834,0.434,833.005,3.371,919.754,18.821,9.648,0
82.027,126.384,0.47,705.86,3.653,1029.097,26.329,13.364,0
72.675,136.696,0.42,651.239,3.928,904.621,19.083,12.256,0
91.744,97.683,0.448,750.671,3.159,913.024,13.053,13.2,0
85.449,142.09,0.525,970.799,3.697,941.297,19.006,6.937,0
69.38,116.2,0.393,936.502,3.341,1018.578,21.13,12.707,0
62.075,148.682,0.416,759.754,3.541,923.801,17.307,10.874,0
75.932,125.614,0.425,860.775,3.416,943.53,15.879,11.025,0
66.612,120.22,0.541,762.499,3.112,975.128,15.87,10.204,0
83.646,93.904,0.411,806.717,3.007,992.069,25.477,14.687,0
58.456,111.364,0.397,667.484,3.477,949.388,19.402,12.785,0
78.908,121.967,0.509,765.568,3.253,962.632,18.673,14.459,0
86.119,102.306,0.478,743.369,3.093,946.294,23.488,11.03,0
83.011,97.224,0.466,880.076,3.291,989.275,16.322,8.355,0
67.937,103.432,0.452,978.885,3.396,964.652,16.752,15.347,0
72.536,117.359,0.362,831.852,3.494,917.612,16.226,12.83,0
60.695,127.266,0.446,908.914,2.933,953.904,16.315,9.559,0
69.392,114.555,0.539,815.181,3.164,938.097,24.447,13.208,0
75.455,122.468,0.482,915.759,3.163,971.098,22.539,10.286,0
81.119,140.074,0.487,818.098,3.137,935.722,18.852,10.149,0
69.439,123.351,0.435,790.913,3.367,951.145,12.284,15.261,0
81.293,118.506,0.493,859.918,3.014,936.375,18.498,12.173,0
89.378,115.762,0.524,880.681,3.301,920.78,15.742,13.6,0
69.242,129.032,0.552,726.4,3.204,927.59,17.412,12.555,0
73.138,137.165,0.622,1147.306,3.157,898.879,68.101,22.645,1
81.458,136.1,0.383,872.007,3.294,912.711,24.019,9.142,0
72.116,140.06,0.452,828.84,3.213,959.353,16.793,8.709,0
75.982,117.028,0.408,790.993,3.233,951.523,20.705,9.726,0
65.397,144.905,0.509,1056.532,3.299,918.492,68.783,18.595,1
65.375,113.577,0.513,749.269,3.213,951.673,18.397,15.001,0
75.594,129.123,0.437,815.904,2.889,947.228,19.422,13.791,0
69.411,114.607,0.478,874.75,3.063,898.933,19.514,10.466,0
64.824,90.304,0.364,835.309,3.462,910.35,14.839,11.024,0
65.404,131.195,0.426,930.392,3.229,929.715,12.715,15.085,0
74.123,107.149,0.482,874.377,3.152,971.409,19.953,16.589,0
88.884,119.44,0.343,694.757,3.106,935.549,18.74,10.983,0
68.252,117.291,0.478,913.119,3.347,931.255,18.666,12.429,0
80.83,143.777,0.473,925.385,3.216,999.671,18.488,17.087,0
80.144,104.606,0.415,797.127,3.383,988.831,22.353,11.933,0
75.237,116.414,0.39,727.013,3.133,953.471,18.161,14.426,0
71.249,123.38,0.462,843.805,3.432,957.682,12.077,7.31,0
90.818,164.178,0.415,769.334,3.662,943.136,19.994,14.582,0
72.55,173.126,0.437,744.955,3.219,928.574,17.02,13.25,0
76.276,119.869,0.426,858.894,3.092,992.102,19.64,17.559,0
69.732,123.56,0.557,887.453,3.146,970.347,20.079,16.468,0
85.501,85.264,0.448,990.853,3.268,952.76,21.764,13.339,0
54.005,126.119,0.502,899.672,3.166,934.925,20.334,6.54,0
81.338,107.439,0.48,832.179,3.282,930.085,21.104,9.379,0
82.917,155.881,0.602,1025.538,2.912,888.956,51.531,27.608,1
74.496,131.383,0.379,729.47,3.105,941.277,20.309,13.268,0
78.407,119.548,0.417,790.323,3.148,957.749,17.88,14.689,0
76.88,127.504,0.431,850.533,3.152,982.149,13.745,13.784,0
67.894,142.691,0.438,967.091,3.176,950.807,20.159,12.019,0
76.28,136.81,0.432,874.961,3.12,923.507,16.71,11.46,0
73.905,121.797,0.414,934.642,2.973,986.45,18.514,8.772,0
85.499,106.239,0.362,931.842,3.202,994.85,17.72,15.947,0
68.621,119.677,0.497,856.653,3.06,924.102,11.554,13.334,0
78.815,169.611,0.445,1069.039,3.012,852.91,81.132,12.898,1
66.109,99.619,0.522,895.803,3.372,900.048,11.873,8.898,0
68.64,125.017,0.427,968.523,3.152,911.09,14.302,10.468,0
80.695,122.481,0.451,811.015,3.389,992.547,17.659,11.327,0
64.285,127.275,0.501,845.634,3.176,954.781,14.012,13.018,0
79.123,117.697,0.537,784.181,3.322,930.444,16.094,11.012,0
59.956,106.662,0.437,849.515,3.419,963.988,16.974,11.494,0
79.285,120.833,0.449,730.583,3.508,976.723,12.379,9.554,0
71.519,87.327,0.467,899.072,3.305,958.65,22.004,16.228,0
88.632,108.48,0.358,918.325,2.832,980.238,24.81,16.501,0
84.431,138.534,0.427,914.49,3.395,993.141,19.429,10.031,0
61.017,95.53,0.499,760.256,3.371,925.602,15.899,15.332,0
77.112,136.223,0.386,973.015,3.061,973.644,19.812,12.978,0
80.495,138.387,0.478,735.396,3.062,966.284,16.372,18.222,0
74.378,119.1,0.481,815.971,3.138,941.93,17.986,7.362,0
70.634,133.745,0.454,807.318,2.805,923.807,18.736,14.679,0
80.295,107.083,0.539,829.877,3.367,902.889,19.786,12.159,0
78.261,130.704,0.451,872.247,3.078,958.882,17.501,11.968,0
72.204,131.142,0.457,773.207,3.21,925.127,16.488,9.099,0
65.155,126.755,0.505,873.887,3.002,940.386,20.625,8.57,0
77.663,105.044,0.515,884.459,3.3,958.8,22.694,16.18,0
60.35,130.722,0.414,855.937,3.229,942.759,17.108,14.062,0
74.666,145.012,0.357,796.502,3.25,989.528,16.53,9.034,0
77.934,105.059,0.51,1001.722,3.039,949.05,12.823,14.812,0
73.75,94.963,0.47,793.72,3.116,971.931,18.413,7.388,0
78.938,122.57,0.435,734.986,3.331,987.67,18.666,11.715,0
78.373,99.488,0.467,861.803,2.934,950.521,11.056,10.016,0
66.39,126.952,0.437,819.365,3.448,905.359,22.709,10.598,0
75.285,114.22,0.317,781.319,2.892,950.633,17.086,8.709,0
65.884,116.021,0.424,753.768,3.707,903.01,18.346,13.315,0
80.558,120.94,0.55,891.272,3.015,929.795,14.581,13.459,0
73.801,129.517,0.441,878.118,3.247,992.787,15.484,11.55,0
70.35,115.119,0.454,831.366,3.075,973.305,26.177,10.879,0
80.313,128.309,0.395,899.314,3.326,933.13,14.957,12.98,0
80.14,102.163,0.453,820.121,3.776,900.907,21.021,13.742,0
72.796,114.106,0.495,794.9,3.476,964.864,22.308,13.868,0
67.449,99.587,0.43,959.583,3.12,922.94,17.21,11.126,0
76.171,122.411,0.554,764.558,3.657,981.264,19.373,8.723,0
81.385,117.41,0.524,955.972,3.016,943.654,19.356,11.472,0
81.168,161.39,0.461,855.071,3.408,928.248,18.955,13.194,0
65.696,132.052,0.425,935.165,2.995,973.23,14.073,14.846,0
75.976,91.439,0.393,807.218,2.703,971.477,18.676,15.16,0
74.404,106.937,0.408,879.391,3.089,941.759,20.066,5.32,0
65.771,101.393,0.393,807.636,3.146,983.86,19.012,11.889,0
65.222,133.301,0.452,830.656,3.384,1005.087,18.041,12.511,0
70.804,112.856,0.41,970.25,3.072,948.696,15.807,13.48,0
66.152,135.832,0.452,854.748,3.311,976.59,16.484,12.255,0
61.188,115.257,0.424,714.796,3.221,973.175,26.47,15.058,0
74.482,123.77,0.545,934.71,2.971,986.833,14.39,10.871,0
74.756,123.729,0.49,834.683,3.304,998.272,17.269,14.183,0
75.062,113.542,0.396,862.077,3.037,938.639,19.107,10.162,0
71.955,112.126,0.584,833.657,2.999,923.53,22.307,12.495,0
75.762,100.995,0.526,739.867,2.918,976.961,16.914,15.53,0
72.215,125.691,0.457,887.02,3.467,908.194,15.406,14.02,0
86.633,89.128,0.53,877.068,3.729,987.065,20.965,13.864,0
79.999,136.838,0.54,824.447,3.162,926.342,13.096,11.048,0
58.504,113.098,0.434,695.33,3.105,968.393,26.8,11.148,0
95.835,144.943,0.561,1101.653,2.779,862.569,77.843,18.495,1
88.667,114.169,0.493,877.52,2.94,946.068,21.577,17.632,0
83.883,110.428,0.427,903.564,3.342,964.071,24.582,14.748,0
79.012,108.604,0.408,738.602,3.276,943.441,22.63,12.021,0
80.054,136.194,0.455,791.524,3.244,900.722,17.811,13.218,0
72.839,135.075,0.515,928.52,3.197,958.334,22.644,10.47,0
88.479,121.949,0.371,819.086,3.339,946.617,23.344,14.513,0
80.086,123.232,0.472,966.955,2.919,976.291,15.833,12.632,0
82.686,125.309,0.42,890.76,3.073,975.112,22.604,10.441,0
63.935,124.037,0.422,776.26,2.954,906.901,17.823,14.682,0
76.139,126.344,0.4,804.767,3.436,917.19,22.719,12.363,0
80.616,127.252,0.498,883.784,2.932,954.921,18.751,12.712,0
94.455,105.008,0.497,1079.414,3.039,826.679,71.127,24.892,1
81.719,122.435,0.464,843.843,3.505,936.471,21.894,16.233,0
78.907,146.335,0.379,854.733,3.42,982.797,18.268,13.137,0
67.869,114.153,0.423,816.155,2.935,940.768,12.463,9.868,0
79.862,122.304,0.457,788.496,3.156,951.782,19.85,12.974,0
84.746,114.922,0.506,872.858,2.979,963.952,11.873,18.606,0
71.674,138.768,0.44,814.028,3.418,960.253,20.236,10.205,0
81.715,82.552,0.357,887.631,3.272,999.605,10.925,11.792,0
73.575,132.138,0.502,878.807,2.931,940.185,15.853,7.962,0
77.073,102.887,0.37,836.24,3.544,941.711,14.154,13.368,0
69.641,135.396,0.469,849.436,3.34,980.231,17.673,7.859,0
69.97,98.952,0.507,850.189,3.385,928.891,15.934,8.321,0
87.156,109.567,0.455,931.882,3.112,929.835,17.32,9.241,0
70.33,133.06,0.405,890.724,3.494,935.459,18.002,6.984,0
66.488,109.315,0.533,737.529,3.099,925.706,15.2,11.354,0
82.659,148.683,0.447,925.731,3.124,956.974,18.485,7.238,0
74.68,136.703,0.445,747.572,3.068,947.73,18.506,9.27,0
78.57,149.399,0.512,807.808,3.286,991.331,19.196,10.532,0
65.023,102.965,0.39,725.829,3.219,953.11,18.455,11.322,0
66.975,115.483,0.427,738.999,3.485,932.568,15.647,5.208,0
59.178,130.144,0.466,797.384,3.265,916.383,15.536,14.139,0
65.956,125.202,0.436,846.832,3.612,927.069,19.832,9.892,0
56.707,110.591,0.428,985.159,3.203,923.43,16.041,11.837,0
98.218,125.195,0.466,808.622,3.411,972.085,15.643,16.004,0
73.563,115.345,0.419,839.209,3.093,998.062,19.019,14.308,0
72.764,125.534,0.494,666.034,3.066,999.187,18.166,13.021,0
67.019,102.427,0.411,876.493,3.078,949.162,12.265,9.358,0
81.149,143.222,0.429,862.829,3.291,991.165,15.798,13.13,0
74.962,67.902,0.304,866.975,3.029,954.377,12.397,13.683,0
69.241,132.63,0.416,880.766,3.406,917.984,14.932,15.299,0
80.421,88.062,0.446,875.876,3.119,959.519,15.753,13.161,0
69.004,108.164,0.394,803.563,3.067,939.494,16.912,15.205,0
81.703,126.256,0.438,823.264,3.135,956.78,24.485,9.676,0
72.422,128.339,0.365,785.357,3.106,985.543,18.529,17.066,0
81.471,98.385,0.543,861.654,3.732,948.838,17.69,13.948,0
73.34,136.697,0.492,796.378,3.503,911.881,15.554,16.424,0
64.039,132.389,0.412,778.183,3.363,954.649,15.77,8.81,0
71.601,103.229,0.412,819.991,3.299,934.376,24.313,17.091,0
86.247,112.962,0.373,910.606,3.066,984.924,18.721,10.408,0
64.144,131.231,0.481,849.951,3.291,971.187,16.255,14.21,0
63.886,96.051,0.384,819.278,3.048,945.137,15.623,14.443,0
69.284,121.054,0.505,1044.534,3.099,973.354,10.242,12.036,0
86.264,122.837,0.401,725.89,3.226,948.088,22.198,15.572,0
67.378,125.164,0.331,772.981,3.008,916.882,15.874,16.986,0
68.251,137.409,0.484,868.384,2.873,910.141,21.078,11.829,0
81.519,140.891,0.506,806.65,2.772,947.099,18.992,12.346,0
66.884,153.528,0.432,862.34,3.265,915.501,20.108,6.623,0
70.957,130.417,0.424,947.164,3.457,953.251,23.503,14.69,0
70.494,133.957,0.5,772.143,3.234,930.859,18.907,14.719,0
90.09,112.379,0.477,762.07,3.154,948.102,18.133,7.398,0
57.202,102.772,0.395,908.38,2.761,967.879,22.425,10.865,0
64.097,123.137,0.489,849.254,3.173,930.955,19.294,8.392,0
63.351,122.294,0.416,816.861,3.046,975.412,13.277,11.436,0
64.535,93.308,0.395,867.287,3.01,951.459,12.377,11.082,0
81.213,150.107,0.503,644.671,3.16,966.481,18.649,13.338,0
67.768,144.013,0.49,1025.18,2.896,977.366,18.439,13.195,0
84.811,114.291,0.51,698.216,3.103,977.107,20.832,16.89,0
73.174,128.229,0.426,870.856,3.305,965.174,17.868,16.117,0
77.465,133.323,0.508,895.765,2.681,943.652,20.761,12.106,0
71.436,122.689,0.568,846.405,3.183,974.664,24.801,7.859,0
70.931,112.888,0.443,860.49,3.525,988.773,17.924,13.123,0
61.502,120.333,0.418,795.495,2.94,967.205,18.95,11.873,0
81.769,129.776,0.481,794.028,3.145,900.7,24.506,13.103,0
80.29,118.646,0.445,750.363,3.201,927.019,12.964,13.968,0
88.156,129.675,0.446,672.701,3.254,923.568,15.839,14.696,0
81.074,106.126,0.516,876.459,2.878,903.419,21.81,14.594,0
74.983,101.867,0.534,837.7,3.384,918.72,16.527,15.376,0
69.332,109.206,0.428,795.868,3.069,964.014,12.603,9.949,0
79.001,102.174,0.451,928.724,3.381,906.829,13.052,12.039,0
60.101,130.358,0.453,765.597,3.024,941.809,17.999,11.23,0
66.514,120.949,0.446,991.433,3.12,939.246,16.905,16.351,0
78.297,139.483,0.512,860.569,2.861,942.439,24.179,12.186,0
69.784,109.59,0.471,901.029,2.953,948.663,16.118,17.887,0
72.409,132.471,0.501,889.145,3.103,972.365,15.596,13.643,0
73.808,111.831,0.465,787.635,3.276,948.577,14.049,16.021,0
86.139,122.384,0.448,805.775,3.376,931.017,15.462,16.905,0
60.683,127.62,0.518,892.111,3.147,959.546,17.697,14.417,0
81.043,95.986,0.433,927.478,2.987,905.3,12.717,8.961,0
74.166,106.282,0.375,869.031,3.033,934.91,22.298,13.052,0
78.095,144.319,0.47,912.096,3.041,925.988,19.422,13.906,0
70.067,97.42,0.421,793.825,3.5,922.086,11.634,10.348,0
76.519,112.393,0.435,828.696,2.95,919.973,19.214,11.529,0
73.079,136.074,0.536,904.027,3.21,922.532,11.371,17.803,0
70.367,125.622,0.406,887.382,2.929,938.949,16.155,9.44,0
85.397,136.932,0.449,952.035,3.302,969.15,20.654,10.097,0
77.575,139.353,0.42,718.006,3.297,933.874,15.1,9.747,0
64.42,110.967,0.412,588.765,3.082,961.663,20.82,12.505,0
63.883,114.024,0.45,850.324,3.28,957.24,15.593,14.295,0
83.599,138.352,0.375,784.497,3.222,918.051,19.934,16.308,0
80.802,128.123,0.37,823.774,3.133,970.967,12.545,13.169,0
69.706,99.5,0.444,839.04,3.348,937.36,15.628,10.586,0
85.816,119.574,0.312,922.803,3.071,913.329,16.767,11.82,0
79.025,115.092,0.568,815.979,3.024,954.892,15.504,11.561,0
83.524,107.471,0.443,636.704,3.231,942.821,21.128,18.12,0
71.464,123.072,0.44,950.206,2.948,928.0,19.998,12.354,0
58.179,68.867,0.438,844.209,3.093,962.798,25.422,16.57,0
87.515,103.097,0.406,919.032,3.183,912.618,16.335,13.084,0
74.497,120.907,0.494,962.467,2.982,956.631,16.186,9.12,0
70.99,116.633,0.435,961.34,3.12,955.931,19.03,12.459,0
78.277,119.01,0.392,737.699,3.353,950.359,16.963,15.483,0
56.401,123.339,0.54,898.798,2.874,971.991,20.943,17.744,0
87.646,123.575,0.472,841.873,3.147,940.085,7.585,15.236,0
74.065,111.296,0.452,908.106,3.191,925.093,17.265,17.358,0
64.529,117.577,0.456,747.188,2.755,929.091,18.787,11.095,0
78.774,112.529,0.562,710.916,3.187,894.038,21.701,14.399,0
75.391,133.165,0.466,862.357,3.465,942.041,13.021,11.513,0
79.54,139.362,0.455,794.257,3.066,984.691,17.025,7.203,0
80.993,137.137,0.427,788.91,3.319,941.137,13.114,14.705,0
74.637,129.717,0.483,804.792,2.922,954.214,22.998,16.874,0
75.621,175.054,0.57,1171.0,2.985,858.262,71.027,17.627,1
121.32,209.221,0.766,2432.808,2.603,1035.785,63.267,37.001,1
81.676,96.562,0.479,981.774,3.519,973.815,11.439,8.2,0
72.361,121.873,0.461,964.51,2.745,969.243,18.907,12.031,0
69.81,156.939,0.445,817.472,3.615,967.284,20.028,11.13,0
71.698,130.843,0.402,819.568,3.228,928.532,22.777,13.174,0
67.504,119.72,0.355,749.868,3.458,963.622,22.731,12.162,0
63.01,123.391,0.503,846.67,2.824,935.457,19.787,11.789,0
79.721,128.73,0.417,969.428,3.247,931.969,22.263,12.47,0
73.726,110.116,0.397,810.856,3.329,922.428,12.944,8.127,0
80.372,112.493,0.455,962.182,3.179,990.726,8.468,8.489,0
68.635,136.671,0.366,821.643,3.1,967.248,20.004,15.019,0
68.968,146.598,0.422,935.97,3.127,934.362,27.327,15.257,0
73.893,91.208,0.478,866.784,3.213,938.334,16.417,11.898,0
62.21,112.471,0.465,954.348,3.344,933.646,18.289,15.185,0
77.181,96.849,0.457,859.557,3.132,953.602,16.923,17.707,0
77.805,130.185,0.435,955.946,3.26,909.806,18.897,11.743,0
66.021,125.992,0.525,794.777,3.166,947.345,21.656,17.003,0
80.682,119.366,0.397,819.353,3.665,1002.065,12.634,13.172,0
64.496,108.299,0.395,953.497,2.897,915.836,19.919,14.095,0
49.617,116.62,0.451,878.632,3.024,957.073,20.258,10.691,0
62.111,135.457,0.441,787.687,3.445,949.694,21.964,17.707,0
68.128,111.898,0.516,807.58,3.348,971.808,14.607,8.719,0
70.63,108.502,0.344,783.662,2.908,964.88,15.494,14.235,0
67.477,122.696,0.555,892.631,3.684,908.694,17.606,15.701,0
71.493,143.933,0.491,822.582,3.313,923.041,15.332,9.795,0
75.213,138.427,0.488,944.219,3.269,998.955,11.559,16.889,0
64.916,122.366,0.459,944.644,3.314,951.018,15.409,12.054,0
72.852,122.54,0.493,906.306,3.457,961.844,26.375,15.534,0
80.603,110.761,0.499,839.198,3.281,952.291,16.347,13.001,0
68.878,116.689,0.473,812.165,2.976,978.652,17.269,11.78,0
76.101,110.334,0.476,808.93,3.5,962.742,18.838,15.713,0
56.837,127.481,0.316,722.043,3.302,951.58,22.883,16.976,0
76.666,129.933,0.468,898.55,3.259,948.285,19.496,13.335,0
86.601,128.813,0.519,733.331,3.259,921.56,14.14,8.419,0
82.628,103.173,0.378,832.938,3.019,976.579,20.051,16.483,0
79.604,103.334,0.454,797.831,2.9,964.616,14.981,15.218,0
66.456,117.061,0.369,738.656,3.424,924.93,19.321,15.522,0
63.335,92.538,0.569,716.019,3.351,969.385,15.635,14.338,0
78.843,119.152,0.465,852.888,3.108,916.698,15.005,11.339,0
83.214,118.363,0.471,889.2,3.242,935.126,14.216,17.808,0
76.94,118.879,0.521,984.967,3.041,1000.357,15.745,13.239,0
86.698,125.768,0.43,888.534,2.846,951.743,18.188,14.411,0
70.139,144.767,0.425,863.534,3.488,933.578,17.476,14.571,0
76.803,139.478,0.511,814.034,3.037,994.689,19.026,11.373,0
86.892,111.047,0.369,792.45,3.122,956.567,14.906,5.967,0
73.449,131.811,0.506,851.423,3.355,994.314,14.341,9.631,0
69.665,132.056,0.407,927.83,3.23,944.134,15.274,13.901,0
86.937,116.714,0.429,879.238,2.856,967.295,26.244,14.513,0
68.414,98.576,0.415,876.587,3.049,913.259,16.279,10.902,0
67.314,152.191,0.486,950.658,3.013,936.503,22.389,15.239,0
72.546,82.595,0.494,758.063,2.882,980.849,17.857,12.712,0
60.281,123.906,0.498,779.723,3.037,960.791,20.094,13.328,0
73.76,136.509,0.474,623.561,3.014,916.386,18.365,12.74,0
78.687,127.756,0.465,910.361,3.451,950.778,13.702,10.643,0
67.779,127.043,0.48,803.407,3.137,978.01,16.036,11.53,0
75.659,122.36,0.459,870.752,3.213,928.68,19.262,12.366,0
80.429,134.957,0.438,955.038,3.493,890.551,16.182,13.451,0
82.336,124.666,0.533,812.199,3.278,945.198,15.135,10.45,0
60.826,116.337,0.431,805.015,3.137,948.599,20.684,10.522,0
78.72,137.348,0.435,847.117,2.918,984.846,21.641,10.562,0
76.427,122.517,0.411,778.932,3.663,938.447,15.041,11.515,0
62.752,123.507,0.48,866.869,3.115,940.814,23.509,15.643,0
76.363,101.963,0.427,794.264,3.009,935.215,21.905,10.975,0
72.094,131.613,0.448,837.905,3.259,944.336,20.137,17.352,0
73.728,145.118,0.438,788.302,3.074,971.478,15.547,8.054,0
63.525,121.649,0.428,765.725,3.117,951.597,19.348,20.546,0
78.99,132.338,0.439,728.336,3.056,907.108,14.891,11.64,0
76.45,127.228,0.442,852.078,3.118,937.364,17.151,9.76,0
79.437,92.998,0.455,914.604,3.015,977.732,24.934,19.539,0
70.976,132.434,0.533,934.171,3.314,968.459,13.237,10.723,0
110.356,194.823,0.564,4439.705,3.493,968.636,32.137,33.332,1
85.242,118.232,0.507,892.793,2.764,957.77,17.636,13.631,0
62.979,111.7,0.501,854.629,3.22,912.323,14.875,12.288,0
89.249,94.971,0.52,923.64,3.258,961.302,15.36,13.665,0
78.484,91.978,0.489,799.56,3.245,981.884,19.645,12.964,0
74.949,149.898,0.457,932.802,3.26,945.167,22.583,10.182,0
76.835,106.39,0.495,1019.822,3.167,926.299,21.488,12.207,0
73.592,138.612,0.448,757.108,3.319,963.598,14.109,11.439,0
80.066,118.769,0.432,767.919,3.216,921.263,25.993,11.993,0
70.694,100.085,0.512,834.505,3.022,941.026,16.46,13.116,0
74.672,150.663,0.422,901.507,3.157,943.282,18.955,16.374,0
61.309,129.849,0.366,828.651,3.191,931.818,18.726,10.505,0
70.701,102.934,0.475,820.309,3.279,941.184,17.613,11.388,0
76.893,138.318,0.471,795.424,2.976,943.753,11.139,7.862,0
78.301,127.386,0.448,872.682,3.178,895.986,19.369,5.179,0
83.127,140.944,0.491,791.682,3.517,969.759,19.087,9.016,0
78.987,106.995,0.401,822.923,2.923,944.062,25.984,7.825,0
74.357,128.075,0.405,853.261,3.54,963.113,11.187,8.637,0
75.508,101.272,0.467,838.414,3.227,981.578,12.753,8.58,0
77.201,116.571,0.482,745.051,2.992,917.97,20.027,12.488,0
73.316,113.711,0.465,819.323,3.121,953.493,21.294,15.764,0
72.589,129.802,0.446,907.841,3.342,961.772,16.927,11.075,0
60.724,106.472,0.515,848.916,3.147,974.888,16.899,6.523,0
55.873,130.13,0.423,895.625,3.126,950.877,17.343,11.395,0
74.442,106.639,0.431,685.013,3.048,973.149,21.664,12.982,0
75.674,136.125,0.574,887.681,2.971,944.876,22.578,14.087,0
87.162,124.436,0.431,938.128,3.539,966.637,15.451,12.603,0
90.398,116.495,0.441,839.713,3.016,966.231,16.429,16.567,0
73.82,125.664,0.478,915.754,2.922,952.031,19.766,7.682,0
76.024,103.756,0.434,861.418,3.307,934.647,16.946,14.115,0
63.609,92.876,0.504,833.997,3.201,927.788,14.696,11.889,0
58.684,141.688,0.447,855.427,3.028,939.899,18.442,11.908,0
64.577,105.57,0.412,840.566,3.454,914.89,9.436,9.676,0
75.147,92.834,0.384,763.235,3.182,959.714,16.603,12.552,0
66.039,142.077,0.422,861.667,3.26,981.367,23.389,8.417,0
66.052,143.011,0.35,918.053,3.255,1008.682,16.359,12.839,0
77.937,131.928,0.431,928.372,3.115,995.302,21.602,13.114,0
68.332,125.311,0.56,748.393,2.939,954.612,24.957,7.27,0
64.409,112.11,0.486,866.703,3.132,947.533,17.183,9.629,0
74.837,124.316,0.441,908.743,3.007,949.53,17.181,11.732,0
76.206,116.394,0.443,883.222,3.074,961.767,11.335,15.42,0
79.329,132.122,0.449,815.369,3.501,930.45,22.786,16.407,0
73.896,113.167,0.426,979.288,3.117,953.959,11.84,10.651,0
69.788,118.18,0.534,726.592,2.972,967.758,22.627,12.0,0
56.271,112.58,0.473,829.696,3.013,961.502,16.106,12.273,0
90.083,130.255,0.433,949.135,3.263,972.87,21.112,11.878,0
67.525,141.801,0.451,720.59,3.138,878.711,12.318,7.408,0
67.378,101.502,0.432,840.437,3.119,951.288,22.311,12.104,0
71.049,113.079,0.393,794.723,3.176,958.989,21.772,13.996,0
71.772,87.279,0.472,945.222,3.776,939.676,12.914,11.276,0
61.769,121.034,0.468,822.805,3.306,987.787,18.89,14.866,0
74.512,100.967,0.439,945.285,3.333,942.228,9.113,6.258,0
78.718,125.957,0.43,946.864,3.234,969.601,16.587,11.199,0
72.203,118.678,0.499,822.18,3.316,968.333,17.407,11.752,0
65.07,107.736,0.472,928.072,2.971,983.871,24.298,12.459,0
79.611,120.363,0.469,855.722,3.607,933.166,22.04,10.675,0
82.736,115.506,0.528,828.188,2.926,918.704,26.699,18.449,0
96.22,138.931,0.479,794.892,2.93,945.133,12.604,13.168,0
75.33,114.683,0.46,865.713,3.165,974.106,20.459,12.502,0
65.444,122.485,0.519,709.495,3.297,953.784,14.641,7.679,0
71.82,124.515,0.42,921.355,3.081,945.992,20.436,8.42,0
52.588,112.967,0.39,731.046,3.218,956.075,15.46,12.668,0
87.605,120.88,0.419,764.976,3.122,969.348,21.258,12.695,0
75.006,137.88,0.481,1035.959,3.105,954.018,8.443,12.367,0
84.924,126.251,0.352,939.103,2.978,968.782,18.89,11.718,0
80.427,119.876,0.396,920.547,3.296,951.434,24.738,18.014,0
69.558,131.815,0.585,903.543,3.102,956.937,17.092,12.398,0
93.273,178.417,0.583,3967.232,3.196,975.479,33.471,30.625,1
88.469,141.841,0.457,782.053,3.202,952.443,15.843,6.93,0
69.591,99.567,0.459,886.044,3.172,926.203,19.118,14.936,0
79.995,109.597,0.549,924.96,3.295,924.725,12.5,10.964,0
76.782,111.477,0.451,928.247,3.155,935.531,20.08,11.126,0
78.437,112.207,0.384,773.247,3.397,990.611,15.649,12.326,0
72.103,134.434,0.488,962.119,3.271,936.01,29.699,10.318,0
84.69,141.474,0.445,863.125,3.108,900.057,12.563,15.435,0
75.291,110.265,0.438,702.455,3.457,969.704,12.603,7.412,0
71.867,120.867,0.354,918.932,2.911,1000.21,16.359,8.343,0
76.19,116.995,0.454,841.186,3.006,953.727,20.621,12.311,0
69.691,149.04,0.393,859.939,3.207,968.172,15.601,16.879,0
84.917,129.111,0.415,922.514,3.224,951.019,18.332,9.372,0
68.64,102.905,0.505,791.097,3.415,925.449,16.125,12.85,0
84.59,111.654,0.474,945.354,3.155,976.029,21.135,13.92,0
68.348,152.224,0.54,916.855,3.305,937.791,26.323,10.222,0
94.813,136.553,0.469,912.319,3.071,939.322,18.915,11.41,0
81.415,103.006,0.434,851.924,3.062,943.079,20.495,13.304,0
76.033,95.654,0.5,777.025,3.307,958.924,19.581,12.036,0
68.87,114.965,0.459,788.704,3.458,981.821,14.756,11.592,0
74.583,124.473,0.403,903.405,3.013,941.398,24.28,13.484,0
70.77,147.611,0.413,774.914,3.344,991.799,16.585,10.3,0
80.883,105.835,0.462,848.539,3.104,940.71,14.825,13.151,0
78.105,121.106,0.478,824.081,3.283,948.056,17.398,13.501,0
77.827,113.679,0.421,970.846,2.903,895.943,21.502,12.781,0
70.535,134.137,0.455,833.431,3.087,984.67,17.534,11.42,0
95.469,139.262,0.494,735.569,3.0,949.759,20.938,14.963,0
78.816,136.549,0.47,800.838,3.329,970.25,25.329,10.79,0
74.603,126.477,0.461,810.837,3.086,933.602,23.527,6.289,0
73.527,117.579,0.494,826.948,3.336,954.731,12.202,12.032,0
79.332,162.633,0.425,770.015,2.899,926.892,23.863,14.033,0
74.326,123.1,0.524,842.742,2.876,975.839,15.561,13.578,0
71.731,136.877,0.568,897.92,3.282,939.789,13.986,12.557,0
78.676,123.996,0.472,886.92,3.046,983.91,22.192,18.166,0
76.109,101.049,0.342,799.86,3.049,947.756,18.283,13.769,0
67.912,103.658,0.482,1006.661,2.882,977.756,16.043,10.416,0
72.696,127.739,0.484,871.202,3.047,940.094,9.019,6.829,0
58.496,101.524,0.5,691.882,3.104,925.307,21.519,10.375,0
78.46,112.144,0.479,972.304,3.305,958.971,20.011,14.464,0
73.717,115.336,0.496,839.135,3.034,937.485,21.119,15.62,0
82.289,112.975,0.389,993.825,3.275,958.336,7.602,9.042,0
70.482,125.336,0.505,858.013,3.248,936.189,4.723,14.483,0
87.823,126.909,0.523,882.241,3.166,909.931,11.548,13.072,0
51.972,111.357,0.451,899.971,3.319,955.705,24.68,13.418,0
80.274,111.027,0.314,1021.45,2.984,966.68,8.848,15.207,0
71.693,124.571,0.53,783.04,3.217,953.563,15.598,9.299,0
81.8,107.79,0.386,1013.27,3.207,966.906,19.806,12.757,0
80.381,128.528,0.4,881.788,3.397,917.787,13.532,11.497,0
62.257,139.657,0.53,836.096,3.346,936.785,12.561,14.588,0
67.161,115.752,0.452,801.619,3.199,1009.652,23.001,20.944,0
79.206,104.215,0.485,891.623,2.998,976.014,17.333,12.273,0
62.376,91.304,0.416,839.285,3.181,913.219,16.22,13.105,0
69.254,134.869,0.421,740.124,3.388,956.98,18.685,5.684,0
65.389,100.183,0.39,928.593,3.399,943.379,11.534,14.374,0
70.313,110.568,0.404,936.748,3.213,993.836,19.76,16.38,0
92.753,102.88,0.472,799.362,2.956,931.423,17.908,7.527,0
71.98,109.519,0.521,892.348,3.09,931.814,19.982,8.594,0
71.204,105.907,0.498,844.15,3.095,925.283,10.476,11.906,0
69.262,101.567,0.456,849.522,3.049,961.972,26.428,9.518,0
77.149,145.842,0.382,822.263,3.296,972.413,10.795,10.34,0
62.205,121.456,0.479,888.421,3.302,947.986,20.383,13.108,0
60.093,117.635,0.453,903.295,3.213,942.986,19.958,14.66,0
80.37,116.363,0.475,958.174,3.312,916.638,19.29,14.103,0
81.854,87.234,0.433,746.629,3.392,938.536,15.688,21.399,0
90.134,114.755,0.469,893.226,3.287,925.926,20.91,11.523,0
78.832,111.821,0.489,949.735,2.992,931.348,10.93,13.619,0
76.845,121.869,0.479,995.686,2.857,919.879,18.976,5.67,0
80.716,127.318,0.437,750.151,3.057,901.496,19.92,16.341,0
85.161,134.051,0.356,849.239,3.15,955.749,17.359,13.918,0
73.768,101.449,0.441,1032.881,3.305,933.414,15.142,6.224,0
83.932,111.786,0.48,982.38,3.194,952.401,24.977,12.403,0
90.668,93.681,0.491,796.396,3.289,969.468,15.317,6.193,0
68.654,135.863,0.469,972.715,3.15,994.267,9.236,10.933,0
76.243,125.593,0.423,811.997,3.37,956.384,21.083,10.362,0
74.985,105.155,0.41,847.137,2.816,945.254,12.613,11.952,0
82.843,133.83,0.44,726.243,3.553,971.883,20.662,10.609,0
117.751,189.002,0.743,2278.75,2.843,1078.143,43.779,39.004,1
66.16,85.427,0.36,762.938,3.137,949.933,16.42,13.823,0
80.887,102.288,0.371,934.004,3.143,979.304,17.171,9.961,0
84.131,91.055,0.452,831.843,3.85,948.609,20.9,14.404,0
78.276,114.937,0.495,878.925,3.076,921.351,12.483,9.687,0
66.265,116.501,0.487,848.068,3.032,967.45,14.814,16.57,0
90.813,101.281,0.507,677.532,3.057,947.197,18.608,7.402,0
67.27,114.859,0.413,953.24,3.412,941.821,11.471,11.61,0
67.393,135.031,0.46,938.846,3.399,975.957,19.049,10.584,0
69.855,112.594,0.433,882.72,3.329,973.226,12.427,12.561,0
74.329,144.5,0.467,878.385,3.361,974.065,18.234,13.362,0
73.573,149.667,0.39,731.66,3.129,974.671,19.458,11.38,0
75.122,119.148,0.436,705.336,3.556,953.211,18.426,8.865,0
76.476,81.077,0.502,683.901,3.162,972.249,20.579,14.058,0
84.091,102.375,0.519,803.919,2.851,972.087,24.473,8.711,0
84.074,111.549,0.46,869.789,3.236,907.744,27.076,7.153,0
69.055,122.85,0.412,822.274,3.291,964.967,13.345,19.267,0
73.231,128.127,0.447,969.606,3.428,930.328,17.577,12.96,0
82.076,97.732,0.443,781.559,3.303,923.562,11.038,9.94,0
78.566,108.143,0.49,783.763,3.522,928.827,18.491,7.247,0
88.969,123.471,0.408,860.218,3.085,946.565,20.969,13.303,0
96.929,131.437,0.585,3293.424,3.111,940.457,29.679,24.871,1
70.225,107.353,0.449,989.793,3.144,955.807,20.38,10.246,0
83.254,113.867,0.516,835.858,3.161,915.624,20.368,10.27,0
81.72,109.375,0.436,890.312,3.347,956.17,24.455,12.629,0
87.955,141.995,0.446,950.347,2.842,912.236,19.538,17.038,0
77.817,142.483,0.459,827.775,3.247,967.066,17.584,11.898,0
75.033,127.507,0.495,697.563,3.195,940.053,17.788,11.586,0
69.921,106.279,0.504,802.946,3.145,951.899,17.609,15.32,0
77.747,108.199,0.441,777.474,3.288,902.319,25.337,12.324,0
86.455,90.878,0.462,813.534,3.536,980.779,17.681,6.906,0
70.215,106.987,0.482,784.574,3.229,956.253,16.324,10.193,0
75.761,116.393,0.383,909.05,3.312,950.696,21.005,8.429,0
60.329,114.506,0.375,946.692,3.117,975.315,19.034,17.082,0
89.892,119.541,0.377,771.452,3.206,927.51,24.73,13.074,0
78.333,91.396,0.403,970.77,3.298,919.621,15.211,8.899,0
76.404,104.482,0.486,840.312,3.423,925.68,14.597,11.202,0
82.802,126.474,0.449,701.954,3.331,939.453,23.27,8.006,0
73.258,122.852,0.439,817.571,2.986,939.504,21.366,8.883,0
68.55,116.143,0.437,902.244,3.396,918.026,13.498,14.206,0
59.914,122.199,0.482,899.536,3.628,940.991,11.2,12.071,0
75.496,112.231,0.421,735.298,3.174,958.967,16.846,4.788,0
82.286,129.648,0.445,848.828,3.329,948.928,18.259,17.266,0
75.054,135.76,0.473,830.116,3.17,966.989,16.972,4.618,0
79.894,125.925,0.391,905.379,3.349,946.432,27.741,5.107,0
71.533,82.187,0.351,932.531,3.466,949.943,17.367,9.879,0
73.755,142.607,0.375,840.516,3.401,1006.495,18.36,11.978,0
92.654,114.681,0.428,930.611,3.064,938.987,20.483,14.998,0
85.463,127.014,0.467,782.338,2.853,946.277,23.698,11.35,0
78.922,143.727,0.473,703.901,3.182,920.756,20.128,19.721,0
76.67,151.769,0.444,868.978,3.409,984.444,17.2,11.001,0
62.593,138.216,0.432,894.317,3.366,941.188,12.461,12.658,0
65.087,117.54,0.476,800.033,3.041,940.724,17.905,9.168,0
63.198,123.211,0.482,845.722,3.394,977.247,14.616,8.781,0
80.741,111.104,0.433,852.872,3.275,922.083,14.063,13.692,0
68.929,110.565,0.382,968.509,3.134,908.487,19.061,11.851,0
81.237,109.463,0.423,1080.423,3.222,985.611,24.991,12.146,0
86.307,88.586,0.436,633.375,3.679,913.917,21.006,8.536,0
74.439,121.715,0.512,813.592,3.494,949.608,23.693,15.103,0
65.354,120.545,0.482,988.206,3.171,959.967,25.075,4.363,0
80.976,111.938,0.496,834.47,3.162,977.53,22.645,12.38,0
67.666,117.444,0.481,839.719,3.175,928.227,15.791,8.367,0
80.527,147.883,0.496,757.303,3.416,966.949,19.863,10.833,0
72.062,99.006,0.417,940.514,3.436,969.696,23.688,15.161,0
79.148,106.356,0.468,855.766,3.602,947.991,21.51,13.818,0
80.095,103.479,0.475,834.315,3.057,1003.835,19.413,9.646,0
80.539,122.975,0.424,712.781,3.186,924.063,20.436,12.484,0
79.923,122.549,0.488,695.976,3.114,944.482,17.454,14.869,0
67.758,107.537,0.409,826.41,2.881,984.736,16.907,12.638,0
76.326,112.916,0.482,737.803,2.971,953.67,23.179,10.187,0
73.899,124.134,0.448,734.224,3.279,959.805,28.2,12.657,0
55.388,130.722,0.508,858.711,2.916,916.939,17.803,12.434,0
67.445,125.853,0.435,794.625,3.263,964.586,7.861,8.083,0
70.057,108.999,0.47,839.845,3.015,985.484,23.712,11.364,0
57.91,115.675,0.479,968.028,2.981,991.615,13.378,5.357,0
75.76,106.745,0.343,803.822,3.402,926.666,19.087,3.507,0
78.403,114.52,0.363,785.112,3.074,918.258,23.375,10.509,0
67.408,112.898,0.408,915.766,3.36,969.909,24.274,9.937,0
78.843,107.073,0.524,888.816,3.234,925.821,14.345,18.402,0
68.075,125.274,0.487,956.309,3.155,910.078,17.128,15.393,0
55.778,137.673,0.384,897.3,3.303,915.311,18.203,7.443,0
85.686,119.075,0.394,720.336,3.403,954.251,14.565,7.29,0
74.366,121.548,0.445,702.002,2.938,1002.183,21.317,8.199,0
98.98,209.485,0.625,1839.319,2.835,1005.437,38.465,29.3,1
78.247,144.321,0.433,963.917,3.42,946.133,17.357,9.039,0
71.627,125.793,0.397,928.184,3.509,971.308,20.264,6.881,0
76.333,142.345,0.419,791.061,3.256,936.526,23.093,11.688,0
80.033,108.188,0.419,835.672,2.931,945.97,12.865,12.383,0
64.84,98.496,0.413,843.569,3.305,965.236,17.59,10.5,0
63.371,104.156,0.471,773.134,3.209,924.775,14.402,9.627,0
82.209,114.802,0.392,999.134,3.303,877.66,17.781,10.233,0
75.24,99.915,0.446,951.098,3.743,993.899,14.332,11.632,0
77.935,113.676,0.468,836.125,2.998,958.806,13.703,16.125,0
87.589,132.459,0.489,884.541,3.484,909.351,18.031,9.455,0
65.807,110.138,0.372,981.925,3.268,973.913,23.56,7.116,0
68.703,126.808,0.469,857.515,3.225,984.227,18.098,12.257,0
70.816,121.615,0.426,845.423,3.103,937.986,22.487,8.832,0
79.109,109.603,0.433,830.259,2.896,912.041,12.763,17.18,0
69.604,131.751,0.517,843.477,3.143,957.54,23.048,15.65,0
68.954,114.855,0.383,873.218,3.099,972.206,18.516,7.203,0
80.221,114.909,0.455,840.612,2.916,972.994,19.953,8.113,0
86.793,115.171,0.535,782.5,2.978,937.697,15.909,10.298,0
76.064,119.758,0.344,907.797,3.233,918.959,14.333,10.26,0
79.574,134.631,0.46,857.34,2.857,942.897,13.563,7.522,0
63.961,134.642,0.499,756.289,3.253,898.008,13.364,10.651,0
59.302,143.483,0.536,978.754,3.185,941.018,21.571,9.341,0
80.106,114.463,0.402,844.076,3.233,917.267,16.188,10.871,0
61.442,113.814,0.447,789.73,3.145,948.881,12.89,8.947,0
79.098,98.819,0.503,916.317,3.213,947.295,14.775,13.328,0
72.887,116.238,0.388,743.158,3.038,935.271,18.955,14.233,0
76.416,104.465,0.447,848.01,3.277,979.92,12.612,9.029,0
63.909,124.23,0.44,880.613,3.262,923.623,15.465,12.031,0
74.72,104.303,0.475,919.061,3.155,948.55,9.779,15.103,0
73.566,127.123,0.467,854.667,3.205,921.008,14.437,11.451,0
83.579,122.111,0.529,836.877,3.021,950.04,19.249,10.528,0
83.691,195.08,0.598,3675.049,2.758,946.578,31.618,37.004,1
74.033,117.904,0.411,841.909,3.155,937.869,13.523,11.894,0
67.758,124.78,0.513,841.483,3.463,971.082,16.055,12.403,0
58.634,126.251,0.428,821.536,3.469,968.879,15.707,12.677,0
76.435,96.528,0.405,804.169,3.497,924.328,17.721,11.332,0
80.356,134.501,0.406,885.733,3.033,946.892,20.619,13.591,0
70.191,138.263,0.451,739.229,3.333,982.256,18.002,11.024,0
75.593,125.741,0.383,808.26,2.925,991.673,21.269,12.34,0
92.281,130.549,0.412,836.177,3.184,916.509,22.116,13.866,0
68.121,130.104,0.436,891.918,2.845,979.167,18.018,5.969,0
74.757,138.79,0.387,799.788,3.144,975.538,18.868,13.936,0
56.58,99.124,0.404,905.518,3.11,981.705,13.232,15.649,0
74.794,138.17,0.39,951.782,2.898,952.903,18.815,10.114,0
64.375,105.86,0.396,923.205,3.112,962.638,20.09,15.51,0
82.166,104.233,0.448,795.152,3.212,955.723,20.354,17.314,0
75.016,90.704,0.416,745.363,3.567,982.667,15.009,9.739,0
65.495,116.962,0.443,981.71,3.02,959.471,13.329,13.371,0
79.121,127.255,0.449,784.862,3.352,915.173,18.213,11.175,0
83.27,112.201,0.514,1075.006,3.006,917.941,15.78,14.552,0
68.411,106.629,0.43,865.536,3.622,971.307,24.707,8.878,0
73.164,113.997,0.409,964.514,3.234,982.1,12.733,11.111,0
75.564,113.899,0.376,720.255,3.196,983.119,13.842,10.595,0
89.837,105.861,0.408,675.699,3.342,901.126,16.073,13.445,0
82.237,123.235,0.511,832.161,3.205,964.595,15.039,15.997,0
72.103,111.079,0.472,820.315,3.022,981.213,14.72,16.007,0
82.04,116.43,0.486,732.29,3.5,930.044,10.759,5.942,0
73.287,132.277,0.509,804.491,3.226,932.116,22.71,13.154,0
77.647,118.176,0.42,797.609,3.221,937.916,19.631,9.007,0
70.158,99.277,0.414,889.025,3.274,948.169,22.082,6.796,0
72.115,111.536,0.416,824.722,3.232,961.373,20.943,14.036,0
70.412,135.121,0.419,911.483,3.015,940.135,18.845,15.988,0
81.713,133.138,0.425,971.78,3.142,941.15,23.12,13.986,0
76.792,123.828,0.442,965.377,3.208,963.318,20.559,8.831,0
89.869,144.131,0.393,850.689,2.999,960.647,18.226,10.712,0
85.442,108.757,0.472,702.338,2.953,917.563,21.252,10.584,0
75.104,156.823,0.468,854.382,2.977,931.572,17.088,11.344,0
75.528,125.261,0.369,748.671,3.339,986.212,16.909,9.843,0
81.729,112.973,0.55,993.406,3.451,947.194,14.694,13.805,0
72.932,121.043,0.532,956.604,3.359,945.006,15.885,10.578,0
71.148,120.093,0.464,847.047,3.163,929.487,22.373,14.043,0
71.176,122.702,0.417,866.158,3.416,995.697,15.126,11.005,0
62.175,116.519,0.346,781.395,3.577,935.663,14.596,10.154,0
67.388,123.363,0.383,907.308,3.207,914.357,18.273,13.082,0
73.008,108.033,0.414,942.796,3.12,969.11,17.504,10.458,0
70.905,101.628,0.468,946.129,3.42,957.345,12.884,15.336,0
83.327,124.57,0.442,846.083,3.467,970.638,18.869,9.922,0
65.912,114.507,0.501,784.966,3.315,930.5,22.132,13.827,0
79.234,155.035,0.43,683.41,3.181,950.74,26.065,17.98,0
79.475,133.548,0.476,975.912,2.899,887.584,17.665,12.668,0
60.198,91.958,0.438,750.652,3.108,939.48,15.226,10.961,0
73.817,125.167,0.43,999.857,3.297,944.308,7.586,12.871,0
55.574,115.884,0.437,868.502,3.033,976.388,16.957,11.81,0
64.022,129.055,0.44,914.958,2.971,946.034,16.614,13.204,0
106.956,122.96,0.395,960.654,3.414,953.623,21.397,13.353,0
73.811,110.817,0.401,905.324,3.433,957.937,21.298,8.434,0
71.377,121.956,0.507,834.651,3.313,959.59,10.79,12.293,0
77.796,138.131,0.477,844.278,2.947,940.706,9.367,14.083,0
60.699,106.485,0.368,724.536,3.292,930.156,18.74,18.313,0
84.093,108.87,0.405,697.585,3.297,909.003,15.212,16.437,0
81.045,149.38,0.515,859.088,3.331,902.469,18.652,9.425,0
81.154,106.693,0.447,755.462,3.194,941.313,21.538,12.496,0
82.433,132.001,0.485,825.908,3.245,944.914,14.227,15.063,0
71.854,132.896,0.43,729.858,3.129,929.213,20.221,13.91,0
78.965,131.081,0.456,806.135,3.04,961.339,18.544,16.864,0
85.099,150.562,0.484,958.755,3.33,890.044,16.667,11.065,0
78.177,120.767,0.422,907.324,3.529,936.156,22.153,16.3,0
68.441,109.775,0.437,859.318,3.071,949.45,26.749,11.881,0
65.627,136.611,0.487,875.117,3.351,957.044,9.945,14.578,0
71.69,92.831,0.487,919.4,3.229,927.531,17.886,12.18,0
86.011,139.916,0.499,746.418,3.288,955.204,21.119,12.097,0
88.672,105.514,0.432,910.569,3.686,1006.027,13.397,7.831,0
79.866,123.057,0.467,776.237,3.076,960.278,14.439,13.638,0
74.187,124.021,0.424,996.331,3.275,969.583,18.321,8.245,0
77.49,121.686,0.423,922.806,3.452,912.015,18.331,16.661,0
79.154,114.196,0.42,849.397,3.308,906.484,15.521,8.661,0
75.009,151.856,0.533,865.263,3.34,978.932,17.201,12.483,0
80.337,147.997,0.422,904.22,3.003,978.544,13.911,14.978,0
84.548,108.827,0.447,807.656,3.448,977.924,13.29,10.502,0
81.075,127.935,0.468,970.059,3.047,952.837,21.091,17.179,0
78.634,91.523,0.491,1114.423,3.182,989.796,18.339,6.736,0
71.283,101.809,0.414,841.187,3.283,923.617,23.557,14.444,0
64.558,108.517,0.452,952.434,3.516,954.423,11.221,13.708,0
78.653,104.209,0.42,938.689,3.484,944.964,29.492,12.363,0
70.636,106.223,0.433,772.137,3.358,970.416,16.428,12.572,0
73.7,117.065,0.482,807.597,2.913,989.678,13.263,14.442,0
75.027,144.752,0.455,816.554,3.244,970.699,21.268,14.344,0
75.272,100.923,0.472,955.737,3.349,870.224,21.762,10.694,0
73.455,120.783,0.412,948.615,3.042,976.604,21.519,8.011,0
62.934,107.673,0.435,801.923,3.416,1005.643,21.133,14.589,0
74.665,82.122,0.401,1112.116,2.963,926.231,23.1,10.986,0
76.662,116.922,0.382,825.427,3.179,964.601,15.436,10.986,0
80.755,133.338,0.402,911.38,3.435,924.669,18.141,18.417,0
77.762,115.455,0.531,768.711,3.184,928.988,11.841,14.224,0
77.625,86.414,0.437,792.342,3.591,949.653,18.457,17.359,0
80.167,118.269,0.435,912.277,3.001,973.936,18.045,5.682,0
80.071,97.685,0.529,815.511,2.801,939.854,15.715,11.326,0
62.471,134.542,0.512,809.761,3.217,997.659,17.859,9.371,0
85.293,132.879,0.471,781.848,2.989,986.05,19.582,13.549,0
81.26,122.773,0.445,899.541,2.959,941.717,14.787,17.171,0
75.789,115.016,0.482,868.555,3.021,948.816,19.824,9.034,0
77.851,112.665,0.511,961.928,3.225,960.919,20.489,13.918,0
67.01,117.529,0.368,1010.392,3.28,920.303,18.505,16.328,0
68.998,106.397,0.467,927.619,3.253,950.223,16.796,13.19,0
89.425,106.54,0.508,772.357,2.971,907.114,19.515,12.023,0
78.533,137.788,0.436,747.558,3.073,985.995,12.565,11.838,0
61.688,124.778,0.457,784.268,3.084,940.638,14.654,14.202,0
80.101,105.788,0.554,857.549,3.596,953.588,17.691,7.354,0
61.247,104.709,0.337,877.286,3.141,952.652,17.131,13.712,0
85.91,128.691,0.396,781.414,3.221,939.86,15.467,11.705,0
83.661,111.751,0.429,824.091,3.215,938.152,22.92,11.579,0
71.367,121.734,0.431,764.285,3.182,979.862,15.175,13.633,0
85.029,136.586,0.613,1041.911,2.882,866.015,86.23,18.782,1
84.187,122.773,0.435,821.66,3.147,924.919,24.276,10.445,0
75.908,120.819,0.425,821.259,3.337,985.746,14.538,10.937,0
124.03,200.087,0.697,2227.136,2.301,1033.776,36.919,36.799,1
67.526,153.265,0.47,994.055,3.183,933.29,15.518,10.597,0
84.849,141.007,0.502,877.201,3.191,938.025,20.786,14.102,0
90.898,119.1,0.462,775.261,3.205,974.309,19.197,14.836,0
57.91,107.53,0.424,802.06,3.226,969.291,21.29,12.496,0
60.157,107.9,0.43,893.377,3.326,927.254,17.174,9.363,0
72.625,140.354,0.444,930.517,3.028,979.262,12.837,14.712,0
72.439,108.336,0.358,1012.462,3.377,958.598,18.519,10.614,0
78.789,101.603,0.462,873.775,2.836,1013.587,25.739,8.353,0
68.247,128.377,0.388,720.01,3.209,955.454,9.658,13.024,0
82.32,134.803,0.45,924.421,2.96,962.909,21.897,9.928,0
70.878,112.053,0.457,876.687,3.626,963.148,14.262,11.507,0
65.365,137.178,0.385,894.834,3.256,960.521,17.804,14.399,0
84.975,90.115,0.493,851.431,3.096,930.044,24.196,14.415,0
77.459,121.967,0.455,813.309,3.244,915.262,11.801,10.145,0
72.672,91.934,0.422,908.155,3.242,928.079,10.347,12.62,0
95.414,130.645,0.421,1121.96,2.684,853.801,80.355,17.544,1
76.584,106.837,0.473,983.688,3.313,973.412,17.035,7.082,0
82.605,106.806,0.359,825.386,3.37,922.422,18.291,14.077,0
71.548,132.391,0.451,830.321,3.227,901.698,19.344,10.87,0
76.021,95.957,0.521,794.937,3.221,951.344,23.099,8.84,0
79.468,134.691,0.435,760.821,3.319,955.304,23.184,10.758,0
77.916,93.921,0.511,793.716,2.931,924.533,17.119,10.035,0
84.012,116.949,0.521,877.265,3.31,936.855,17.883,15.663,0
81.39,132.371,0.514,834.873,3.493,935.992,13.835,10.499,0
80.229,119.816,0.504,857.185,3.436,970.375,14.381,13.72,0
75.109,114.203,0.477,790.535,3.284,923.816,19.189,10.268,0
81.064,110.836,0.425,806.851,3.304,969.237,15.848,14.855,0
65.91,94.634,0.578,851.185,3.152,944.802,19.079,18.323,0
72.875,108.881,0.448,865.011,3.381,952.357,14.759,12.744,0
72.443,122.706,0.442,799.816,3.153,992.313,14.244,9.242,0
80.131,141.93,0.443,895.72,2.961,949.259,10.64,15.791,0
62.13,151.269,0.347,859.574,2.778,962.443,21.423,11.081,0
78.811,94.29,0.506,948.156,3.315,955.764,19.51,10.64,0
65.548,110.733,0.439,775.479,2.817,896.4,16.763,9.734,0
65.534,129.488,0.539,972.766,3.287,969.011,20.011,14.04,0
74.787,101.43,0.494,913.96,3.181,916.571,14.388,12.385,0
75.119,138.678,0.444,918.249,3.207,986.48,19.103,7.868,0
87.525,121.558,0.512,852.688,3.249,927.985,20.767,8.118,0
75.05,116.472,0.538,928.925,3.044,898.744,10.41,7.095,0
88.49,114.155,0.462,862.549,3.072,973.023,16.912,14.358,0
74.901,124.206,0.517,708.284,3.457,936.633,19.931,14.039,0
78.663,135.361,0.407,932.069,3.519,959.973,21.388,13.015,0
84.784,136.026,0.498,709.133,3.455,962.113,18.356,13.536,0
70.109,122.223,0.41,916.486,3.503,947.052,21.859,15.268,0
77.23,117.38,0.382,758.174,3.13,973.443,15.972,9.169,0
71.567,127.12,0.458,823.41,2.828,975.177,18.87,17.934,0
74.755,96.096,0.422,955.661,3.104,968.972,18.594,14.381,0
67.358,128.539,0.481,861.643,3.003,927.493,15.738,11.081,0
80.633,103.762,0.35,822.824,3.343,989.391,20.745,7.066,0
72.559,129.191,0.453,947.43,3.383,922.449,12.303,16.775,0
88.458,101.161,0.389,783.638,3.186,948.715,19.354,9.829,0
80.0,119.855,0.388,755.428,3.348,990.606,16.477,12.65,0
80.12,114.37,0.419,914.359,3.341,988.111,17.135,9.914,0
87.495,106.77,0.455,702.405,2.953,954.29,15.012,8.879,0
84.706,85.805,0.478,907.008,3.1,1013.55,17.247,14.3,0
73.879,117.523,0.512,881.691,3.221,933.679,18.102,5.708,0
76.25,83.805,0.45,897.281,3.061,918.055,14.483,11.679,0
87.033,113.981,0.448,913.989,3.119,954.016,15.173,13.243,0
82.966,126.135,0.491,834.123,3.233,995.58,26.295,7.431,0
73.109,106.87,0.481,888.552,3.188,885.712,18.689,8.596,0
76.622,118.428,0.477,997.73,3.656,911.557,26.742,11.747,0
68.872,95.493,0.47,885.547,2.757,949.04,18.499,14.666,0
77.369,133.263,0.542,853.271,3.26,974.26,17.058,13.881,0
76.268,131.472,0.456,861.817,2.73,954.135,22.501,15.505,0
58.41,101.352,0.405,892.864,3.043,951.471,18.589,15.137,0
78.451,133.244,0.465,881.42,3.333,993.133,18.22,14.173,0
79.677,131.724,0.422,810.036,3.1,925.613,23.109,16.38,0
76.121,140.929,0.5,905.74,3.042,926.954,18.181,14.054,0
74.026,119.248,0.429,896.949,3.1,953.589,21.397,12.871,0
89.114,185.239,0.596,2933.555,2.849,971.556,26.466,34.757,1
84.993,122.69,0.51,888.037,3.147,978.211,20.633,16.993,0
75.377,140.751,0.381,985.6,3.482,956.487,18.376,12.928,0
78.902,120.451,0.528,908.312,3.477,928.991,15.36,9.03,0
79.414,122.442,0.574,821.651,2.851,930.711,14.836,11.633,0
87.569,120.05,0.499,792.8,3.131,949.092,22.055,13.336,0
71.763,140.88,0.473,757.514,3.247,973.817,23.691,14.117,0
81.617,119.848,0.446,833.191,3.082,919.163,19.761,11.238,0
68.508,130.053,0.454,741.3,3.006,996.915,26.354,11.017,0
77.124,108.289,0.419,619.021,3.109,923.52,19.232,19.303,0
65.536,133.05,0.477,823.325,3.065,885.161,14.369,8.699,0
82.374,134.128,0.448,844.007,3.155,936.89,19.34,10.899,0
76.984,98.384,0.454,959.476,3.095,999.63,18.507,13.078,0
74.188,122.568,0.414,903.49,3.197,980.188,19.486,16.229,0
92.094,121.447,0.492,801.867,3.114,964.824,21.744,13.247,0
80.749,123.349,0.517,1019.591,3.127,958.487,17.73,11.379,0
80.472,114.192,0.38,811.575,3.139,972.853,14.907,12.325,0
70.581,115.759,0.48,725.977,3.161,971.127,19.051,12.634,0
72.16,118.576,0.45,831.204,3.347,952.817,18.247,17.384,0
68.666,132.898,0.49,843.35,3.441,911.705,19.449,14.295,0
74.069,128.025,0.391,941.911,2.803,940.959,15.804,6.647,0
86.729,195.967,0.665,3804.876,3.031,920.907,35.771,27.529,1
74.989,133.633,0.445,891.072,3.101,918.481,14.616,15.181,0
81.017,84.26,0.363,708.799,2.989,943.773,17.441,13.839,0
86.539,112.866,0.462,775.818,3.294,947.0,19.049,14.224,0
89.341,101.076,0.451,931.743,3.56,947.186,15.011,12.307,0
69.102,133.981,0.492,830.26,3.2,921.411,18.996,8.278,0
76.449,86.775,0.443,904.764,3.111,928.675,15.2,17.297,0
78.996,122.167,0.471,853.892,2.791,950.961,25.691,13.355,0
69.915,111.844,0.487,864.087,2.884,955.085,23.968,14.082,0
81.294,125.864,0.463,843.191,3.199,949.418,18.57,9.716,0
56.097,92.903,0.364,930.591,3.321,963.801,23.633,10.872,0
70.401,122.926,0.448,861.86,3.148,948.249,13.715,8.95,0
70.603,131.682,0.484,865.66,3.53,935.521,18.982,13.727,0
61.008,104.226,0.446,721.822,3.587,950.435,18.454,9.591,0
75.113,126.222,0.545,969.798,3.021,954.821,22.687,16.944,0
81.951,119.156,0.489,783.572,3.324,936.487,14.637,10.638,0
60.499,124.586,0.471,920.523,3.401,1001.719,18.031,12.443,0
80.783,112.17,0.484,844.873,3.229,917.153,10.839,13.621,0
78.666,130.659,0.487,916.99,3.351,922.658,16.728,9.989,0
70.177,99.815,0.419,810.801,3.285,972.352,21.491,10.83,0
65.269,118.668,0.387,711.127,3.252,920.53,11.113,11.767,0
64.335,91.432,0.51,674.87,3.2,931.175,18.55,14.362,0
69.709,134.508,0.47,863.788,3.176,904.227,18.089,10.15,0
68.636,132.696,0.572,806.613,3.332,935.192,12.168,13.387,0
58.363,112.986,0.516,830.89,3.118,955.694,12.416,11.931,0
80.167,120.814,0.451,732.912,3.353,920.618,10.373,11.761,0
75.303,124.837,0.44,986.757,3.198,928.231,18.108,15.334,0
73.826,135.165,0.388,831.876,3.368,931.28,16.945,10.297,0
76.103,141.614,0.435,896.906,2.963,983.056,22.208,8.409,0
63.642,114.008,0.402,845.812,3.119,955.523,14.856,15.662,0
68.193,134.922,0.336,792.455,3.271,932.688,15.476,8.116,0
73.281,105.437,0.476,871.796,3.404,997.844,16.333,11.371,0
81.685,139.041,0.38,811.564,3.382,971.401,22.038,9.975,0
80.14,132.127,0.442,745.477,3.159,957.38,17.221,11.039,0
68.848,110.556,0.432,918.818,3.381,945.433,12.705,8.763,0
87.688,128.67,0.456,712.885,3.304,907.097,14.733,11.454,0
81.993,136.966,0.456,826.947,3.245,944.685,21.914,15.009,0
88.583,145.876,0.439,867.549,3.233,954.035,20.028,9.026,0
86.482,128.308,0.444,864.923,3.48,913.035,14.364,10.876,0
67.56,124.209,0.534,763.172,3.031,901.907,18.098,4.555,0
70.267,102.005,0.467,807.37,3.344,936.718,8.431,10.416,0
86.855,136.23,0.414,738.358,3.461,1002.055,17.24,16.793,0
71.094,134.034,0.51,832.621,3.402,941.456,20.902,16.25,0
95.085,142.14,0.472,898.024,3.077,921.446,20.105,10.924,0
80.218,101.843,0.452,836.703,2.925,978.915,19.277,8.877,0
70.283,138.851,0.535,907.48,3.563,977.995,6.308,3.684,0
71.428,116.985,0.512,867.796,3.289,927.001,23.274,14.817,0
72.073,133.214,0.561,716.939,3.365,975.883,18.357,7.935,0
67.071,114.732,0.468,1020.861,3.461,989.372,20.168,13.072,0
82.018,96.348,0.471,869.644,3.288,924.324,17.333,8.769,0
75.96,106.328,0.388,919.024,3.394,941.709,22.236,12.941,0
75.11,109.96,0.496,733.378,3.182,941.863,19.085,14.156,0
78.157,118.475,0.39,690.066,3.326,950.38,22.058,16.061,0
83.291,121.934,0.383,839.17,3.231,1007.835,21.423,9.14,0
73.685,97.545,0.536,783.231,3.112,937.82,14.025,17.713,0
68.981,117.732,0.457,860.933,3.409,972.683,13.523,13.521,0
74.741,125.485,0.466,848.346,3.297,948.719,20.258,7.895,0
62.197,112.573,0.474,797.232,3.1,932.179,12.106,14.925,0
81.927,124.473,0.404,1088.71,2.905,941.258,10.134,11.478,0
77.015,102.768,0.447,755.188,2.941,965.32,14.048,15.966,0
85.851,123.895,0.49,822.476,2.989,966.474,16.611,7.75,0
66.878,147.924,0.493,924.076,2.904,956.903,15.712,15.63,0
75.834,130.242,0.467,1025.489,3.056,984.433,13.153,13.726,0
65.07,97.695,0.535,1005.973,3.45,961.472,16.859,12.495,0
83.759,113.081,0.487,946.375,3.078,920.716,22.8,13.101,0
68.22,111.181,0.474,922.563,2.923,924.993,17.916,11.097,0
69.868,123.547,0.55,805.879,2.775,887.57,20.836,7.252,0
85.441,132.894,0.45,969.402,3.084,964.396,17.49,10.748,0
96.704,113.055,0.377,882.671,3.503,983.932,21.503,9.706,0
82.996,132.657,0.426,833.928,3.323,1004.875,26.191,11.462,0
96.054,194.641,0.748,2276.113,2.536,1054.697,44.516,42.829,1
76.77,127.856,0.494,716.426,2.936,991.542,26.161,8.25,0
73.546,137.663,0.517,785.902,3.533,929.478,15.496,14.948,0
60.511,129.273,0.517,925.602,3.463,951.95,16.593,12.275,0
94.379,136.368,0.427,779.83,3.319,959.706,24.449,13.18,0
76.083,114.597,0.381,985.112,3.289,952.953,18.792,12.59,0
65.403,128.446,0.479,977.283,3.152,949.609,20.902,9.419,0
79.623,122.745,0.454,935.394,3.44,946.072,19.001,13.624,0
65.636,97.276,0.443,896.894,3.623,963.697,15.473,15.568,0
81.177,117.629,0.474,803.545,3.383,978.915,20.085,8.946,0
67.793,132.515,0.459,927.709,3.036,962.603,17.205,17.13,0
77.412,108.681,0.42,891.721,2.914,945.169,19.049,10.304,0
70.7,118.955,0.367,951.432,3.169,932.578,16.782,12.986,0
72.235,140.122,0.434,851.229,3.304,900.478,15.6,11.616,0
71.332,117.229,0.451,849.978,3.149,984.036,14.314,8.932,0
77.385,162.997,0.514,1099.478,3.116,876.945,89.262,22.446,1
88.009,120.931,0.445,827.583,2.857,1005.671,23.569,6.766,0
77.752,128.586,0.471,864.858,3.105,942.24,22.871,10.698,0
75.45,138.282,0.431,804.985,2.883,957.243,17.518,12.884,0
82.905,120.368,0.447,833.396,3.324,927.576,23.307,5.997,0
84.12,115.229,0.46,899.742,3.466,945.316,21.56,10.604,0
65.124,123.153,0.482,845.091,3.337,947.446,15.158,13.019,0
60.319,125.88,0.365,820.193,3.157,926.197,21.449,8.276,0
74.516,132.179,0.451,823.705,3.23,932.781,21.266,10.773,0
82.272,118.511,0.472,889.69,3.151,941.967,19.447,13.495,0
77.449,119.57,0.529,717.601,3.038,902.717,18.792,14.549,0
59.574,123.665,0.429,916.959,3.236,933.18,14.923,9.658,0
75.825,101.372,0.518,937.313,3.089,1009.476,25.695,11.36,0
67.726,75.945,0.428,1026.909,3.179,980.035,15.706,15.936,0
74.937,110.151,0.392,758.604,3.46,924.508,9.028,15.233,0
82.403,124.9,0.359,834.209,3.308,946.774,19.307,16.115,0
70.771,125.061,0.464,981.829,3.013,894.832,15.848,10.331,0
122.49,199.549,0.715,2091.878,3.097,1016.947,45.788,43.419,1
79.366,118.535,0.477,737.162,3.059,915.987,17.033,14.825,0
67.496,137.241,0.484,837.391,3.102,951.892,14.098,9.196,0
71.584,141.715,0.371,876.473,3.123,946.373,23.772,12.25,0
71.577,108.977,0.399,882.908,3.14,970.312,13.85,11.749,0
106.92,144.807,0.572,3099.341,2.736,956.129,38.006,32.284,1
68.864,123.796,0.427,890.904,3.017,932.252,17.354,8.493,0
76.033,130.557,0.365,874.794,3.396,895.293,20.29,14.75,0
83.722,112.383,0.466,645.744,3.269,922.831,18.195,11.209,0
68.253,138.196,0.497,857.678,3.407,956.611,18.331,8.547,0
74.077,150.81,0.414,788.763,3.115,965.669,21.692,16.151,0
60.32,130.718,0.383,906.418,3.347,968.19,13.318,13.458,0
75.528,131.652,0.39,754.122,3.243,989.124,15.027,14.32,0
67.326,73.123,0.408,730.519,3.246,954.481,20.454,12.362,0
80.13,98.928,0.543,798.239,3.139,924.176,21.182,7.614,0
60.61,141.382,0.398,863.178,3.264,976.324,21.119,12.067,0
72.016,104.976,0.561,750.363,2.985,943.068,14.824,12.666,0
70.312,139.454,0.447,820.666,3.403,946.704,17.913,12.002,0
76.616,115.452,0.354,954.166,3.427,919.793,21.993,9.318,0
70.02,115.691,0.439,732.716,3.289,916.623,17.415,12.168,0
64.14,119.019,0.469,785.744,3.333,917.983,12.844,9.288,0
66.819,116.508,0.452,796.411,3.267,943.955,20.666,17.09,0
68.404,105.323,0.485,703.564,3.297,972.313,16.994,11.362,0
69.306,127.229,0.445,870.393,3.537,983.114,14.599,12.947,0
61.815,132.646,0.478,784.615,3.253,1005.332,19.992,6.793,0
69.744,126.571,0.556,870.378,3.493,986.631,14.677,10.781,0
80.127,132.01,0.503,920.594,3.134,921.162,19.622,13.625,0
74.325,153.634,0.434,868.186,3.07,931.979,10.753,7.393,0
79.577,136.501,0.458,796.814,2.776,959.178,10.474,9.091,0
74.356,116.813,0.471,803.754,2.924,924.677,10.98,6.235,0
80.187,118.02,0.523,969.65,3.118,922.642,9.647,12.793,0
77.661,140.927,0.48,879.931,3.038,987.072,12.242,10.257,0
84.376,109.779,0.338,858.695,3.312,923.318,12.45,8.406,0
102.39,222.116,0.603,2448.042,3.215,1041.177,34.188,48.324,1
73.296,89.615,0.5,766.512,2.919,972.395,19.775,16.96,0
70.433,112.427,0.396,880.001,3.339,932.171,23.018,11.398,0
64.772,114.88,0.493,833.77,3.241,956.958,20.223,13.181,0
78.65,118.115,0.405,894.886,3.136,950.223,16.59,10.964,0
76.503,185.915,0.543,4090.482,2.814,999.927,27.195,29.392,1
69.877,150.585,0.379,1024.553,3.423,941.728,14.19,8.789,0
71.259,120.556,0.451,774.151,3.205,943.019,17.764,12.095,0
63.772,115.557,0.467,765.017,3.248,971.204,12.002,13.157,0
77.038,135.723,0.376,815.878,2.844,987.633,17.913,9.612,0
70.15,97.086,0.449,875.965,3.239,952.795,16.996,8.676,0
81.533,130.153,0.487,914.093,3.044,974.872,20.926,20.377,0
63.417,116.961,0.361,634.519,2.889,940.551,23.99,13.341,0
84.3,103.617,0.41,980.419,3.164,1024.752,13.733,11.97,0
66.602,117.409,0.454,726.007,3.533,909.978,21.094,9.975,0
72.352,132.427,0.458,876.519,3.529,972.2,20.606,17.09,0
74.247,103.516,0.478,1027.158,3.377,910.351,16.359,12.193,0
72.948,112.027,0.425,750.349,3.195,936.936,16.031,13.501,0
67.941,117.746,0.448,786.665,3.495,915.309,17.678,9.463,0
78.941,137.369,0.433,835.926,3.086,953.401,23.56,15.572,0
68.961,147.67,0.514,856.038,3.054,920.719,23.262,13.688,0
81.173,100.654,0.405,792.911,3.25,983.157,20.321,11.05,0
72.439,125.813,0.39,700.595,3.08,932.997,27.325,7.138,0
82.213,122.051,0.435,888.74,3.203,929.422,19.211,14.24,0
80.071,96.395,0.513,906.851,3.172,970.88,17.667,12.154,0
80.5,113.031,0.439,834.978,3.125,914.128,28.147,14.273,0
73.345,99.148,0.361,876.58,3.468,947.327,19.904,7.669,0
69.28,111.009,0.429,775.093,3.336,949.445,15.26,6.879,0
71.331,99.145,0.443,780.853,3.447,947.942,12.169,20.566,0
83.146,95.852,0.383,976.744,3.128,945.839,17.53,11.032,0
68.442,105.246,0.408,640.553,3.386,976.232,23.493,11.162,0
63.293,140.245,0.42,959.116,3.136,919.811,13.295,12.748,0
69.144,128.555,0.494,769.9,3.445,939.001,17.88,10.422,0
67.853,115.326,0.34,773.939,3.117,950.319,21.876,12.322,0
76.46,111.096,0.34,784.189,3.196,949.345,15.699,7.767,0
91.215,129.911,0.451,775.059,3.184,939.113,21.503,12.731,0
80.546,101.368,0.457,863.619,3.439,958.5,22.407,11.713,0
75.421,124.231,0.422,844.073,3.246,946.804,6.78,9.818,0
66.227,125.367,0.401,815.769,3.427,944.762,21.496,10.084,0
77.366,134.635,0.514,794.37,3.351,953.841,21.122,15.414,0
78.87,123.437,0.452,922.894,3.138,972.394,23.334,9.119,0
83.467,138.092,0.467,789.782,3.125,931.191,11.76,8.351,0
81.331,138.937,0.454,861.843,3.35,956.691,20.608,15.169,0
74.249,137.267,0.429,935.437,2.949,957.98,19.285,8.361,0
62.358,121.705,0.45,846.899,3.257,957.66,15.042,9.629,0
67.634,141.306,0.381,934.673,3.052,980.486,16.839,9.288,0
69.48,107.02,0.458,826.622,3.088,949.878,19.238,12.82,0
80.977,118.645,0.345,906.517,3.283,962.05,18.138,11.298,0
81.107,126.554,0.429,838.608,3.46,920.143,25.516,14.772,0
74.68,128.628,0.434,683.927,3.106,950.421,18.887,12.156,0
71.223,107.167,0.463,885.232,3.207,963.637,24.357,10.887,0
69.14,112.168,0.483,947.289,3.402,977.05,11.545,10.601,0
79.706,143.005,0.497,856.904,3.172,968.267,16.576,12.027,0
88.038,149.995,0.491,899.769,3.112,990.937,14.19,12.708,0
75.73,97.012,0.461,880.354,3.144,929.209,20.55,13.269,0
80.904,132.603,0.404,857.165,2.915,939.095,21.127,11.014,0
68.233,119.421,0.454,855.093,3.05,931.187,18.873,11.732,0
75.004,108.282,0.393,843.875,2.806,930.432,25.676,13.408,0
75.72,112.782,0.41,859.658,2.953,936.057,16.667,12.451,0
71.961,127.185,0.403,817.042,3.058,978.731,16.659,10.145,0
78.435,116.578,0.48,941.283,3.378,1003.015,18.731,15.279,0
65.216,103.221,0.51,894.031,3.503,950.087,22.489,14.333,0
69.383,107.86,0.403,893.744,3.125,943.722,18.842,12.298,0
75.857,140.904,0.448,670.973,3.089,966.444,22.594,15.219,0
75.399,128.417,0.439,821.801,3.028,981.535,16.826,12.131,0
65.063,113.865,0.448,867.201,3.079,943.352,21.734,8.595,0
60.276,140.054,0.419,674.333,3.278,993.748,26.325,11.686,0
96.393,109.851,0.453,852.181,3.112,1006.556,24.697,11.845,0
78.801,118.796,0.441,895.427,3.577,963.898,17.176,11.801,0
83.009,136.796,0.413,849.435,3.464,967.339,19.946,15.252,0
53.636,111.977,0.442,843.237,2.668,925.894,13.048,9.1,0
77.381,85.031,0.503,872.789,3.259,961.292,18.516,13.304,0
74.383,112.572,0.532,882.029,3.351,936.497,15.863,12.791,0
75.698,100.368,0.532,849.605,3.106,899.453,15.316,15.647,0
83.121,120.985,0.53,851.257,3.448,978.237,17.289,9.254,0
70.951,107.211,0.39,949.214,3.374,955.408,20.772,7.54,0
84.923,128.722,0.408,708.104,2.904,883.616,18.742,14.293,0
74.422,129.369,0.544,872.583,2.928,980.477,14.502,13.952,0
83.524,116.265,0.558,966.876,3.188,926.625,20.434,14.942,0
69.472,123.815,0.392,952.754,3.28,973.181,15.576,10.633,0
68.093,113.763,0.458,828.48,3.105,918.018,17.089,11.316,0
79.324,119.745,0.506,676.886,3.216,969.35,18.762,15.54,0
76.378,108.229,0.353,947.649,3.301,989.344,20.545,8.403,0
69.594,130.672,0.589,806.458,3.31,958.202,19.29,8.58,0
73.839,118.361,0.455,898.849,3.424,924.487,23.797,10.085,0
69.356,99.679,0.472,824.487,3.119,969.624,22.202,10.624,0
75.982,140.681,0.543,906.455,3.584,937.267,19.592,17.749,0
76.313,102.385,0.444,836.065,3.308,985.743,21.181,8.692,0
87.411,115.316,0.484,878.697,3.363,943.155,16.927,5.895,0
75.411,120.648,0.477,813.466,3.202,941.71,16.978,8.601,0
66.404,137.614,0.418,877.95,3.022,946.489,17.576,14.196,0
70.996,104.931,0.461,929.219,3.34,952.4,17.783,10.946,0
78.903,111.902,0.484,734.549,2.925,929.993,22.466,11.173,0
75.292,110.711,0.445,950.34,3.006,947.279,15.943,11.367,0
70.672,100.403,0.466,885.79,3.156,981.21,20.406,11.48,0
67.195,122.259,0.427,836.921,3.068,962.067,22.359,9.821,0
84.005,87.996,0.363,835.864,3.069,983.357,18.218,10.716,0
68.86,110.472,0.346,764.672,3.42,959.42,19.874,13.704,0
87.829,116.64,0.54,817.411,3.57,953.04,24.526,14.768,0
84.422,123.608,0.405,897.466,3.464,974.061,16.496,10.808,0
72.965,117.94,0.383,851.017,2.936,925.4,20.52,9.649,0
64.808,122.82,0.549,870.549,3.073,923.981,23.222,6.631,0
87.466,115.16,0.464,844.619,3.242,939.19,14.908,12.952,0
77.284,137.841,0.504,812.237,3.22,908.109,20.473,11.549,0
89.554,106.438,0.435,820.097,3.084,968.151,12.886,8.907,0
79.286,89.767,0.469,826.372,3.121,956.029,20.888,14.406,0
81.515,144.304,0.449,799.719,3.502,996.785,20.998,12.999,0
69.932,116.871,0.425,920.849,3.236,949.859,11.511,12.414,0
67.065,100.569,0.401,930.436,3.07,967.798,16.242,10.091,0
60.262,130.064,0.49,848.912,3.278,953.799,15.043,13.03,0
75.851,114.937,0.511,917.383,3.414,944.756,21.597,12.808,0
80.346,129.675,0.36,702.483,2.918,964.139,15.172,13.547,0
68.131,118.064,0.544,735.267,3.287,935.992,15.456,14.745,0
85.925,118.673,0.432,819.085,3.259,921.885,15.529,13.664,0
89.234,129.065,0.472,771.776,2.94,966.838,20.953,14.639,0
67.081,127.342,0.433,1007.44,3.211,951.7,14.564,11.77,0
62.679,136.814,0.421,835.61,3.113,919.659,20.269,13.555,0
75.881,122.755,0.45,945.773,3.103,897.616,22.771,12.499,0
75.364,149.479,0.447,878.015,3.708,942.201,14.341,15.951,0
73.251,127.761,0.547,855.692,3.527,959.674,18.818,12.471,0
96.301,140.019,0.435,776.054,3.224,915.473,11.995,12.832,0
67.525,123.04,0.383,821.143,3.095,940.159,12.598,13.055,0
81.991,130.018,0.462,996.028,3.166,895.266,21.385,11.545,0
72.739,123.342,0.45,850.33,3.122,956.403,14.763,15.677,0
74.275,143.489,0.448,914.344,2.921,933.49,15.717,13.619,0
82.549,133.033,0.395,733.235,3.051,971.36,23.463,11.714,0
78.739,147.859,0.446,855.466,3.282,968.103,25.495,11.032,0
81.976,79.336,0.453,925.254,3.13,924.064,10.982,4.432,0
70.008,99.962,0.458,859.462,2.983,984.541,22.547,12.733,0
75.67,131.398,0.441,848.778,3.449,1003.319,14.745,8.375,0
71.808,117.066,0.439,792.228,3.278,985.976,22.032,14.379,0
67.402,113.436,0.447,892.03,3.054,971.692,9.59,8.341,0
81.35,119.124,0.392,797.291,3.375,983.072,14.218,8.681,0
86.397,104.296,0.499,813.345,3.04,926.345,17.792,16.476,0
69.129,107.677,0.375,846.559,3.201,924.002,20.364,15.099,0
80.771,128.344,0.498,889.972,3.057,942.64,17.168,9.334,0
86.686,114.504,0.485,878.623,3.321,967.89,16.101,12.987,0
88.563,111.139,0.441,881.811,3.024,952.011,17.843,10.198,0
64.418,125.871,0.375,860.995,3.153,967.725,12.128,17.111,0
80.445,88.505,0.457,885.76,2.923,915.586,13.826,11.912,0
73.864,124.276,0.464,877.729,3.134,934.154,16.139,10.228,0
66.069,94.443,0.447,672.121,3.295,945.504,9.403,15.328,0
72.255,116.498,0.437,1058.943,3.608,983.244,18.477,10.381,0
102.119,134.094,0.505,1181.764,2.736,826.883,75.455,28.222,1
65.932,117.438,0.484,990.426,3.304,938.168,18.718,10.96,0
79.452,107.14,0.359,896.919,3.206,937.785,12.251,5.26,0
66.299,109.986,0.497,968.791,3.327,943.612,25.417,13.869,0
81.502,100.96,0.486,818.642,3.29,968.852,15.693,12.209,0
81.237,116.54,0.437,1022.03,3.24,973.047,9.881,10.78,0
74.548,117.687,0.494,1076.767,3.229,962.166,21.31,20.514,0
80.572,115.686,0.391,875.209,3.156,926.991,23.825,14.946,0
79.583,125.574,0.372,757.294,3.536,972.23,21.152,12.202,0
76.459,120.596,0.548,836.595,3.074,927.645,16.064,9.7,0
84.741,124.581,0.389,878.923,3.029,978.523,13.583,10.061,0
113.106,160.903,0.516,3595.103,3.262,1034.668,28.049,25.227,1
74.456,124.7,0.421,703.769,3.124,970.539,21.188,6.335,0
80.935,98.067,0.409,802.546,3.144,971.793,17.562,14.434,0
64.513,131.602,0.447,750.954,3.106,951.52,22.398,11.826,0
77.939,119.735,0.53,802.414,2.771,889.635,19.864,17.107,0
75.834,90.678,0.484,983.017,3.308,911.773,15.779,9.975,0
70.271,136.276,0.478,999.426,3.428,947.437,19.77,14.241,0
71.83,145.792,0.425,868.15,2.976,980.582,20.362,7.392,0
75.28,114.21,0.498,704.13,3.089,951.873,12.136,13.142,0
82.009,133.73,0.45,926.405,3.35,934.333,17.316,16.064,0
88.852,105.841,0.426,853.538,3.429,966.547,14.583,15.233,0
78.336,118.861,0.413,661.784,3.102,968.599,17.333,14.821,0
73.269,115.736,0.428,877.902,3.016,953.269,15.705,12.345,0
70.367,113.402,0.466,969.266,3.309,965.426,14.896,11.013,0
81.522,96.868,0.523,902.275,3.191,967.247,18.055,9.292,0
75.289,119.299,0.404,794.406,2.944,969.483,18.446,13.133,0
75.477,151.5,0.479,683.723,3.259,938.105,15.029,7.325,0
86.738,119.365,0.461,969.249,3.135,944.915,22.175,12.696,0
73.532,124.311,0.433,846.737,3.195,939.534,20.583,9.584,0
88.149,137.789,0.519,1210.001,3.172,881.011,59.997,22.85,1
71.509,122.925,0.505,936.906,3.115,956.499,19.817,14.373,0
70.417,113.323,0.453,979.891,3.179,953.313,15.004,13.256,0
90.731,113.629,0.505,804.288,3.02,929.971,26.741,11.019,0
